<?xml version="1.0" encoding="UTF-8"?>
<!DOCTYPE mapper PUBLIC "-//mybatis.org//DTD Mapper 3.0//EN" "http://mybatis.org/dtd/mybatis-3-mapper.dtd" >
<mapper namespace="com.cardif.satelite.cpe.dao.CampoLayoutCpeMapper">

	<resultMap id="rmTablaLayout" type="com.cardif.satelite.cpe.bean.CampoLayoutCpeBean">
		<result column="ID_LAYOUT" jdbcType="NUMERIC" property="idLayout" />
		<result column="ID_CAMPO" jdbcType="NUMERIC" property="idCampo" />
		<result column="NOM_COL" jdbcType="VARCHAR" property="nomCol" />
		<result column="ORD_CAMPO" jdbcType="NUMERIC" property="ordCampo" />
		<result column="POS_INI" jdbcType="NUMERIC" property="posIni" />
		<result column="POS_FIN" jdbcType="NUMERIC" property="posFin" />
		<result column="LONGITUD" jdbcType="NUMERIC" property="longitud" />
		<result column="TIPO_DATO" jdbcType="VARCHAR" property="tipoDato" />
		<result column="FORMATO_COL" jdbcType="VARCHAR" property="formatoCol" />
		<result column="FLG_OBL" jdbcType="VARCHAR" property="flgObl" />
		<result column="USU_CREA" jdbcType="VARCHAR" property="usuarioCreacion" />
		<result column="FEC_CREA" jdbcType="DATE" property="fechaCreacion" />
		<result column="USU_MODIFICA" jdbcType="VARCHAR" property="usuarioModificacion" />
		<result column="FEC_MODIFICA" jdbcType="DATE" property="fechaModificacion" />
	</resultMap>
	
	<resultMap id="rmLayoutCab" type="com.cardif.satelite.cpe.bean.LayoutCabCpeBean">
		<result column="Id_Layout" jdbcType="NUMERIC" property="idLayout" />
		<result column="Nom_Layout" jdbcType="VARCHAR" property="nomLayout" />
		<result column="Ext_Layout" jdbcType="VARCHAR" property="extLayout" />
		<result column="Nom_Hoja" jdbcType="VARCHAR" property="nomHoja" />
		<result column="Carsep_Campo" jdbcType="VARCHAR" property="carSepCampo" />
		<result column="Carsep_Registro" jdbcType="VARCHAR" property="carSepRegistro" />
		<result column="Usu_Crea" jdbcType="VARCHAR" property="usuarioCreacion" />
		<result column="Fec_Crea" jdbcType="DATE" property="fechaCreacion" />
		<result column="Usu_Modifica" jdbcType="VARCHAR" property="usuarioModificacion" />
		<result column="Fec_Modifica" jdbcType="DATE" property="fechaModificacion" />
	</resultMap>
	
	<select id="listarLayoutDet"
		parameterType="com.cardif.satelite.cpe.bean.CampoLayoutCpeBean"
		resultMap="rmTablaLayout">
		
		SELECT ID_LAYOUT,
			   ID_CAMPO,
			   NOM_COL,
			   ORD_CAMPO,
			   POS_INI,
			   POS_FIN,
			   LONGITUD,
			   TIPO_DATO,
			   FORMATO_COL,
			   FLG_OBL,
			   USU_CREA,
			   FEC_CREA,
			   USU_MODIFICA,
			   FEC_MODIFICA 
		  FROM CPE_CAMPO_LAYOUT
		 WHERE 1 = 1
		 <if test="idLayout != null">
		 And
		 Id_Layout = #{idLayout, jdbcType=NUMERIC}
		 </if>
		 order by Ord_Campo Asc
		
	</select>
	
	<select id="listarLayoutCab"
		parameterType="com.cardif.satelite.cpe.bean.LayoutCabCpeBean"
		resultMap="rmLayoutCab">
		
		Select
		  Id_Layout,
		  Nom_Layout,
		  Ext_Layout,
		  Nom_Hoja,
		  Carsep_Campo,
		  Carsep_Registro,
		  Usu_Crea,
		  Fec_Crea,
		  Usu_Modifica,
		  Fec_Modifica
		From
		  Cpe_Layout_Cab
		Where
		1=1
		<if test="idLayout != null">
			and
		Id_Layout = #{idLayout, jdbcType=NUMERIC}
		</if>
		order by 1 asc
		
	</select>
</mapper>