<?xml version="1.0" encoding="UTF-8"?>
<!DOCTYPE mapper PUBLIC "-//mybatis.org//DTD Mapper 3.0//EN" "http://mybatis.org/dtd/mybatis-3-mapper.dtd" >
<mapper namespace="com.cardif.satelite.cpe.dao.CargaVentaCabCpeMapper">

	<resultMap id="rmTablaCargaVentaCab" type="com.cardif.satelite.cpe.bean.CargaVentaCabCpeBean">
		<result column="ID_CARGA" jdbcType="NUMERIC" property="idCarga" />
		<result column="ID_ORIGEN" jdbcType="VARCHAR" property="idOrigen" />
		<result column="ID_TIPO_CARGA" jdbcType="VARCHAR" property="idTipoCarga" />
		<result column="NOM_ARCHIVO" jdbcType="VARCHAR" property="nomArchivo" />
		<result column="NUM_REGISTROS" jdbcType="NUMERIC" property="numRegistro" />
		<result column="ESTADO_CARGA" jdbcType="VARCHAR" property="estadoCarga" />
		<result column="FEC_CARGA" jdbcType="DATE" property="fechaCarga" />
		<result column="USU_CARGA" jdbcType="VARCHAR" property="usuarioCarga" />
		<result column="FEC_ARCHIVO" jdbcType="VARCHAR" property="fechaArchivo" />
		<result column="PESO_ARCHIVO" jdbcType="VARCHAR" property="pesoArchivo" />
	</resultMap>
	
	<insert id="insertarCargaVentaCab"
		parameterType="com.cardif.satelite.cpe.bean.CargaVentaCabCpeBean">
		
		<selectKey order="BEFORE" keyProperty="idCarga"
			resultType="java.lang.Long">
			SELECT SEC_CPE_CARGAVENTA_CAB.NEXTVAL FROM DUAL
		</selectKey>
		
		INSERT INTO CPE_CARGAVENTA_CAB
			(
				ID_CARGA,
				ID_ORIGEN,
				ID_TIPO_CARGA,
				NOM_ARCHIVO,
				NUM_REGISTROS,
				ESTADO_CARGA,
				USU_CARGA,
				FEC_CARGA
				
			)
		VALUES
			(
				#{idCarga, jdbcType=NUMERIC},
				#{idOrigen, jdbcType=NVARCHAR},
				#{idTipoCarga, jdbcType=NVARCHAR},
				#{nomArchivo, jdbcType=NVARCHAR},
				#{numRegistro, jdbcType=NUMERIC},
				#{estadoCarga, jdbcType=NVARCHAR},
				#{usuarioCarga, jdbcType=NVARCHAR},
				SYSDATE
			)
	</insert>
	
	<select id="listarCargaVentaCab"
		parameterType="com.cardif.satelite.cpe.bean.CargaVentaCabCpeBean"
		resultMap="rmTablaCargaVentaCab">
		
		SELECT
		    ID_CARGA,
		    ID_ORIGEN,
		    ID_TIPO_CARGA,
		    NOM_ARCHIVO,
		    NUM_REGISTROS,
		    ESTADO_CARGA,
		    FEC_CARGA,
		    USU_CARGA,
		    FEC_ARCHIVO,
		    PESO_ARCHIVO
		FROM
		    CPE_CARGAVENTA_CAB
		WHERE
		1=1
		<if test="idCarga != null">
		AND ID_CARGA = #{idCarga, jdbcType=NUMERIC}
		</if>
		<if test="nomArchivo != null">
	    AND NOM_ARCHIVO = #{nomArchivo, jdbcType=VARCHAR}
	    </if>
	    <if test="estadoCarga != null">
	    AND ESTADO_CARGA = #{estadoCarga, jdbcType=VARCHAR}
	    </if>
		<if test="fechaCarga != null">
	    AND TO_DATE(FEC_CARGA, 'DD-MM-YYYY') = TO_DATE(#{fechaCarga, jdbcType=DATE},'DD-MM-YYYY')
	    </if>
	   	<if test="idOrigen != null">
	    AND ID_ORIGEN = #{idOrigen, jdbcType=VARCHAR}
	    </if>
	</select>
	
	
</mapper>