<?xml version="1.0" encoding="UTF-8"?>
<!DOCTYPE mapper PUBLIC "-//mybatis.org//DTD Mapper 3.0//EN" "http://mybatis.org/dtd/mybatis-3-mapper.dtd" >
<mapper namespace="com.cardif.satelite.cpe.dao.ComprobanteCpeMapper">

	<resultMap id="rmProcesoMasivo" type="com.cardif.satelite.cpe.bean.ProcesoMasivoCpeBean">
		<result column="ID_TIPO_COMP" jdbcType="VARCHAR" property="idTipoComp" />
		<result column="NOM_TIPO_COMP" jdbcType="VARCHAR" property="nomTipoComp" />
		<result column="SERIE_COMP" jdbcType="VARCHAR" property="serieComp" />
		<result column="CORR_COMP" jdbcType="VARCHAR" property="corrComp" />
		<result column="ID_SOCIO" jdbcType="NUMERIC" property="idSocio" />
		<result column="NOM_SOCIO" jdbcType="VARCHAR" property="nomSocio" />
		<result column="ID_PRODUCTO" jdbcType="NUMERIC" property="idProducto" />
		<result column="NOM_PRODUCTO" jdbcType="VARCHAR" property="nomProducto" />
		<result column="NOMCLI_RAZSOC" jdbcType="VARCHAR" property="nomCliRazSoc" />
		<result column="TIPO_MONEDA" jdbcType="VARCHAR" property="tipoMoneda" />
		<result column="NOM_MONEDA" jdbcType="VARCHAR" property="nomMoneda" />
		<result column="IMP_TOTAL" jdbcType="NUMERIC" property="impTotal" />
		<result column="IGV" jdbcType="NUMERIC" property="igv" />
		<result column="ESTADO_COMP" jdbcType="VARCHAR" property="estadoComp" />
		<result column="NOM_ESTADO_COMP" jdbcType="VARCHAR" property="nomEstadoComp" />
		<result column="ID_TIPO_CARGA" jdbcType="VARCHAR" property="idTipoCarga" />
		<result column="NOM_TIPO_CARGA" jdbcType="VARCHAR" property="nomTipoCarga" />
		<result column="FEC_CARGA" jdbcType="DATE" property="fechaCarga" />
		<result column="DESC_ERROR" jdbcType="VARCHAR" property="descError" />
	</resultMap>
	
	<resultMap id="rmTablaComprobante" type="com.cardif.satelite.cpe.bean.ComprobanteCpeBean">
		<result column="ID_COMPROBANTE" jdbcType="NUMERIC" property="idComprobante" />
		<result column="ID_VENTA" jdbcType="NUMERIC" property="idVenta" />
		<result column="ID_TIPO_COMP" jdbcType="VARCHAR" property="idTipoComp" />
		<result column="ID_VENTAPROCESO" jdbcType="NUMERIC" property="idVentaProceso" />
		<result column="ID_EMPRESA" jdbcType="VARCHAR" property="idEmpresa" />
		<result column="ID_SOCIO" jdbcType="NUMERIC" property="idSocio" />
		<result column="ID_PRODUCTO" jdbcType="NUMERIC" property="idProducto" />
		<result column="SERIE_COMP" jdbcType="VARCHAR" property="serieComp" />
		<result column="CORR_COMP" jdbcType="VARCHAR" property="corrComp" />
		<result column="FEC_EMISION" jdbcType="VARCHAR" property="fecEmision" />
		<result column="ESTADO_COMP" jdbcType="VARCHAR" property="estadoComp" />
		<result column="USU_CREA" jdbcType="VARCHAR" property="usuCrea" />
		<result column="FEC_CREA" jdbcType="DATE" property="fecCrea" />
		<result column="COD_ERROR" jdbcType="NUMERIC" property="codError" />
		<result column="DESC_ERROR" jdbcType="VARCHAR" property="descError" />
		<result column="NUM_COMPROBANTE" jdbcType="VARCHAR" property="numComprobante" />
		<result column="ID_PLE" jdbcType="NUMERIC" property="idPle" />
		<result column="FEC_EMI_DATE" jdbcType="DATE" property="fechaEmisionDate" />
	</resultMap>
	
	<insert id="insertarComprobanteCpe"
		parameterType="com.cardif.satelite.cpe.bean.ComprobanteCpeBean">
		
		<selectKey order="BEFORE" keyProperty="idComprobante"
			resultType="java.lang.Long">
			SELECT SEC_CPE_COMPROBANTE.NEXTVAL FROM DUAL
		</selectKey>
		
		INSERT INTO CPE_ECOMPROBANTE
		(
			Id_Comprobante, 
			Id_Venta, 
			Id_Tipo_Comp, 
			Id_Ventaproceso, 
			Id_Empresa, 
			Id_Socio, 
			Id_Producto, 
			Serie_Comp, 
			Corr_Comp, 
			Fec_Emision, 
			Estado_Comp, 
			Usu_Crea, 
			Fec_Crea, 
			Cod_Error, 
			Desc_Error, 
			Num_Comprobante
		)
		Values
		(
			#{idComprobante, jdbcType=NUMERIC},
			#{idVenta, jdbcType=NUMERIC},
			#{idTipoComp, jdbcType=VARCHAR},
			#{idVentaProceso, jdbcType=NUMERIC},
			#{idEmpresa, jdbcType=VARCHAR},
			#{idSocio, jdbcType=NUMERIC},
			#{idProducto, jdbcType=NUMERIC},
			#{serieComp, jdbcType=VARCHAR},
			#{corrComp, jdbcType=VARCHAR},
			TO_DATE(#{fecEmision, jdbcType=VARCHAR},'YYYY-MM-DD hh24:mi:ss'),
			#{estadoComp, jdbcType=VARCHAR},
			#{usuCrea, jdbcType=VARCHAR},
			SYSDATE,
			NULL,
			NULL,
			#{numComprobante, jdbcType=VARCHAR}
		)
		
	</insert>
	
	<select id="filtrarProcesoMasivoCpe"
		parameterType="com.cardif.satelite.cpe.bean.ProcesoMasivoCpeBean"
		resultMap="rmProcesoMasivo">
		
		SELECT
		    C.ID_TIPO_COMP,
		    TIPCOMP.NOM_VALOR AS NOM_TIPO_COMP,
		    C.SERIE_COMP,
		    C.CORR_COMP,
		    C.ID_SOCIO,
		    S.NOM_SOCIO AS NOM_SOCIO,
		    C.ID_PRODUCTO,
		    P.NOM_PRODUCTO AS NOM_PRODUCTO,
		    V.NOMCLI_RAZSOC,
		    V.TIPO_MONEDA,
		    MON.NOM_VALOR AS NOM_MONEDA,
		    V.IMP_TOTAL,
		    V.IGV,
		    C.ESTADO_COMP,
		    ESTCOM.NOM_VALOR AS NOM_ESTADO_COMP,
		    VC.ID_TIPO_CARGA,
		    TIPCAR.NOM_VALOR AS NOM_TIPO_CARGA,
		    VC.FEC_CARGA,
		    C.DESC_ERROR
		FROM
		    CPE_PROCESOCE_VENTA PV
		    INNER JOIN CPE_ECOMPROBANTE C
		        ON PV.ID_VENTAPROCESO = C.ID_VENTAPROCESO
		    INNER JOIN CPE_CARGAVENTA_DET V
		        ON C.ID_VENTA = V.ID_VENTA
		    INNER JOIN CPE_CARGAVENTA_CAB VC
		        ON V.ID_CARGA = VC.ID_CARGA
		    INNER JOIN CPE_PARAMETRO TIPCOMP
		        ON TIPCOMP.COD_PARAM = #{codigoParametro1, jdbcType=VARCHAR} AND TIPCOMP.TIP_PARAM = #{tipoParametro, jdbcType=VARCHAR} AND C.ID_TIPO_COMP = TIPCOMP.COD_VALOR
		    INNER JOIN CPE_SOCIO S
		        ON C.ID_SOCIO = S.ID_SOCIO
		    INNER JOIN CPE_PRODUCTO P
		        ON C.ID_PRODUCTO = P.ID_PRODUCTO
		    INNER JOIN CPE_PARAMETRO MON
		        ON MON.COD_PARAM = #{codigoParametro2, jdbcType=VARCHAR} AND MON.TIP_PARAM = #{tipoParametro, jdbcType=VARCHAR} AND V.TIPO_MONEDA = MON.COD_VALOR
		    INNER JOIN CPE_PARAMETRO ESTCOM
		        ON ESTCOM.COD_PARAM = #{codigoParametro3, jdbcType=VARCHAR} AND ESTCOM.TIP_PARAM = #{tipoParametro, jdbcType=VARCHAR} AND C.ESTADO_COMP = ESTCOM.COD_VALOR
		    INNER JOIN CPE_PARAMETRO TIPCAR
		        ON TIPCAR.COD_PARAM = #{codigoParametro4, jdbcType=VARCHAR} AND TIPCAR.TIP_PARAM = #{tipoParametro, jdbcType=VARCHAR} AND VC.ID_ORIGEN = TIPCAR.COD_VALOR
		WHERE
		    PV.ID_PROCESO = #{idProceso, jdbcType=NUMERIC}
		    <if test="busqIdSocio != null">
		    AND C.ID_SOCIO = #{busqIdSocio, jdbcType=NUMERIC}
		    </if>
		    <if test="busqIdProducto != null">
		    AND C.ID_PRODUCTO = #{busqIdProducto, jdbcType=NUMERIC}
		    </if>
		    <if test="busqIdTipoComp != null">
		    AND C.ID_TIPO_COMP = #{busqIdTipoComp, jdbcType=VARCHAR}
		    </if>
		    <if test="busqIdTipoDocCli != null">
		    AND V.ID_TIPODOC_CLI = #{busqIdTipoDocCli, jdbcType=VARCHAR}
		    </if>
		    <if test="busqTipoMoneda != null">
		    AND V.TIPO_MONEDA = #{busqTipoMoneda, jdbcType=VARCHAR}
		    </if>
		    <if test="busqConcepto != null">
		    AND V.CONCEPTO = #{busqConcepto, jdbcType=VARCHAR}
		    </if>
		    <if test="busqCliente != null">
		    AND UPPER(V.NOMCLI_RAZSOC) like CONCAT(UPPER(#{busqCliente, jdbcType=VARCHAR}), '%')
		    </if>
		    <if test="busqNumComp != null">
		    AND C.NUM_COMPROBANTE = #{busqNumComp, jdbcType=VARCHAR}
		    </if>
		    <if test="busqFechaEmision != null">
		    AND TO_CHAR(C.FEC_EMISION, 'YYYY-MM-DD') = TO_CHAR(#{busqFechaEmision, jdbcType=DATE}, 'YYYY-MM-DD')
		    </if>
		    <if test="busqMonto != null">
		    AND V.IMP_TOTAL = #{busqMonto, jdbcType=NUMERIC}
		    </if>
		    <if test="busqCertificado != null">
		    AND V.NUM_POLIZA = #{busqCertificado, jdbcType=VARCHAR}
		    </if>
		    <if test="busqNumDoc != null">
		    AND V.NUMDOC_CLI = #{busqNumDoc, jdbcType=VARCHAR}
		    </if>
		    <if test="estadoComp != null">
		    AND (C.ESTADO_COMP = #{estadoComp, jdbcType=VARCHAR} OR C.ESTADO_COMP = (CASE WHEN #{estadoComp, jdbcType=VARCHAR} = 4 THEN 6 END) OR C.ESTADO_COMP = (CASE WHEN #{estadoComp, jdbcType=VARCHAR} = 4 THEN 5 END))
		    </if>
		    
	</select>
	
	<update id="actualizarEstadoComprobanteCpe"
		parameterType="com.cardif.satelite.cpe.bean.ComprobanteCpeBean">
		
		Update CPE_ECOMPROBANTE
		Set ESTADO_COMP = #{estadoComp, jdbcType=VARCHAR},
			DESC_ERROR = #{descError, jdbcType=VARCHAR}
		WHERE NUM_COMPROBANTE =  #{numComprobante, jdbcType=VARCHAR}
			AND ID_TIPO_COMP = #{idTipoComp, jdbcType=VARCHAR}
		
	</update>
	
	<select id="obtenerComprobante"
		parameterType="com.cardif.satelite.cpe.bean.ComprobanteCpeBean"
		resultMap="rmTablaComprobante">
		    
		    SELECT 
			    ID_COMPROBANTE,
			    ID_VENTA,
			    ID_TIPO_COMP,
			    ID_VENTAPROCESO,
			    ID_EMPRESA,
			    ID_SOCIO,
			    ID_PRODUCTO,
			    SERIE_COMP,
			    CORR_COMP,
			    FEC_EMISION
			    ESTADO_COMP,
			    USU_CREA,
			    FEC_CREA,
			    COD_ERROR,
			    DESC_ERROR,
			    NUM_COMPROBANTE,
			    ID_PLE,
			    FEC_EMISION AS FEC_EMI_DATE
			FROM
			    cpe_ecomprobante
			WHERE
			1=1
			and ESTADO_COMP != 6
			<if test="idVentaProceso != null">
			and id_ventaproceso = #{idVentaProceso, jdbcType=NUMERIC}
			</if>
			<if test="idVenta != null">
		    and id_venta = #{idVenta, jdbcType=NUMERIC}
		    </if>
		    <if test="codError != null">
		    and cod_error = #{codError, jdbcType=NUMERIC}
		    </if>
	</select>
	
</mapper>