<?xml version="1.0" encoding="UTF-8"?>
<!DOCTYPE mapper PUBLIC "-//mybatis.org//DTD Mapper 3.0//EN" "http://mybatis.org/dtd/mybatis-3-mapper.dtd" >
<mapper namespace="com.cardif.satelite.cpe.dao.ConfiguracionCpeMapper">

	<resultMap id="rmConfiguracion" type="com.cardif.satelite.cpe.bean.ConfiguracionCpeBean">
		<result column="id_empresa" jdbcType="NVARCHAR" property="idEmpresa" />
		<result column="nom_empresa" jdbcType="NVARCHAR" property="nomEmpresa" />
		<result column="id_socio" jdbcType="NUMERIC" property="idSocio" />
		<result column="nom_socio" jdbcType="NVARCHAR" property="nomSocio" />
		<result column="id_producto" jdbcType="NUMERIC" property="idProducto" />
		<result column="nom_producto" jdbcType="NVARCHAR" property="nomProducto" />
		<result column="id_tipo_comp" jdbcType="NVARCHAR" property="idTipoComp" />
		<result column="nom_tipo_comp" jdbcType="NVARCHAR" property="nomTipoComp" />
		<result column="tipo_producto" jdbcType="NVARCHAR" property="tipoProducto" />
		<result column="nom_tipo_producto" jdbcType="NVARCHAR" property="nomTipoProducto" />	
		<result column="afecto_igv" jdbcType="NUMERIC" property="afectoIgv" />
		<result column="ind_pims" jdbcType="NVARCHAR" property="indPims" />
		<result column="estado_config" jdbcType="NVARCHAR" property="estadoConfig" />
		<result column="prefijo" jdbcType="NVARCHAR" property="prefijo" />
		<result column="serie" jdbcType="NVARCHAR" property="serie" />
		<result column="corr_inicial" jdbcType="NUMERIC" property="corInicial" />
		<result column="corr_actual" jdbcType="NUMERIC" property="corActual" />
		<result column="observaciones" jdbcType="NVARCHAR" property="observaciones" />
		<result column="usu_crea" jdbcType="NVARCHAR" property="usuCrea" />
		<result column="fec_crea" jdbcType="DATE" property="fecCrea" />
		<result column="usu_modifica" jdbcType="NVARCHAR" property="usuModifica" />
		<result column="fec_modifica" jdbcType="DATE" property="fecModifica" />	
		<result column="flg_agrupado" jdbcType="NVARCHAR" property="flgAgrupado" />
		<!-- TIP_PER0100_CC09_13 INICIO 2019/05/17 12:47 Se agrega en el resultMap el campo TIPOMOVIMIENTO -->
		<result column="tipoMovimiento" jdbcType="VARCHAR" property="tipoMovimiento" />
		<!-- TIP_PER0100_CC09_13 FIN-->
	</resultMap>
	
	<select id="listarConfiguracion"
		parameterType="com.cardif.satelite.cpe.bean.ConfiguracionCpeBean"
		resultMap="rmConfiguracion">
			
		SELECT
		  C.id_empresa,
		  PA.nom_valor AS nom_empresa,
		  C.id_socio,
		  S.nom_socio,
		  C.id_producto,
		  P.nom_producto,
		  C.id_tipo_comp,
		  PA1.nom_valor AS nom_tipo_comp,
		  P.tipo_producto,
  		  PA2.nom_valor AS nom_tipo_producto,
		  C.afecto_igv,
		  C.ind_pims,
		  C.estado_config,
		  C.prefijo,
		  C.serie,
		  C.corr_inicial,
		  C.corr_actual,
		  C.observaciones,
		  C.usu_crea,
		  C.fec_crea,
		  C.usu_modifica,
		  C.fec_modifica,
		  C.flg_agrupado,
		  <!-- TIP_PER0100_CC09_13 INICIO 2019/05/17 12:45 Se agrega la consulta al campo TIPO_MOVIMIENTO de la tabla PRODUCTO -->
		  P.TIPO_MOVIMIENTO AS tipoMovimiento
		<!-- TIP_PER0100_CC09_13 FIN-->
		FROM
		  CPE_CONFIGURACION C
		  LEFT JOIN CPE_PRODUCTO P ON C.id_socio = P.id_socio AND C.id_producto = P.id_producto
		  LEFT JOIN CPE_PARAMETRO PA ON PA.cod_param = #{codParam1, jdbcType=NVARCHAR} AND PA.tip_param = 'D' AND C.id_empresa = PA.cod_valor
		  LEFT JOIN CPE_PARAMETRO PA1 ON PA1.cod_param = #{codParam2, jdbcType=NVARCHAR} AND PA1.tip_param = 'D' AND C.id_tipo_comp = PA1.cod_valor
		  LEFT JOIN CPE_PARAMETRO PA2 ON PA2.cod_param = #{codParam3, jdbcType=NVARCHAR} AND PA2.tip_param = 'D' AND P.tipo_producto = PA2.cod_valor
		  LEFT JOIN CPE_SOCIO S ON C.id_socio = S.id_socio
		WHERE
			1 = 1
			<if test="estadoConfig != null">
				and C.estado_config = #{estadoConfig, jdbcType=NVARCHAR}
			</if>
			<if test="idEmpresa != null">
				and C.id_empresa = #{idEmpresa, jdbcType=NVARCHAR}
			</if>
			<if test="idSocio != null">
				and C.id_socio = #{idSocio, jdbcType=NUMERIC}
			</if>
			<if test="idProducto != null">
				and C.id_producto = #{idProducto, jdbcType=NUMERIC}
			</if>
			<if test="idTipoComp != null">
				and C.id_tipo_comp = #{idTipoComp, jdbcType=NVARCHAR}
			</if>
			<if test="prefijo != null">
				and C.prefijo = #{prefijo, jdbcType=NVARCHAR}
			</if>
			<if test="tipoProducto != null">
				and P.tipo_producto = #{tipoProducto, jdbcType=NVARCHAR}
			</if>
			<if test="afectoIgv != null">
				and C.afecto_igv = #{afectoIgv, jdbcType=NUMERIC}
			</if>
			<if test="serie != null">
				and C.serie = #{serie, jdbcType=NVARCHAR}
			</if>
			<if test="indPims != null">
				and C.ind_pims = #{indPims, jdbcType=NVARCHAR}
			</if>
		
	</select>
	
	<insert id="insertarConfiguracion"
		parameterType="com.cardif.satelite.cpe.bean.ConfiguracionCpeBean">

		INSERT INTO CPE_CONFIGURACION(
			id_empresa,
			id_socio,
			id_producto,
			id_tipo_comp,
			afecto_igv,
			ind_pims,
			estado_config,
			prefijo,
			serie,
			corr_inicial,
			corr_actual,
			observaciones,
			usu_crea,
		  	fec_crea,
		  	flg_agrupado
		)VALUES(
			#{idEmpresa, jdbcType=NVARCHAR},
			#{idSocio, jdbcType=NUMERIC},
			#{idProducto, jdbcType=NUMERIC},
			#{idTipoComp, jdbcType=NVARCHAR},
			#{afectoIgv, jdbcType=NUMERIC},
			#{indPims, jdbcType=NVARCHAR},
			#{estadoConfig, jdbcType=NVARCHAR},
			#{prefijo, jdbcType=NVARCHAR},
			#{serie, jdbcType=NVARCHAR},
			#{corInicial, jdbcType=NUMERIC},
			#{corActual, jdbcType=NUMERIC},
			#{observaciones, jdbcType=NVARCHAR},
			#{usuCrea, jdbcType=NVARCHAR},
			SYSDATE,
			#{flgAgrupado, jdbcType=NVARCHAR}
		)
	</insert>
	
	<update id="actualizarConfiguracion"
		parameterType="com.cardif.satelite.cpe.bean.ConfiguracionCpeBean">
		UPDATE
			CPE_CONFIGURACION
		SET
			afecto_igv = #{afectoIgv, jdbcType=NUMERIC},
			ind_pims = #{indPims, jdbcType=NVARCHAR},
			estado_config = #{estadoConfig, jdbcType=NVARCHAR},
			<if test="prefijo != null">
			prefijo = #{prefijo, jdbcType=NVARCHAR},
			</if>
			<if test="serie != null">
			serie = #{serie, jdbcType=NVARCHAR},
			</if>
			observaciones = #{observaciones, jdbcType=NVARCHAR},
			usu_modifica = #{usuModifica, jdbcType=NVARCHAR},
			fec_modifica = SYSDATE,
			flg_agrupado = #{flgAgrupado, jdbcType=NVARCHAR}
		WHERE
			id_empresa = #{idEmpresa, jdbcType=NVARCHAR}
			AND id_socio = #{idSocio, jdbcType=NUMERIC}
			AND id_producto = #{idProducto, jdbcType=NUMERIC}
			AND id_tipo_comp = #{idTipoComp, jdbcType=NVARCHAR}
	</update>
	
	<update id="actualizarConfiguracionSerieCorrelativo"
		parameterType="com.cardif.satelite.cpe.bean.ConfiguracionCpeBean">
		UPDATE
			CPE_CONFIGURACION
		SET
			prefijo = #{prefijo, jdbcType=NVARCHAR},
			serie = #{serie, jdbcType=NVARCHAR},
			usu_modifica = #{usuModifica, jdbcType=NVARCHAR},
			fec_modifica = SYSDATE
		WHERE
			id_empresa = #{idEmpresa, jdbcType=NVARCHAR}
			AND id_socio = #{idSocio, jdbcType=NUMERIC}
			AND id_producto = #{idProducto, jdbcType=NUMERIC}
			AND id_tipo_comp = #{idTipoComp, jdbcType=NVARCHAR}
			AND prefijo = #{prefijo, jdbcType=NVARCHAR}
	</update>
	
	<update id="inactivarConfiguracion"
		parameterType="com.cardif.satelite.cpe.bean.ConfiguracionCpeBean">
		UPDATE
			CPE_CONFIGURACION
		SET
			serie = null,
			usu_modifica = #{usuModifica, jdbcType=NVARCHAR},
			fec_modifica = SYSDATE
		WHERE
			id_empresa = #{idEmpresa, jdbcType=NVARCHAR}
			AND id_socio = #{idSocio, jdbcType=NUMERIC}
			AND id_producto = #{idProducto, jdbcType=NUMERIC}	
			AND id_tipo_comp = #{idTipoComp, jdbcType=NVARCHAR}
	</update>
	
	<delete id="eliminarConfiguracion"
		parameterType="com.cardif.satelite.cpe.bean.ConfiguracionCpeBean">
		DELETE FROM
			CPE_CONFIGURACION
		WHERE
			id_empresa = #{idEmpresa, jdbcType=NVARCHAR}
			AND id_socio = #{idSocio, jdbcType=NUMERIC}
			AND id_producto = #{idProducto, jdbcType=NUMERIC}
			AND id_tipo_comp = #{idTipoComp, jdbcType=NVARCHAR}
	</delete>
	
	<select id="listarConfiguracionCpe"
		parameterType="com.cardif.satelite.cpe.bean.ConfiguracionCpeBean"
		resultMap="rmConfiguracion">
		
		Select
		    Id_Empresa,
		    Id_Socio,
		    Id_Producto,
		    Id_Tipo_Comp,
		    Afecto_Igv,
		    Ind_Pims,
		    Estado_Config,
		    Prefijo,
		    Serie,
		    Corr_Inicial,
		    Corr_Actual,
		    Observaciones,
		    Usu_Crea,
		    Fec_Crea,
		    Usu_Modifica,
		    Fec_Modifica
		From
		    Cpe_Configuracion
		Where
		1=1
		<if test="idEmpresa != null">
		And
	    Id_Empresa = #{idEmpresa, jdbcType=VARCHAR}
	    </if>
	    <if test="idSocio != null">
	    And
	    Id_Socio = #{idSocio, jdbcType=NUMERIC}
	    </if>
	    <if test="idProducto != null">
	    And
	    Id_Producto = #{idProducto, jdbcType=NUMERIC}
	    </if>
	    <if test="idTipoComp != null">
	    And
	    Id_Tipo_Comp = #{idTipoComp, jdbcType=VARCHAR}
	    </if>
	    <if test="estadoConfig != null">
	    And
	    Estado_Config = #{estadoConfig, jdbcType=VARCHAR}
	    </if>
	    <if test="flgAgrupado != null">
	    And
	    Flg_Agrupado = #{flgAgrupado, jdbcType=VARCHAR}
	    </if>
	   	<if test="prefijo != null">
	    And
	    prefijo = #{prefijo, jdbcType=VARCHAR}
	    </if>
		
	</select>
	
	<update id="actualizarCorrelativo"
		parameterType="com.cardif.satelite.cpe.bean.ConfiguracionCpeBean">
		
		Update CPE_CONFIGURACION
		Set Corr_Actual = #{corActual, jdbcType=NUMERIC},
		    Usu_Modifica = #{usuModifica, jdbcType=VARCHAR},
		    Fec_Modifica = SYSDATE
		Where
		    Id_Empresa = #{idEmpresa, jdbcType=VARCHAR}
		    And
		    Id_Socio = #{idSocio, jdbcType=NUMERIC}
		    And
		    Id_Producto = #{idProducto, jdbcType=NUMERIC}
		    And
		    Id_Tipo_Comp = #{idTipoComp, jdbcType=VARCHAR}
		    And
		    PREFIJO = #{prefijo, jdbcType=VARCHAR}
		    And
		    SERIE = #{serie, jdbcType=VARCHAR}
		    And
		    Estado_Config = #{estadoConfig, jdbcType=VARCHAR}
		
	</update>
	
</mapper>