<?xml version="1.0" encoding="UTF-8"?>
<!DOCTYPE mapper PUBLIC "-//mybatis.org//DTD Mapper 3.0//EN" "http://mybatis.org/dtd/mybatis-3-mapper.dtd" >
<mapper namespace="com.cardif.satelite.cpe.dao.HistorialReporteCpeMapper">

	<resultMap id="rmHistorialReporte" type="com.cardif.satelite.cpe.bean.HistorialReporteCpeBean">
		<result column="ID" jdbcType="NUMERIC" property="id" />
		<result column="TIPO_REPORTE" jdbcType="VARCHAR" property="tipoReporte" />
		<result column="PERIODO" jdbcType="VARCHAR" property="periodo" />
		<result column="USU_CREA" jdbcType="VARCHAR" property="usuCrea" />
		<result column="FEC_CREA" jdbcType="DATE" property="fecCrea" />
		<result column="USU_MOD" jdbcType="VARCHAR" property="usuMod" />
		<result column="FEC_MOD" jdbcType="DATE" property="fecMod" />
	</resultMap>
	
	<select id="obtenerHistorialPorPeriodo"
		parameterType="com.cardif.satelite.cpe.bean.HistorialReporteCpeBean"
		resultMap="rmHistorialReporte">
		
		SELECT
		    H.ID,
		    H.TIPO_REPORTE,
		    H.PERIODO,
		    H.USU_CREA,
		    H.FEC_CREA,
		    H.USU_MOD,
		    H.FEC_MOD,
		    ID_EMPRESA
		FROM
		    CPE_HISTORIAL_REPORTE H
		WHERE
		    H.PERIODO = #{periodo, jdbcType=NVARCHAR}
		    AND H.TIPO_REPORTE = #{tipoReporte, jdbcType=NVARCHAR}
		    AND ID_EMPRESA = #{idEmpresa, jdbcType=CHAR}
		
	</select>
	
	<insert id="insertarHistorialReporte"
		parameterType="com.cardif.satelite.cpe.bean.HistorialReporteCpeBean">
		
		<selectKey order="BEFORE" keyProperty="id"
			resultType="java.lang.Integer">
			SELECT SEC_CPE_HISTORIAL_REPORTE.NEXTVAL FROM DUAL
		</selectKey>
		
		INSERT INTO CPE_HISTORIAL_REPORTE
			(
				ID,
				TIPO_REPORTE,
				PERIODO,
				USU_CREA,
				FEC_CREA,
				USU_MOD,
				FEC_MOD,
				ID_EMPRESA
			)
		VALUES
			(
				#{id, jdbcType=NUMERIC},
				#{tipoReporte, jdbcType=NVARCHAR},
				#{periodo, jdbcType=NVARCHAR},
				#{usuCrea, jdbcType=NVARCHAR},
				SYSDATE,
				NULL,
				NULL,
				#{idEmpresa, jdbcType=CHAR}
			)
	</insert>
	
	<update id="actualizarHistorialReporte"
		parameterType="com.cardif.satelite.cpe.bean.HistorialReporteCpeBean">
		
		UPDATE
			CPE_HISTORIAL_REPORTE
		SET
			USU_MOD = #{usuMod, jdbcType=NVARCHAR},
			FEC_MOD = SYSDATE
		WHERE
			ID = #{id, jdbcType=NUMERIC}
			
	</update>
	
</mapper>