<?xml version="1.0" encoding="UTF-8"?>
<!DOCTYPE mapper PUBLIC "-//mybatis.org//DTD Mapper 3.0//EN" "http://mybatis.org/dtd/mybatis-3-mapper.dtd" >
<mapper namespace="com.cardif.satelite.cpe.dao.ParametroSUNATCpeMapper">

	<resultMap id="rmParametro" type="com.cardif.satelite.cpe.bean.ParametroSUNATCpeBean">
		<result column="cod_param" jdbcType="NVARCHAR" property="codParam" />
		<result column="tip_param" jdbcType="NVARCHAR" property="tipParam" />
		<result column="cod_valor1" jdbcType="NVARCHAR" property="codValor1" />
		<result column="cod_valor2" jdbcType="NVARCHAR" property="codValor2" />
		<result column="nom_valor" jdbcType="NVARCHAR" property="nomValor" />
		<result column="nom_abreviatura" jdbcType="NVARCHAR" property="nomAbreviatura" />
		<result column="prefijo1" jdbcType="NVARCHAR" property="prefijo1" />
		<result column="prefijo2" jdbcType="NVARCHAR" property="prefijo2" />
		<result column="estado_param" jdbcType="NVARCHAR" property="estadoParam" />
		<result column="num_orden" jdbcType="NUMERIC" property="numOrden" />
		<result column="usu_crea" jdbcType="NVARCHAR" property="usuCrea" />
		<result column="fec_crea" jdbcType="DATE" property="fecCrea" />
		<result column="usu_modifica" jdbcType="NVARCHAR" property="usuModifica" />
		<result column="fec_modifica" jdbcType="DATE" property="fecModifica" />
	</resultMap>
	
	<select id="listarParametro"
		parameterType="com.cardif.satelite.cpe.bean.ParametroSUNATCpeBean"
		resultMap="rmParametro">
		
		SELECT
			cod_param,
			tip_param,
			cod_valor1,
			cod_valor2,
			nom_valor,
			nom_abreviatura,
			prefijo1,
			prefijo2,
			estado_param,
			num_orden,
			usu_crea,
			fec_crea,
			usu_modifica,
			fec_modifica
		FROM
			CPE_PARAMETRO_SUNAT
		WHERE
			estado_param = 1
			AND cod_param = #{codParam, jdbcType=NVARCHAR}
			AND tip_param = #{tipParam, jdbcType=NVARCHAR}
			<if test="codValor1 != null">
				AND cod_valor1 = #{codValor1, jdbcType=NVARCHAR}
			</if>
		ORDER BY
			num_orden
		
	</select>
	
</mapper>