<?xml version="1.0" encoding="UTF-8"?>
<!DOCTYPE mapper PUBLIC "-//mybatis.org//DTD Mapper 3.0//EN" "http://mybatis.org/dtd/mybatis-3-mapper.dtd" >
<mapper namespace="com.cardif.satelite.cpe.dao.ParametroCpeMapper">

	<resultMap id="rmParametro" type="com.cardif.satelite.cpe.bean.ParametroCpeBean">
		<result column="cod_param" jdbcType="NVARCHAR" property="codParam" />
		<result column="tip_param" jdbcType="NVARCHAR" property="tipParam" />
		<result column="cod_valor" jdbcType="NVARCHAR" property="codValor" />
		<result column="nom_valor" jdbcType="NVARCHAR" property="nomValor" />
		<result column="estado_param" jdbcType="NVARCHAR" property="estadoParam" />
		<result column="num_orden" jdbcType="NUMERIC" property="numOrden" />
		<result column="usu_crea" jdbcType="NVARCHAR" property="usuCrea" />
		<result column="fec_crea" jdbcType="DATE" property="fecCrea" />
		<result column="usu_modifica" jdbcType="NVARCHAR" property="usuModifica" />
		<result column="fec_modifica" jdbcType="DATE" property="fecModifica" />
	</resultMap>
	
	<select id="listarParametro"
		parameterType="com.cardif.satelite.cpe.bean.ParametroCpeBean"
		resultMap="rmParametro">
		
		SELECT
			cod_param,
			tip_param,
			cod_valor,
			nom_valor,
			estado_param,
			num_orden,
			usu_crea,
			fec_crea,
			usu_modifica,
			fec_modifica
		FROM
			CPE_PARAMETRO
		WHERE
			estado_param = 1
			AND cod_param = #{codParam, jdbcType=NVARCHAR}
			AND tip_param = #{tipParam, jdbcType=NVARCHAR}
			<if test="codValor != null">
				AND cod_valor = #{codValor, jdbcType=NVARCHAR}
			</if>
		ORDER BY
			num_orden
		
	</select>
	
	<update id="actualizarParametro"
		parameterType="com.cardif.satelite.cpe.bean.ParametroCpeBean">
		
		UPDATE
			CPE_PARAMETRO
		SET
			nom_valor = #{nomValor, jdbcType=NVARCHAR},
			usu_modifica = #{usuModifica, jdbcType=NVARCHAR},
			fec_modifica = SYSDATE
		WHERE
			cod_param = #{codParam, jdbcType=NVARCHAR}
			AND tip_param = #{tipParam, jdbcType=NVARCHAR}
			AND cod_valor = #{codValor, jdbcType=NVARCHAR}
				
	</update>
	
</mapper>