<?xml version="1.0" encoding="UTF-8"?>
<!DOCTYPE mapper PUBLIC "-//mybatis.org//DTD Mapper 3.0//EN" "http://mybatis.org/dtd/mybatis-3-mapper.dtd" >
<mapper namespace="com.cardif.satelite.cpe.dao.ProcesoCpeMapper">

	<resultMap id="rmTablaProceso" type="com.cardif.satelite.cpe.bean.ProcesoCpeBean">
		<result column="Id_Proceso" jdbcType="NUMERIC" property="idProceso" />
		<result column="Nombre_Proceso" jdbcType="VARCHAR" property="nombreProceso" />
		<result column="Numero_Lote" jdbcType="VARCHAR" property="numeroLote" />
		<result column="Tipo_Proceso" jdbcType="VARCHAR" property="tipoProceso" />
		<result column="Cod_Usu_Crea" jdbcType="VARCHAR" property="codUsuarioCreacion" />
		<result column="Usu_Crea" jdbcType="VARCHAR" property="nombreUsuarioCreacion" />
		<result column="Fec_Crea" jdbcType="DATE" property="fechaCreacion" />
		<result column="Cod_Usu_Mod" jdbcType="VARCHAR" property="codUsuarioModificacion" />
		<result column="Usu_Mod" jdbcType="VARCHAR" property="nombreUsuarioModificacion" />
		<result column="Fec_Mod" jdbcType="DATE" property="fechaModificacion" />
		<result column="Cant_Reg" jdbcType="NUMERIC" property="cantidadRegistros" />
		<result column="Estado" jdbcType="VARCHAR" property="descEstado" />
		<result column="Cod_Estado" jdbcType="VARCHAR" property="codEstado" />
	</resultMap>
	
	<resultMap id="rmBuscarVenta" type="com.cardif.satelite.cpe.bean.VentaCpeBean">
		<result column="Id_Ventaproceso" jdbcType="NUMERIC" property="idVentaProceso" />
		<result column="Id_Venta" jdbcType="NUMERIC" property="idVenta" />
		<result column="Id_Carga" jdbcType="NUMERIC" property="idCarga" />
		<result column="Id_Trama_Upload" jdbcType="NUMERIC" property="idTramaUpload" />
		<result column="Llave_Upload" jdbcType="VARCHAR" property="llaveUpload" />
		<result column="Llave_Pims" jdbcType="VARCHAR" property="llavePims" />
		<result column="Id_Empresa" jdbcType="VARCHAR" property="idEmpresa" />
		<result column="Id_Socio" jdbcType="NUMERIC" property="idSocio" />
		<result column="Id_Producto" jdbcType="NUMERIC" property="idProducto" />
		<result column="Fec_Emision" jdbcType="VARCHAR" property="fechaEmision" />
		<result column="Id_Tipo_Comp" jdbcType="VARCHAR" property="idTipoComp" />
		<result column="Concep_Nd" jdbcType="VARCHAR" property="concepNd" />
		<result column="Tipo_Moneda" jdbcType="VARCHAR" property="tipoMoneda" />
		<result column="Fec_Venc" jdbcType="VARCHAR" property="fechaVenc" />
		<result column="Id_Tipodoc_Cli" jdbcType="VARCHAR" property="idTipoDocCli" />
		<result column="Numdoc_Cli" jdbcType="VARCHAR" property="numDocCli" />
		<result column="Nomcli_Razsoc" jdbcType="VARCHAR" property="nomCliRazSoc" />
		<result column="Dir_Cli" jdbcType="VARCHAR" property="dirCliente" />
		<result column="Departamento" jdbcType="VARCHAR" property="departamento" />
		<result column="Provincia" jdbcType="VARCHAR" property="provincia" />
		<result column="Distrito" jdbcType="VARCHAR" property="distrito" />
		<result column="Telf_Cli" jdbcType="VARCHAR" property="telefCliente" />
		<result column="Mail_Cli" jdbcType="VARCHAR" property="mailCliente" />
		<result column="Id_Tipo_Comp_Ref" jdbcType="VARCHAR" property="idTipoCompRef" />
		<result column="Num_Serie_Ref" jdbcType="NUMERIC" property="numSerieRef" />
		<result column="Num_Cor_Ref" jdbcType="NUMERIC" property="numCorRef" />
		<result column="Fec_Emision_Ref" jdbcType="VARCHAR" property="fechaEmisionRef" />
		<result column="Concepto" jdbcType="VARCHAR" property="concepto" />
		<result column="Cod_Prod_Sunat" jdbcType="NUMERIC" property="codProdSunat" />
		<result column="Num_Poliza" jdbcType="VARCHAR" property="numPoliza" />
		<result column="Fec_Venta" jdbcType="DATE" property="fechaVenta" />
		<result column="Val_Fact_Export" jdbcType="NUMERIC" property="valFactExport" />
		<result column="Base_Imponible" jdbcType="NUMERIC" property="baseImponible" />
		<result column="Imp_Exonerado" jdbcType="NUMERIC" property="impExonerado" />
		<result column="Imp_Inafecto" jdbcType="NUMERIC" property="impInafecto" />
		<result column="Val_Opgratuitas" jdbcType="NUMERIC" property="valOpGratuitas" />
		<result column="Isc" jdbcType="NUMERIC" property="isc" />
		<result column="Igv" jdbcType="NUMERIC" property="igv" />
		<result column="Imp_Otros" jdbcType="NUMERIC" property="impOtros" />
		<result column="Imp_Total" jdbcType="NUMERIC" property="impTotal" />
		<result column="Tipo_Cambio" jdbcType="NUMERIC" property="tipoCambio" />
		<result column="Estado" jdbcType="VARCHAR" property="estado" />
		<result column="Open_Item" jdbcType="VARCHAR" property="openItem" />
		<result column="Open_Item_Ref" jdbcType="VARCHAR" property="openItemRef" />
		<result column="Area" jdbcType="VARCHAR" property="area" />
		<result column="Observacion" jdbcType="VARCHAR" property="observacion" />
		<result column="Monto_Usd" jdbcType="NUMERIC" property="montoUsd" />
		<result column="Colect_Indiv" jdbcType="VARCHAR" property="colectIndiv" />
		<result column="Linea" jdbcType="VARCHAR" property="linea" />
		<result column="Periodo" jdbcType="VARCHAR" property="periodo" />
		<result column="Flg_Pims" jdbcType="VARCHAR" property="flgPims" />
		<result column="Flg_Upload" jdbcType="VARCHAR" property="flgUpload" />
		<result column="Flg_Rv" jdbcType="VARCHAR" property="flgRv" />
		<result column="Flg_Completado" jdbcType="VARCHAR" property="flgCompletado" />
		<result column="Id_Ple" jdbcType="NUMERIC" property="idPle" />
		<result column="Flg_Detraccion" jdbcType="VARCHAR" property="flgDetraccion" />
		<result column="Imp_Detraccion" jdbcType="NUMERIC" property="impDetraccion" />
		<result column="Tipo_AfectacionIGV" jdbcType="VARCHAR" property="tipoAfectacion" />
		<result column="Nombre_Empresa" jdbcType="VARCHAR" property="nombreEmpresa" />
		<result column="Nombre_Socio" jdbcType="VARCHAR" property="nomSocio" />
		<result column="Nombre_Producto" jdbcType="VARCHAR" property="nomProducto" />
		<result column="Nombre_Moneda" jdbcType="VARCHAR" property="nombreMoneda" />
		<result column="Nombre_Estado" jdbcType="VARCHAR" property="nombreEstado" />
		<result column="Id_Origen" jdbcType="VARCHAR" property="idOrigen" />
		<result column="Origen" jdbcType="VARCHAR" property="origen" />
		<result column="Fecha_Carga" jdbcType="DATE" property="fechaCarga" />
		<result column="Nombre_Tip_Doc" jdbcType="VARCHAR" property="nombreTipDoc" />
		<result column="Venta_Codigo_Estado" jdbcType="VARCHAR" property="estadoCodigo" />
		<result column="Nombre_Trama_Upload" jdbcType="VARCHAR" property="nombreTramaUpload" />
		<result column="Serie_comp" jdbcType="VARCHAR" property="nroSerie" />
		<result column="Corr_comp" jdbcType="VARCHAR" property="correlativo" />
		<result column="nomTipoDoc" jdbcType="VARCHAR" property="nombreTipDoc" />
		<result column="tipo_producto" jdbcType="VARCHAR" property="tipoProducto" />
		<result column="prefijo_alta" jdbcType="VARCHAR" property="prefijoAlta" />
		<result column="id_producto_pims" jdbcType="NUMERIC" property="idProductoPims" />
		<result column="MOTIV_RECHAZO" jdbcType="VARCHAR" property="motivoRechazo" />
		<!-- TIP_PER0100_CC09_13 INICIO 2019/05/08 11:56 Se agrega en el resultMap el campo ORDENCOMPRA -->
		<result column="ORDENCOMPRA" jdbcType="VARCHAR" property="ordenCompra" />
		<!-- TIP_PER0100_CC09_13 FIN-->
		<!-- TIP_PER0100_CC09_13 INICIO 2019/05/16 11:27 Se agrega en el resultMap el campo APLICADETRACCION, PORCDETRACCION, TITULOADICIONAL, VALORADICIONAL -->
		<result column="Flg_Detraccion" jdbcType="VARCHAR" property="aplicaDetraccion" />
		<result column="porcDetraccion" jdbcType="NUMERIC" property="porcDetraccion" />
		<result column="tituloAdicional" jdbcType="VARCHAR" property="tituloAdicional" />
		<result column="valorAdicional" jdbcType="VARCHAR" property="valorAdicional" />
		<!-- TIP_PER0100_CC09_13 FIN-->
		
		<!-- TIP_PER0100_CC15 INICIO 2019/06/21 14:26 Se agrega en el resultMap el campo Num_Serie_Ref,Num_Cor_Ref para ser almacenas en variables de tipo String -->
		<result column="Num_Serie_Ref" jdbcType="VARCHAR" property="strNumSerieRef" />
		<result column="Num_Cor_Ref" jdbcType="VARCHAR" property="strNumCorRef" />
		<!-- TIP_PER0100_CC15 FIN-->
		
		<!-- TIP_PER0100_CC14 INICIO 2019/06/23 11:19 Se agrega en el resultMap el campo flg_Datamart para ser almacena en variable de tipo String -->
		<result column="flgDataMart" jdbcType="CHAR" property="flgDataMart" />
		<!-- TIP_PER0100_CC14 FIN-->
		
	</resultMap>
	
	<resultMap id="rmTablaProcesoVenta" type="com.cardif.satelite.cpe.bean.ProcesoVentaCpeBean">
		<result column="Id_Ventaproceso" jdbcType="NUMERIC" property="idVentaProceso" />
		<result column="Id_Proceso" jdbcType="NUMERIC" property="idProceso" />
		<result column="Id_Venta" jdbcType="NUMERIC" property="idVenta" />
		<result column="Estado" jdbcType="VARCHAR" property="estado" />
	</resultMap>
	
	<resultMap id="rmTablaUpdateVenta" type="com.cardif.satelite.cpe.bean.UpdateVentaCpeBean">
		<result column="Id_Ventaproceso" jdbcType="NUMERIC" property="idVentaProceso" />
		<result column="Fec_Vencimiento" jdbcType="DATE" property="fechaVencimiento" />
		<result column="RazSoc_Cli" jdbcType="VARCHAR" property="razSocCli" />
		<result column="Dir_Cli" jdbcType="VARCHAR" property="dirCli" />
		<result column="Departamento" jdbcType="VARCHAR" property="departamento" />
		<result column="Provincia" jdbcType="VARCHAR" property="provincia" />
		<result column="Distrito" jdbcType="VARCHAR" property="distrito" />
	</resultMap>
	
	<resultMap id="rmCargaVentaCab" type="com.cardif.satelite.cpe.bean.CargaVentaCabCpeBean">
		<result column="Id_Carga" jdbcType="NUMERIC" property="idCarga" />
		<result column="Id_Origen" jdbcType="VARCHAR" property="idOrigen" />
		<result column="Id_Tipo_Carga" jdbcType="VARCHAR" property="idTipoCarga" />
		<result column="Nom_Archivo" jdbcType="VARCHAR" property="nomArchivo" />
		<result column="Num_Registros" jdbcType="NUMERIC" property="numRegistro" />
		<result column="Estado_Carga" jdbcType="VARCHAR" property="estadoCarga" />
		<result column="Fec_Carga" jdbcType="DATE" property="fechaCarga" />
		<result column="Usu_Carga" jdbcType="VARCHAR" property="usuarioCarga" />
		<result column="Fec_Archivo" jdbcType="VARCHAR" property="fechaArchivo" />
		<result column="Peso_Archivo" jdbcType="VARCHAR" property="pesoArchivo" />
	</resultMap>
	
	<resultMap id="rmComprobantesElectronicos" type="com.cardif.satelite.cpe.bean.ReporteComprobantesElectronicosBean">
		<result column="FEC_EMISION" jdbcType="DATE" property="fecEmision" />
		<result column="SERIE_COMP" jdbcType="NVARCHAR" property="serieComp" />
		<result column="CORR_COMP" jdbcType="NVARCHAR" property="corrComp" />
		<result column="ESTADO_COMP" jdbcType="NVARCHAR" property="estadoComp" />
		<result column="ID_TIPO_COMP" jdbcType="NVARCHAR" property="idTipoComp" />
		<result column="CONCEP_ND" jdbcType="NVARCHAR" property="concepNd" />
		<result column="TIPO_MONEDA" jdbcType="NVARCHAR" property="tipoMoneda" />
		<result column="FEC_VENC" jdbcType="NVARCHAR" property="fechaVenc" />
		<result column="ID_SOCIO" jdbcType="NUMERIC" property="idSocio" />
		<result column="ID_PRODUCTO" jdbcType="NUMERIC" property="idProducto" />
		<result column="ID_TIPODOC_CLI" jdbcType="NVARCHAR" property="idTipoDocCli" />
		<result column="NUMDOC_CLI" jdbcType="NVARCHAR" property="numDocCli" />
		<result column="NOMCLI_RAZSOC" jdbcType="NVARCHAR" property="nomCliRazSoc" />
		<result column="DIR_CLI" jdbcType="NVARCHAR" property="dirCliente" />
		<result column="DEPARTAMENTO" jdbcType="NVARCHAR" property="departamento" />
		<result column="PROVINCIA" jdbcType="NVARCHAR" property="provincia" />
		<result column="DISTRITO" jdbcType="NVARCHAR" property="distrito" />
		<result column="TELF_CLI" jdbcType="NVARCHAR" property="telefCliente" />
		<result column="MAIL_CLI" jdbcType="NVARCHAR" property="mailCliente" />
		<result column="ID_TIPO_COMP_REF" jdbcType="NVARCHAR" property="idTipoCompRef" />
		<result column="FEC_EMISION_REF" jdbcType="NVARCHAR" property="fechaEmisionRef" />
		<result column="NUM_SERIE_REF" jdbcType="NVARCHAR" property="numSerieRef" />
		<result column="CORR_COMP" jdbcType="NVARCHAR" property="corrComp" />
		<result column="CONCEPTO" jdbcType="NVARCHAR" property="concepto" />
		<result column="ID_PRODUCTO" jdbcType="NUMERIC" property="idProducto" />
		<result column="NUM_POLIZA" jdbcType="NVARCHAR" property="numPoliza" />
		<result column="VAL_FACT_EXPORT" jdbcType="NUMERIC" property="valFactExport" />
		<result column="BASE_IMPONIBLE" jdbcType="NUMERIC" property="baseImponible" />
		<result column="IMP_EXONERADO" jdbcType="NUMERIC" property="impExonerado" />
		<result column="IMP_INAFECTO" jdbcType="NUMERIC" property="impInafecto" />
		<result column="VAL_OPGRATUITAS" jdbcType="NUMERIC" property="valOpGratuitas" />
		<result column="ISC" jdbcType="NUMERIC" property="isc" />
		<result column="IGV" jdbcType="NUMERIC" property="igv" />
		<result column="IMP_OTROS" jdbcType="NUMERIC" property="impOtros" />
		<result column="IMP_TOTAL" jdbcType="NUMERIC" property="impTotal" />
		<result column="MODIFICABLE" jdbcType="NVARCHAR" property="modificable" />
		<result column="TIPO_CAMBIO" jdbcType="NUMERIC" property="tipoCambio" />
		<result column="ESTADO" jdbcType="NVARCHAR" property="estado" />
		<result column="OPEN_ITEM" jdbcType="NVARCHAR" property="openItem" />
		<result column="OPEN_ITEM_REF" jdbcType="NVARCHAR" property="openItemRef" />
		<result column="AREA" jdbcType="NVARCHAR" property="area" />
		<result column="OBSERVACION" jdbcType="NVARCHAR" property="observacion" />
		<result column="CORR_ACTUAL" jdbcType="NUMERIC" property="corActual" />
		<result column="IMP_TOTAL" jdbcType="NUMERIC" property="impTotal" />
		<result column="COLECT_INDIV" jdbcType="NVARCHAR" property="colectIndiv" />
		<result column="LINEA" jdbcType="NVARCHAR" property="linea" />
		<result column="PERIODO" jdbcType="NVARCHAR" property="periodo" />
		<result column="CORRELATIVO_REGISTRO" jdbcType="NVARCHAR" property="correlativoRegistro" />
		<result column="CONSECUTIVO" jdbcType="NVARCHAR" property="consecutivo" />
	</resultMap>
	
	<resultMap id="rmAgrupadoChild" type="com.cardif.satelite.cpe.bean.VentaCpeBean">
		<result column="ID_VENTA" jdbcType="NUMERIC" property="idVenta" />
	</resultMap>
	
	<resultMap id="rmAgrupUpload" type="com.cardif.satelite.cpe.bean.CargaVentaCabCpeBean">
		<result column="ID_CARGA" jdbcType="NUMERIC" property="idCarga" />
		<result column="ID_TRAMA_UPLOAD" jdbcType="NUMERIC" property="idTramaUpload" />
		<result column="NOMBRE_TRAMA_UPLOAD" jdbcType="VARCHAR" property="nomArchivo" />
		<result column="ID_ORIGEN" jdbcType="VARCHAR" property="idOrigen" />
		<result column="ID_TIPO_CARGA" jdbcType="VARCHAR" property="idTipoCarga" />
		<result column="FEC_CARGA" jdbcType="DATE" property="fechaCarga" />
		<result column="USU_CARGA" jdbcType="VARCHAR" property="usuarioCarga" />
		<result column="ESTADO_CARGA" jdbcType="VARCHAR" property="estadoCarga" />
		<result column="CANTIDAD" jdbcType="NUMERIC" property="numRegistro" />
	</resultMap>
	
	<!-- TIP_PER0100_CC14 INICIO 2019/06/17 - 10:35 - Se definen los result map para consulta de detalle item de venta -->
	<resultMap id="rmBuscarDetalleItemVenta" type="com.cardif.satelite.cpe.bean.CargaVentaItemCpeBean">
		<result column="ID_VENTAITM" jdbcType="NUMERIC" property="idItemDetalleVenta" />
		<result column="ID_VENTA" jdbcType="NUMERIC" property="idVenta" />
		<result column="CONCEPTOITM" jdbcType="VARCHAR" property="concepto" />
		<result column="CANTIDAD" jdbcType="NUMERIC" property="cantidad" />
		<result column="VALOR_VENTA" jdbcType="NUMERIC" property="valorVenta" />
		<result column="IGV" jdbcType="NUMERIC" property="igv" />
		<result column="VALOR_TOTAL" jdbcType="NUMERIC" property="valorTotal" />
	</resultMap>
	<!-- TIP_PER0100_CC14 FIN -->
	
	<select id="buscarProcesoCpe"
		parameterType="com.cardif.satelite.cpe.bean.ProcesoCpeBean"
		resultMap="rmTablaProceso">
		Select
		  Cab.Id_Proceso As Id_Proceso,
		  Cab.Nom_Proceso As Nombre_Proceso,
		  Cab.Num_Lote As Numero_Lote,
		  Cab.Tipo_Proceso As Tipo_Proceso,
		  Cab.Usu_Crea As Cod_Usu_Crea,
		  Usu.Nom_Usu As Usu_Crea,
		  Cab.Fec_Crea As Fec_Crea,
		  Usum.Usu_Modifica As Cod_Usu_Mod,
		  Usumtbl.Nom_Usu As Usu_Mod,
		  Usum.Fec_Modifica As Fec_Mod,
		  (Select Count(*) From Cpe_Procesoce_Venta Where Id_Proceso = Cab.Id_Proceso) As Cant_Reg,
		  Param.Nom_Valor As Estado,
		  Usum.Estado_Proceso Cod_Estado
		From
		  Cpe_Procesoce_Cab Cab
		  Inner Join Cpe_Usuario Usu
		    On UPPER(Usu.Usu_Cod) = UPPER(Cab.Usu_Crea)
		  Inner Join Cpe_Procesoce_Estado Usum
		    On Usum.Id_Proceso = Cab.Id_Proceso
		    And Usum.Id_Procesoestado = (Select Max(es.Id_Procesoestado) From Cpe_Procesoce_Estado es where es.id_proceso = Cab.id_proceso)
		  Left Join Cpe_Usuario Usumtbl
		    On UPPER(Usumtbl.Usu_Cod) = UPPER(Usum.Usu_Modifica)
		  Left Join Cpe_Parametro Param
		    On param.Cod_Valor = Usum.Estado_Proceso 
		    and param.Cod_Param = #{codigoParametro, jdbcType=VARCHAR} and param.Tip_Param = #{tipoParametro, jdbcType=VARCHAR}
		Where
			1=1
		<if test="codUsuarioParam != null">
			And
		  (UPPER(Cab.Usu_Crea) = UPPER(#{codUsuarioParam, jdbcType=VARCHAR}) Or  UPPER(Usum.Usu_Modifica) = UPPER(#{codUsuarioParam, jdbcType=VARCHAR}))
		</if>
		<if test="codEstado != null">
		    And
		  Usum.Estado_Proceso = #{codEstado, jdbcType=VARCHAR}
		</if>
		<if test="fechaDesde != null and fechaHasta != null">
		<![CDATA[
		    And
		 ((TO_CHAR(Cab.Fec_Crea, 'YYYY-MM-DD') Between TO_CHAR(#{fechaDesde, jdbcType=DATE}, 'YYYY-MM-DD') And TO_CHAR(#{fechaHasta, jdbcType=DATE}, 'YYYY-MM-DD')) 
		  And (TO_CHAR(Usum.Fec_Modifica, 'YYYY-MM-DD') Between TO_CHAR(#{fechaDesde, jdbcType=DATE}, 'YYYY-MM-DD') And TO_CHAR(#{fechaHasta, jdbcType=DATE}, 'YYYY-MM-DD')))
		 ]]>
		</if>
		<if test='"0".equals(conRegParam)'>
		    And
		  (Select Count(*) From Cpe_Procesoce_Venta Where Id_Proceso = Cab.Id_Proceso) = 0
		</if>
		<if test='"1".equals(conRegParam)'>
		<![CDATA[
		    And
		  (Select Count(*) From Cpe_Procesoce_Venta Where Id_Proceso = Cab.Id_Proceso) > 0
		]]>
		</if>
		order by 1 desc
	</select>
	
	<insert id="guardarProcesoCpe" parameterType="com.cardif.satelite.cpe.bean.ProcesoCpeBean">

		<selectKey order="BEFORE" keyProperty="idProceso"
			resultType="java.lang.Long">
			SELECT SEC_CPE_PROCESOCE_CAB.NEXTVAL FROM DUAL
		</selectKey>
		
		Insert Into Cpe_Procesoce_Cab
		(
			Id_Proceso, 
			Nom_Proceso, 
			Num_Lote, 
			Usu_Crea, 
			Fec_Crea, 
			Tipo_Proceso
		)
		Values
		(
			#{idProceso, jdbcType=NUMERIC},
			#{nombreProceso, jdbcType=VARCHAR}, 
			NULL, 
			#{codUsuarioCreacion, jdbcType=VARCHAR}, 
			SYSDATE, 
			NULL
		)
	</insert>
	
	<insert id="guardarProcesoEstadoCpe" parameterType="com.cardif.satelite.cpe.bean.ProcesoEstadoCpeBean">
		
		<selectKey order="BEFORE" keyProperty="idProcesoEstado"
			resultType="java.lang.Long">
			SELECT SEC_CPE_PROCESOCE_ESTADO.NEXTVAL FROM DUAL
		</selectKey>
		
		Insert Into Cpe_Procesoce_Estado
		(
			Id_Procesoestado, 
			Id_Proceso, 
			Estado_Proceso, 
			Usu_Modifica, 
			Fec_Modifica
		)
		Values
		(
			#{idProcesoEstado, jdbcType=NUMERIC}, 
			#{idProceso, jdbcType=NUMERIC}, 
			#{estadoProceso, jdbcType=VARCHAR}, 
			#{usuModifica, jdbcType=VARCHAR}, 
			SYSDATE
		)
	</insert>
	
	<delete id="eliminarProcesoCpe" parameterType="com.cardif.satelite.cpe.bean.ProcesoCpeBean">
		
		Delete From Cpe_Procesoce_Cab
		where id_proceso = #{idProceso, jdbcType=NUMERIC}
		
	</delete>
	
	<delete id="eliminarProcesoEstadoCpe" parameterType="com.cardif.satelite.cpe.bean.ProcesoCpeBean">
	
		Delete From Cpe_Procesoce_Estado
		where id_proceso = #{idProceso, jdbcType=NUMERIC}
		
	</delete>
	
	<select id="buscarVentaCpe"
		parameterType="com.cardif.satelite.cpe.bean.VentaCpeBean"
		resultMap="rmBuscarVenta">
		
		Select
		  ProcVenta.Id_Ventaproceso,
		  Venta.Id_Venta,
		  Venta.Id_Carga,
		  Venta.Id_Trama_Upload,
		  Venta.Llave_Upload,
		  Venta.Llave_Pims,
		  Venta.Id_Empresa,
		  Venta.Id_Socio,
		  Venta.Id_Producto,
		  Venta.Fec_Emision,
		  Venta.Id_Tipo_Comp,
		  Venta.Concep_Nd,
		  Venta.Tipo_Moneda,
		  Venta.Id_Tipodoc_Cli,
		  Venta.Numdoc_Cli,
		  Venta.Telf_Cli,
		  Venta.Mail_Cli,
		  Venta.Id_Tipo_Comp_Ref,
		  Venta.Num_Serie_Ref,
		  Venta.Num_Cor_Ref,
		  Venta.Fec_Emision_Ref,
		  Venta.Concepto,
		  Venta.Cod_Prod_Sunat,
		  Venta.Num_Poliza,
		  Venta.Fec_Venta,
		  Venta.Val_Fact_Export,
		  Venta.Base_Imponible,
		  Venta.Imp_Exonerado,
		  Venta.Imp_Inafecto,
		  Venta.Val_Opgratuitas,
		  Venta.Isc,
		  Venta.Igv,
		  Venta.Imp_Otros,
		  Venta.Imp_Total,
		  Venta.Tipo_Cambio,
		  Venta.Estado,
		  Venta.Open_Item,
		  Venta.Open_Item_Ref,
		  Venta.Area,
		  Venta.Observacion,
		  Venta.Monto_Usd,
		  Venta.Colect_Indiv,
		  Venta.Linea,
		  Venta.Periodo,
		  Venta.Flg_Pims,
		  Venta.Flg_Upload,
		  Venta.Flg_Rv,
		  Venta.Flg_Completado,
		  Venta.Id_Ple,
		  Venta.Flg_Detraccion,
		  Venta.Imp_Detraccion,
		  Venta.Tipo_AfectacionIGV,
		  Emp.Nom_Valor As Nombre_Empresa,
		  Socio.Nom_Socio As Nombre_Socio,
		  Prod.Nom_Producto As Nombre_Producto,
		  Mon.Nom_Valor As Nombre_Moneda,
		  NVL(EstadoComp.Nom_Valor, Estado.Nom_Valor) As Nombre_Estado,
		  Venta_Cab.Id_Origen,
		  (Case When Venta_Cab.Id_Origen = '0' Then 'Archivo'
		  When Venta_Cab.Id_Origen = '1' Then 'Upload'
		  When Venta_Cab.Id_Origen = '2' Then 'Pims'
		  Else 'Manual' End) As Origen,
		  Venta_Cab.Fec_Carga As Fecha_Carga,
		  NVL(TO_CHAR(Cuv.Fec_Vencimiento, 'YYYYMMDD'), Venta.Fec_Venc) As Fec_Venc,
          NVL(Cuv.Razsoc_Cli, Venta.Nomcli_Razsoc) As Nomcli_Razsoc,
          NVL(Cuv.Dir_Cli, Venta.Dir_Cli) As Dir_Cli,
          NVL(Cuv.Departamento, Venta.Departamento) As Departamento,
          NVL(Cuv.Provincia, Venta.Provincia) As Provincia,
          NVL(Cuv.Distrito, Venta.Distrito) As Distrito,
          Est.Estado_Venta As Venta_Codigo_Estado,
          NVL(Comp.Serie_comp,'') As Serie_comp,
          NVL(Comp.Corr_comp,'') As Corr_comp,
          tipDoc.NOM_VALOR As nomTipoDoc,
          Prod.TIPO_PRODUCTO AS TIPO_PRODUCTO,
          Prod.ID_PRODUCTO_PIMS AS ID_PRODUCTO_PIMS,
          Prod.PREFIJO_ALTA AS PREFIJO_ALTA,
          Comp.DESC_ERROR AS MOTIV_RECHAZO,
          <!-- TIP_PER0100_CC09_13 INICIO 2019/05/08 11:53 Se agrega la consulta del campo ORDENCOMPRA de la tabla Cpe_Cargaventa_Det-->
          Venta.ORDENCOMPRA AS ordenCompra,
          <!-- TIP_PER0100_CC09_13 FIN -->
          <!-- TIP_PER0100_CC09_13 INICIO 2019/05/16 11:30 Se agrega la obtención de los campos PORCDETRACCION, TITULOADICIONAL y VALORADICIONAL-->
          Venta.Flg_Detraccion AS aplicaDetraccion,
          Venta.PORCDETRACCION AS porcDetraccion,
          Venta.TITULOADICIONAL AS tituloAdicional,
          Venta.VALORADICIONAL AS valorAdicional,
          <!-- TIP_PER0100_CC09_13 FIN -->
          <!-- TIP_PER0100_CC14 INICIO 2019/07/23 11:15 Se agrega la obtención del campo FLG_DATAMART-->
          Venta.FLG_DATAMART AS flgDataMart
          <!-- TIP_PER0100_CC14 FIN -->
		From 
		  Cpe_Cargaventa_Det Venta Inner Join Cpe_Parametro Emp
		    On Emp.Cod_Param = #{paramEmpresa, jdbcType=VARCHAR} And Emp.Tip_Param = #{paramTipParam, jdbcType=VARCHAR} And Emp.Cod_Valor = Venta.Id_Empresa
		  Inner Join Cpe_Socio Socio
		    On Socio.Id_Socio = Venta.Id_Socio
		  Inner Join Cpe_Producto Prod
		    On Prod.Id_Producto = Venta.Id_Producto
		  Inner Join Cpe_Parametro Mon
		    On Mon.Cod_Param = #{paramMoneda, jdbcType=VARCHAR} And Mon.Tip_Param = #{paramTipParam, jdbcType=VARCHAR} And Mon.Cod_Valor = Venta.Tipo_Moneda
		  Inner Join Cpe_Venta_Estado Est
		    On Est.Id_Venta = Venta.Id_Venta
		    And Est.Id_Ventaestado = (Select Max(Cve.Id_Ventaestado) From Cpe_Venta_Estado Cve Where Cve.Id_Venta = Venta.Id_Venta)
		  Inner Join Cpe_Parametro Estado
		    On Estado.Cod_Param = #{paramEstadoVenta, jdbcType=VARCHAR} And Estado.Tip_Param = #{paramTipParam, jdbcType=VARCHAR} And Estado.Cod_Valor = Est.Estado_Venta
		  left Join Cpe_Parametro tipDoc
            on tipDoc.Cod_Param = #{paramTipDoc, jdbcType=VARCHAR} and tipDoc.Tip_Param = #{paramTipParam, jdbcType=VARCHAR} And tipDoc.Cod_Valor = Venta.Id_Tipodoc_Cli
		  Inner Join Cpe_Cargaventa_Cab Venta_Cab
		    On Venta_Cab.Id_Carga = Venta.Id_Carga
		  Left Join Cpe_Ecomprobante Comp
    		On Comp.Id_Venta = Venta.Id_Venta and Comp.Id_Tipo_Comp = Venta.Id_Tipo_Comp and Comp.Estado_Comp != '6'
    	  Left Join Cpe_Parametro EstadoComp
		    On EstadoComp.Cod_Param = #{paramEstadoVenta, jdbcType=VARCHAR} And EstadoComp.Tip_Param = #{paramTipParam, jdbcType=VARCHAR} And EstadoComp.Cod_Valor = Comp.Estado_Comp
    	  Inner Join Cpe_Procesoce_Venta ProcVenta
            On ProcVenta.Id_Venta = Venta.Id_Venta and ProcVenta.Id_Proceso = #{idProceso, jdbcType=NUMERIC}
          Left Join Cpe_Update_Venta Cuv
            On Cuv.Id_Ventaproceso = ProcVenta.Id_Ventaproceso
		Where
		  Venta.Id_Venta In (Select Id_Venta From Cpe_Procesoce_Venta Where Id_Proceso = #{idProceso, jdbcType=NUMERIC} And estado = 1)
		  And ID_AGRUPADO IS NULL
		  <if test="idSocio != null">
		  And
		  Venta.Id_Socio = #{idSocio, jdbcType=NUMERIC}
		  </if>
		  <if test="idProducto != null">
		  And
		  Venta.Id_Producto = #{idProducto, jdbcType=NUMERIC}
		  </if>
		  <if test="concepto != null">
		  And
		  UPPER(Venta.Concepto) Like UPPER(#{concepto, jdbcType=VARCHAR})
		  </if>
		  <if test="nomCliRazSoc != null">
		  And
		  UPPER(NVL(Cuv.Razsoc_Cli, Venta.Nomcli_Razsoc)) Like UPPER(#{nomCliRazSoc, jdbcType=VARCHAR})
		  </if>
		  <if test="idTipoComp != null">
		  And
		  Venta.Id_Tipo_Comp = #{idTipoComp, jdbcType=VARCHAR}
		  </if>
		  <if test="fechaEmisionDate != null">
		  And
		  Comp.Fec_Emision = #{fechaEmisionDate, jdbcType=DATE}
		  
		  </if>
		  <if test="idTipoDocCli != null">
		  And
		  Venta.Id_Tipodoc_Cli = #{idTipoDocCli, jdbcType=VARCHAR}
		  </if>
		  <if test="tipoMoneda != null">
		  And
		  Venta.Tipo_Moneda = #{tipoMoneda, jdbcType=VARCHAR}
		  </if>
		  <if test="impTotal != null">
		  And
		  Venta.Imp_Total = #{impTotal, jdbcType=NUMERIC}
		  </if>
		  <if test="numDocCli != null">
		  And
		  Venta.Numdoc_Cli = #{numDocCli, jdbcType=VARCHAR}
		  </if>
		  <if test="flgCompletado != null">
		  And
		  Venta.Flg_Completado = #{flgCompletado, jdbcType=VARCHAR}
		  </if>
		  <if test="numeroComprobante != null">
		  And
  		  Comp.Serie_Comp || Comp.Corr_Comp = #{numeroComprobante, jdbcType=NUMERIC}
  		  </if>
  		  <if test="numPoliza != null">
		  And
		  Venta.Num_Poliza = #{numPoliza, jdbcType=VARCHAR}
		  </if>
		  ORDER BY Venta.ID_venta ASC
	</select>
	
	<!-- TIP_PER0100_CC09_13 INICIO 2019/05/02 11:23 
		Se agrega la inserción de los campos 
		ORDENCOMPRA, APLICADETRACCION, TITULOADICIONAL, VALORADICIONAL, PORCDETRACCION
		en el método guardarVentaCpe -->
	<!-- TIP_PER0100_CC09_13 FIN -->
	<insert id="guardarVentaCpe" parameterType="com.cardif.satelite.cpe.bean.VentaCpeBean">
		
		<selectKey order="BEFORE" keyProperty="idVenta"
			resultType="java.lang.Long">
			SELECT SEC_CPE_CARGAVENTA_DET.NEXTVAL FROM DUAL
		</selectKey>
		
		Insert Into Cpe_Cargaventa_Det
			(Id_Venta, Id_Carga, Id_Trama_Upload, Llave_Upload, Llave_Pims, Id_Empresa, 
			Id_Socio, Nom_Socio, Id_Producto, Nom_Producto, Fec_Emision, Id_Tipo_Comp, Concep_Nd,
			Tipo_Moneda, Fec_Venc, Id_Tipodoc_Cli, Numdoc_Cli, Nomcli_Razsoc, Dir_Cli, Departamento, Provincia, Distrito,
			Telf_Cli, Mail_Cli, Id_Tipo_Comp_Ref, Num_Serie_Ref, Num_Cor_Ref, Fec_Emision_Ref, Concepto,
			Cod_Prod_Sunat, Num_Poliza, Fec_Venta, Val_Fact_Export, Base_Imponible, Imp_Exonerado, Imp_Inafecto,
			Val_Opgratuitas, Isc, Igv, Imp_Otros, Imp_Total, Tipo_Cambio, Estado, Open_Item, Open_Item_Ref,
			Area, Observacion, Monto_Usd, Colect_Indiv, Linea, Periodo, Flg_Pims, Flg_Upload, Flg_Rv, Flg_Completado, Id_Ple, NOMBRE_TRAMA_UPLOAD
			, ID_AGRUPADO, FLG_AGRUPADO, FLG_DETRACCION, IMP_DETRACCION, TIPO_AFECTACIONIGV,
			ORDENCOMPRA, PORCDETRACCION, TITULOADICIONAL, VALORADICIONAL)
		Values(
			#{idVenta, jdbcType=NUMERIC}, #{idCarga, jdbcType=NUMERIC}, #{idTramaUpload, jdbcType=NUMERIC},
			#{llaveUpload, jdbcType=VARCHAR}, #{llavePims, jdbcType=VARCHAR}, #{idEmpresa, jdbcType=VARCHAR},
			#{idSocio, jdbcType=NUMERIC}, #{nomSocio, jdbcType=VARCHAR}, #{idProducto, jdbcType=NUMERIC},
			#{nomProducto, jdbcType=VARCHAR}, #{fechaEmision, jdbcType=VARCHAR}, #{idTipoComp, jdbcType=VARCHAR},
			#{concepNd, jdbcType=VARCHAR}, #{tipoMoneda, jdbcType=VARCHAR}, #{fechaVenc, jdbcType=VARCHAR},
			#{idTipoDocCli, jdbcType=VARCHAR}, #{numDocCli, jdbcType=VARCHAR}, #{nomCliRazSoc, jdbcType=VARCHAR},
			#{dirCliente, jdbcType=VARCHAR}, #{departamento, jdbcType=VARCHAR}, #{provincia, jdbcType=VARCHAR},
			#{distrito, jdbcType=VARCHAR}, #{telefCliente, jdbcType=VARCHAR}, #{mailCliente, jdbcType=VARCHAR},
			#{idTipoCompRef, jdbcType=VARCHAR}, #{numSerieRef, jdbcType=NUMERIC}, #{numCorRef, jdbcType=NUMERIC},
			#{fechaEmisionRef, jdbcType=VARCHAR},#{concepto, jdbcType=VARCHAR}, #{codProdSunat, jdbcType=NUMERIC},
			#{numPoliza, jdbcType=VARCHAR}, #{fechaVenta, jdbcType=DATE}, #{valFactExport, jdbcType=NUMERIC},
			#{baseImponible, jdbcType=NUMERIC}, #{impExonerado, jdbcType=NUMERIC}, #{impInafecto, jdbcType=NUMERIC},
			#{valOpGratuitas, jdbcType=NUMERIC}, #{isc, jdbcType=NUMERIC}, #{igv, jdbcType=NUMERIC},
			#{impOtros, jdbcType=NUMERIC}, #{impTotal, jdbcType=NUMERIC}, #{tipoCambio, jdbcType=NUMERIC},
			#{estado, jdbcType=VARCHAR},#{openItem, jdbcType=VARCHAR}, #{openItemRef, jdbcType=VARCHAR},
			#{area, jdbcType=VARCHAR}, #{observacion, jdbcType=VARCHAR}, #{montoUsd, jdbcType=NUMERIC}, 
			#{colectIndiv, jdbcType=VARCHAR}, #{linea, jdbcType=VARCHAR}, #{periodo, jdbcType=VARCHAR}, 
			#{flgPims, jdbcType=VARCHAR}, #{flgUpload, jdbcType=VARCHAR}, #{flgRv, jdbcType=VARCHAR}, 
			#{flgCompletado, jdbcType=VARCHAR}, #{idPle, jdbcType=NUMERIC}, #{nombreTramaUpload, jdbcType=VARCHAR},
			#{idAgrupado, jdbcType=NUMERIC}, #{flgAgrupado, jdbcType=VARCHAR}, #{flgDetraccion, jdbcType=VARCHAR},
			#{impDetraccion, jdbcType=NUMERIC}, #{tipoAfectacion, jdbcType=VARCHAR},#{ordenCompra, jdbcType=VARCHAR},
			#{porcDetraccion, jdbcType=NUMERIC},#{tituloAdicional, jdbcType=VARCHAR}, #{valorAdicional, jdbcType=VARCHAR})
		
	</insert>
	
	
		<!-- TIP_PER0100_CC15 INICIO 2019/06/24 13:19 
		Se genera duplicado del método guardarVentaCpe con la diferencia que los campos Num_Serie_Ref, Num_Cor_Ref se adaptan para que
		se le envie  valores String a traves de los atributos strNumSerieRef, strNumCorRef
		en el método guardarVentaCpeRef13 -->
	<insert id="guardarVentaCpeRef13" parameterType="com.cardif.satelite.cpe.bean.VentaCpeBean">
		
		<selectKey order="BEFORE" keyProperty="idVenta"
			resultType="java.lang.Long">
			SELECT SEC_CPE_CARGAVENTA_DET.NEXTVAL FROM DUAL
		</selectKey>
		
		Insert Into Cpe_Cargaventa_Det
			(Id_Venta, Id_Carga, Id_Trama_Upload, Llave_Upload, Llave_Pims, Id_Empresa, 
			Id_Socio, Nom_Socio, Id_Producto, Nom_Producto, Fec_Emision, Id_Tipo_Comp, Concep_Nd,
			Tipo_Moneda, Fec_Venc, Id_Tipodoc_Cli, Numdoc_Cli, Nomcli_Razsoc, Dir_Cli, Departamento, Provincia, Distrito,
			Telf_Cli, Mail_Cli, Id_Tipo_Comp_Ref, Num_Serie_Ref, Num_Cor_Ref, Fec_Emision_Ref, Concepto,
			Cod_Prod_Sunat, Num_Poliza, Fec_Venta, Val_Fact_Export, Base_Imponible, Imp_Exonerado, Imp_Inafecto,
			Val_Opgratuitas, Isc, Igv, Imp_Otros, Imp_Total, Tipo_Cambio, Estado, Open_Item, Open_Item_Ref,
			Area, Observacion, Monto_Usd, Colect_Indiv, Linea, Periodo, Flg_Pims, Flg_Upload, Flg_Rv, Flg_Completado, Id_Ple, NOMBRE_TRAMA_UPLOAD
			, ID_AGRUPADO, FLG_AGRUPADO, FLG_DETRACCION, IMP_DETRACCION, TIPO_AFECTACIONIGV,
			ORDENCOMPRA, PORCDETRACCION, TITULOADICIONAL, VALORADICIONAL)
		Values(
			#{idVenta, jdbcType=NUMERIC}, #{idCarga, jdbcType=NUMERIC}, #{idTramaUpload, jdbcType=NUMERIC},
			#{llaveUpload, jdbcType=VARCHAR}, #{llavePims, jdbcType=VARCHAR}, #{idEmpresa, jdbcType=VARCHAR},
			#{idSocio, jdbcType=NUMERIC}, #{nomSocio, jdbcType=VARCHAR}, #{idProducto, jdbcType=NUMERIC},
			#{nomProducto, jdbcType=VARCHAR}, #{fechaEmision, jdbcType=VARCHAR}, #{idTipoComp, jdbcType=VARCHAR},
			#{concepNd, jdbcType=VARCHAR}, #{tipoMoneda, jdbcType=VARCHAR}, #{fechaVenc, jdbcType=VARCHAR},
			#{idTipoDocCli, jdbcType=VARCHAR}, #{numDocCli, jdbcType=VARCHAR}, #{nomCliRazSoc, jdbcType=VARCHAR},
			#{dirCliente, jdbcType=VARCHAR}, #{departamento, jdbcType=VARCHAR}, #{provincia, jdbcType=VARCHAR},
			#{distrito, jdbcType=VARCHAR}, #{telefCliente, jdbcType=VARCHAR}, #{mailCliente, jdbcType=VARCHAR},
			#{idTipoCompRef, jdbcType=VARCHAR}, #{strNumSerieRef, jdbcType=VARCHAR}, #{strNumCorRef, jdbcType=VARCHAR},
			#{fechaEmisionRef, jdbcType=VARCHAR},#{concepto, jdbcType=VARCHAR}, #{codProdSunat, jdbcType=NUMERIC},
			#{numPoliza, jdbcType=VARCHAR}, #{fechaVenta, jdbcType=DATE}, #{valFactExport, jdbcType=NUMERIC},
			#{baseImponible, jdbcType=NUMERIC}, #{impExonerado, jdbcType=NUMERIC}, #{impInafecto, jdbcType=NUMERIC},
			#{valOpGratuitas, jdbcType=NUMERIC}, #{isc, jdbcType=NUMERIC}, #{igv, jdbcType=NUMERIC},
			#{impOtros, jdbcType=NUMERIC}, #{impTotal, jdbcType=NUMERIC}, #{tipoCambio, jdbcType=NUMERIC},
			#{estado, jdbcType=VARCHAR},#{openItem, jdbcType=VARCHAR}, #{openItemRef, jdbcType=VARCHAR},
			#{area, jdbcType=VARCHAR}, #{observacion, jdbcType=VARCHAR}, #{montoUsd, jdbcType=NUMERIC}, 
			#{colectIndiv, jdbcType=VARCHAR}, #{linea, jdbcType=VARCHAR}, #{periodo, jdbcType=VARCHAR}, 
			#{flgPims, jdbcType=VARCHAR}, #{flgUpload, jdbcType=VARCHAR}, #{flgRv, jdbcType=VARCHAR}, 
			#{flgCompletado, jdbcType=VARCHAR}, #{idPle, jdbcType=NUMERIC}, #{nombreTramaUpload, jdbcType=VARCHAR},
			#{idAgrupado, jdbcType=NUMERIC}, #{flgAgrupado, jdbcType=VARCHAR}, #{flgDetraccion, jdbcType=VARCHAR},
			#{impDetraccion, jdbcType=NUMERIC}, #{tipoAfectacion, jdbcType=VARCHAR},#{ordenCompra, jdbcType=VARCHAR},
			#{porcDetraccion, jdbcType=NUMERIC},#{tituloAdicional, jdbcType=VARCHAR}, #{valorAdicional, jdbcType=VARCHAR})
		
	</insert>
	<!-- TIP_PER0100_CC15 FIN -->
	
	<insert id="guardarVentaEstadoCpe" parameterType="com.cardif.satelite.cpe.bean.VentaEstadoCpeBean">
		
		<selectKey order="BEFORE" keyProperty="idVentaEstado"
			resultType="java.lang.Long">
			SELECT SEC_CPE_VENTA_ESTADO.NEXTVAL FROM DUAL
		</selectKey>
		
			Insert Into Cpe_Venta_Estado 
			(
				Id_Ventaestado, 
				Id_Venta, 
				Estado_Venta, 
				Fec_Crea, 
				Usu_Crea
			)
			Values
			(
				#{idVentaEstado, jdbcType=NUMERIC},
				#{idVenta, jdbcType=NUMERIC},
				#{estadoVenta, jdbcType=VARCHAR},
				SYSDATE,
				#{usuarioCreacion, jdbcType=VARCHAR}
			)
		
	</insert>
	
	<insert id="guardarProcesoVentaCpe" parameterType="com.cardif.satelite.cpe.bean.ProcesoVentaCpeBean">
		
		<selectKey order="BEFORE" keyProperty="idVentaProceso"
			resultType="java.lang.Long">
			SELECT SEC_CPE_PROCESOCE_VENTA.NEXTVAL FROM DUAL
		</selectKey>
		
			Insert Into Cpe_Procesoce_Venta
			(
				Id_Ventaproceso, 
				Id_Proceso,
				Id_Venta, 
				Estado
			)
			Values
			(
				#{idVentaProceso, jdbcType=NUMERIC},
				#{idProceso, jdbcType=NUMERIC},
				#{idVenta, jdbcType=NUMERIC},
				#{estado, jdbcType=VARCHAR}
			)
		
	</insert>
	
	<insert id="guardarUpdateVenta" parameterType="com.cardif.satelite.cpe.bean.UpdateVentaCpeBean">
	
		INSERT INTO CPE_UPDATE_VENTA
		(
			ID_VENTAPROCESO, 
			FEC_VENCIMIENTO, 
			APEPAT_CLI, 
			APEMAT_CLI, 
			NOM_CLI, 
			RAZSOC_CLI, 
			DIR_CLI, 
			DEPARTAMENTO, 
			PROVINCIA, 
			DISTRITO, 
			USU_CREA, 
			FEC_CREA, 
			USU_MODIFICA, 
			FEC_MODIFICA
		)Values
		(
			#{idVentaProceso, jdbcType=NUMERIC},
			#{fechaVencimiento, jdbcType=DATE},
			NULL,
			NULL,
			NULL,
			#{razSocCli, jdbcType=VARCHAR},
			#{dirCli, jdbcType=VARCHAR},
			#{departamento, jdbcType=VARCHAR},
			#{provincia, jdbcType=VARCHAR},
			#{distrito, jdbcType=VARCHAR},
			#{usuarioCreacion, jdbcType=VARCHAR},
			SYSDATE,
			NULL,
			NULL
		)
		
	</insert>
	
	<update id="actualizarUpdateVenta" parameterType="com.cardif.satelite.cpe.bean.UpdateVentaCpeBean">
	
		UPDATE CPE_UPDATE_VENTA
		SET 
		    FEC_VENCIMIENTO = #{fechaVencimiento, jdbcType=DATE},
		    RAZSOC_CLI = #{razSocCli, jdbcType=VARCHAR},
		    DIR_CLI = #{dirCli, jdbcType=VARCHAR},
		    DEPARTAMENTO = #{departamento, jdbcType=VARCHAR},
		    PROVINCIA = #{provincia, jdbcType=VARCHAR},
		    DISTRITO = #{distrito, jdbcType=VARCHAR},
		    USU_MODIFICA = #{usuarioModificacion, jdbcType=VARCHAR},
		    FEC_MODIFICA = SYSDATE
		WHERE
		    ID_VENTAPROCESO = #{idVentaProceso, jdbcType=NUMERIC}
		    
	</update>
	
	<update id="limpiarCaracterExtrano" parameterType="com.cardif.satelite.cpe.bean.VentaCpeBean">
	
		UPDATE CPE_CARGAVENTA_DET SET 
			NOMCLI_RAZSOC = REPLACE(REPLACE(REPLACE(NOMCLI_RAZSOC,'''',''),'{',''),'}',''), 
			DIR_CLI = REPLACE(REPLACE(REPLACE(DIR_CLI,'''',''),'{',''),'}',''), 
			MAIL_CLI = REPLACE(REPLACE(REPLACE(MAIL_CLI,'''',''),'{',''),'}',''),  
			TELF_CLI = REPLACE(REPLACE(REPLACE(TELF_CLI,'''',''),'{',''),'}','') 
			WHERE ID_CARGA = #{idCarga, jdbcType=NUMERIC}
		    
	</update>
	
	<select id="listarProcesoVentaCpeBean"
		parameterType="com.cardif.satelite.cpe.bean.ProcesoVentaCpeBean"
		resultMap="rmTablaProcesoVenta">
		Select
		    Id_Ventaproceso,
		    Id_Proceso,
		    Id_Venta,
		    Estado
		From 
		    CPE_PROCESOCE_VENTA
		Where
		1=1
		<if test="idProceso != null">
			And
	    Id_Proceso = #{idProceso, jdbcType=NUMERIC}
	    </if>
	    <if test="idVenta != null">
	        And
	    Id_Venta = #{idVenta, jdbcType=NUMERIC}
	    </if>
	    <if test="estado != null">
	        And
	    Estado = #{estado, jdbcType=VARCHAR}
		</if>
	</select>
	
	<select id="listarUpdateVentaCpe"
		parameterType="com.cardif.satelite.cpe.bean.UpdateVentaCpeBean"
		resultMap="rmTablaUpdateVenta">
		SELECT 
		    Id_Ventaproceso,
		    Fec_Vencimiento,
		    RazSoc_Cli,
		    Dir_Cli,
		    Departamento,
		    Provincia,
		    Distrito
		FROM 
		    CPE_UPDATE_VENTA
		Where
		    Id_Ventaproceso = #{idVentaProceso, jdbcType=NUMERIC}
	</select>
	
	<select id="buscarVentaPimsUploadCpe"
		parameterType="com.cardif.satelite.cpe.bean.VentaCpeBean"
		resultMap="rmBuscarVenta">
		
		Select
		  Venta.Id_Venta,
		  Venta.Estado
		From 
		  Cpe_Cargaventa_Det Venta
		<where>
		  <if test="llaveUpload != null">
		  	Venta.Llave_Upload = #{llaveUpload, jdbcType=VARCHAR}
		  </if>
		  <if test="llavePims != null">
		  	Venta.Llave_Pims = #{llavePims, jdbcType=VARCHAR}
		  </if>
  		</where>
	</select>
	
	<update id="actualizarVentaPimsCpe"
		parameterType="com.cardif.satelite.cpe.bean.VentaCpeBean">
		
		UPDATE 
		  CPE_CARGAVENTA_DET
		<set>
			ID_EMPRESA = #{idEmpresa, jdbcType=VARCHAR},
			ID_SOCIO = #{idSocio, jdbcType=NUMERIC},
			NOM_SOCIO = #{nomSocio, jdbcType=VARCHAR},
			ID_PRODUCTO = #{idProducto, jdbcType=NUMERIC},
			NOM_PRODUCTO = #{nomProducto, jdbcType=VARCHAR},
			FEC_EMISION = #{fechaEmision, jdbcType=VARCHAR},
			ID_TIPO_COMP = #{idTipoComp, jdbcType=VARCHAR},
			CONCEP_ND = #{concepNd, jdbcType=VARCHAR},
			TIPO_MONEDA = #{tipoMoneda, jdbcType=VARCHAR},
			FEC_VENC = #{fechaVenc, jdbcType=VARCHAR},
			ID_TIPODOC_CLI = #{idTipoDocCli, jdbcType=VARCHAR},
			NUMDOC_CLI = #{numDocCli, jdbcType=VARCHAR},
			NOMCLI_RAZSOC = #{nomCliRazSoc, jdbcType=VARCHAR},
			DIR_CLI = #{dirCliente, jdbcType=VARCHAR},
			DEPARTAMENTO = #{departamento, jdbcType=VARCHAR},
			PROVINCIA = #{provincia, jdbcType=VARCHAR},
			DISTRITO = #{distrito, jdbcType=VARCHAR},
			TELF_CLI = #{telefCliente, jdbcType=VARCHAR},
			MAIL_CLI = #{mailCliente, jdbcType=VARCHAR},
			ID_TIPO_COMP_REF = #{idTipoCompRef, jdbcType=VARCHAR},
			NUM_SERIE_REF = #{numSerieRef, jdbcType=NUMERIC},
			NUM_COR_REF = #{numCorRef, jdbcType=NUMERIC},
			FEC_EMISION_REF = #{fechaEmisionRef, jdbcType=VARCHAR},
			CONCEPTO = #{concepto, jdbcType=VARCHAR},
			COD_PROD_SUNAT = #{codProdSunat, jdbcType=NUMERIC},
			NUM_POLIZA = #{numPoliza, jdbcType=VARCHAR},
			FEC_VENTA = #{fechaVenta, jdbcType=DATE},
			VAL_FACT_EXPORT = #{valFactExport, jdbcType=NUMERIC},
			BASE_IMPONIBLE = #{baseImponible, jdbcType=NUMERIC},
			IMP_EXONERADO = #{impExonerado, jdbcType=NUMERIC},
			IMP_INAFECTO = #{impInafecto, jdbcType=NUMERIC},
			VAL_OPGRATUITAS = #{valOpGratuitas, jdbcType=NUMERIC},
			ISC = #{isc, jdbcType=NUMERIC},
			IGV = #{igv, jdbcType=NUMERIC},
			IMP_OTROS = #{impOtros, jdbcType=NUMERIC},
			IMP_TOTAL = #{impTotal, jdbcType=NUMERIC},
			TIPO_CAMBIO = #{tipoCambio, jdbcType=NUMERIC},
			ESTADO = #{estado, jdbcType=VARCHAR},
			OPEN_ITEM = #{openItem, jdbcType=VARCHAR},
			OPEN_ITEM_REF = #{openItemRef, jdbcType=VARCHAR},
			AREA = #{area, jdbcType=VARCHAR},
			OBSERVACION = #{observacion, jdbcType=VARCHAR},
			MONTO_USD = #{montoUsd, jdbcType=NUMERIC}, 
			COLECT_INDIV = #{colectIndiv, jdbcType=VARCHAR},
			LINEA = #{linea, jdbcType=VARCHAR},
			PERIODO = #{periodo, jdbcType=VARCHAR}, 
			FLG_PIMS = #{flgPims, jdbcType=VARCHAR},
			FLG_UPLOAD = #{flgUpload, jdbcType=VARCHAR},
			FLG_RV = #{flgRv, jdbcType=VARCHAR}, 
			FLG_COMPLETADO = #{flgCompletado, jdbcType=VARCHAR},
			ID_PLE = #{idPle, jdbcType=NUMERIC}
		</set>
		<where>
		  	ID_VENTA = #{idVenta, jdbcType=NUMERIC}
		  	AND LLAVE_PIMS = #{llavePims, jdbcType=VARCHAR}
  		</where>
	</update>
	
	<select id="buscarVentaDetalladoCpe"
		parameterType="com.cardif.satelite.cpe.bean.VentaCpeBean"
		resultMap="rmBuscarVenta">
		
		Select distinct
		  Venta.Id_Venta,
		  Venta.Id_Carga,
		  Venta.Id_Trama_Upload,
		  Venta.Llave_Upload,
		  Venta.Llave_Pims,
		  Venta.Id_Empresa,
		  Venta.Id_Socio,
		  Venta.Id_Producto,
		  Venta.Fec_Emision,
		  Venta.Id_Tipo_Comp,
		  Venta.Concep_Nd,
		  Venta.Tipo_Moneda,
		  Venta.Id_Tipodoc_Cli,
		  Venta.Numdoc_Cli,
		  Venta.Telf_Cli,
		  Venta.Mail_Cli,
		  Venta.Id_Tipo_Comp_Ref,
		  Venta.Num_Serie_Ref,
		  Venta.Num_Cor_Ref,
		  Venta.Fec_Emision_Ref,
		  Venta.Concepto,
		  Venta.Cod_Prod_Sunat,
		  Venta.Num_Poliza,
		  Venta.Fec_Venta,
		  Venta.Val_Fact_Export,
		  Venta.Base_Imponible,
		  Venta.Imp_Exonerado,
		  Venta.Imp_Inafecto,
		  Venta.Val_Opgratuitas,
		  Venta.Isc,
		  Venta.Igv,
		  Venta.Imp_Otros,
		  Venta.Imp_Total,
		  Venta.Tipo_Cambio,
		  Venta.Estado,
		  Venta.Open_Item,
		  Venta.Open_Item_Ref,
		  Venta.Area,
		  Venta.Observacion,
		  Venta.Monto_Usd,
		  Venta.Colect_Indiv,
		  Venta.Linea,
		  Venta.Periodo,
		  Venta.Flg_Pims,
		  Venta.Flg_Upload,
		  Venta.Flg_Rv,
		  Venta.Flg_Completado,
		  Venta.Id_Ple,
		  Emp.Nom_Valor As Nombre_Empresa,
		  Socio.Nom_Socio As Nombre_Socio,
		  Prod.Nom_Producto As Nombre_Producto,
		  Mon.Nom_Valor As Nombre_Moneda,
		  Estado.Nom_Valor As Nombre_Estado,
		  (Case When Venta_Cab.Id_Origen = '0' Then 'Archivo'
		  When Venta_Cab.Id_Origen = '1' Then 'Upload'
		  When Venta_Cab.Id_Origen = '2' Then 'Pims'
		  Else 'Manual' End) As Origen,
		  Venta_Cab.Fec_Carga As Fecha_Carga,
          Venta.Fec_Venc,
          Venta.Nomcli_Razsoc,
          Venta.Dir_Cli,
          Venta.Departamento,
          Venta.Provincia,
          Venta.Distrito,
          tipDoc.Nom_Valor As Nombre_Tip_Doc,
          Venta.NOMBRE_TRAMA_UPLOAD As Nombre_Trama_Upload
		From 
		  Cpe_Cargaventa_Det Venta Inner Join Cpe_Parametro Emp
		    On Emp.Cod_Param = #{paramEmpresa, jdbcType=VARCHAR} And Emp.Tip_Param = #{paramTipParam, jdbcType=VARCHAR} And Emp.Cod_Valor = Venta.Id_Empresa
		  Inner Join Cpe_Socio Socio
		    On Socio.Id_Socio = Venta.Id_Socio
		  Inner Join Cpe_Producto Prod
		    On Prod.Id_Producto = Venta.Id_Producto
		  Inner Join Cpe_Parametro Mon
		    On Mon.Cod_Param = #{paramMoneda, jdbcType=VARCHAR} And Mon.Tip_Param = #{paramTipParam, jdbcType=VARCHAR} And Mon.Cod_Valor = Venta.Tipo_Moneda
		  Inner Join Cpe_Venta_Estado Est
		    On Est.Id_Venta = Venta.Id_Venta
		    And Est.Id_Ventaestado = (Select Max(Cve.Id_Ventaestado) From Cpe_Venta_Estado Cve Where Cve.Id_Venta = Venta.Id_Venta)
		  Inner Join Cpe_Parametro Estado
		    On Estado.Cod_Param = #{paramEstadoVenta, jdbcType=VARCHAR} And Estado.Tip_Param = #{paramTipParam, jdbcType=VARCHAR} And Estado.Cod_Valor = Est.Estado_Venta
		  Inner Join Cpe_Cargaventa_Cab Venta_Cab
		    On Venta_Cab.Id_Carga = Venta.Id_Carga
		  Left Join Cpe_Ecomprobante Comp
    		On Comp.Id_Venta = Venta.Id_Venta and Comp.Id_Tipo_Comp = Venta.Id_Tipo_Comp and Comp.Estado_Comp != 6
    	  Inner Join Cpe_Parametro tipDoc
            On tipDoc.Cod_Param = #{paramTipDoc, jdbcType=VARCHAR} And tipDoc.Tip_Param = #{paramTipParam, jdbcType=VARCHAR} and tipDoc.Cod_Valor = Venta.Id_Tipodoc_Cli
          Inner Join Cpe_configuracion conf
            On conf.id_empresa = Venta.id_empresa and conf.id_socio = Venta.id_socio 
            and conf.id_producto = Venta.id_producto and conf.id_tipo_comp = Venta.id_tipo_comp
            and conf.serie is not null and conf.estado_config = 1
		Where
			Venta.Id_Venta NOT IN (SELECT ID_VENTA FROM CPE_PROCESOCE_VENTA WHERE ESTADO = 1)
		<if test="fechaDesde != null and fechaHasta != null">
		  And
		  Venta_Cab.Fec_Carga BETWEEN #{fechaDesde, jdbcType=DATE} AND #{fechaHasta, jdbcType=DATE}
        </if>
        <if test="origen != null">
          And
          Venta_Cab.Id_Origen = #{origen, jdbcType=VARCHAR}
        </if>
        <if test="numPoliza != null">
          And
          Venta.Num_Poliza = #{numPoliza, jdbcType=VARCHAR}
        </if>
        <if test="estadoVenta != null">
          And
          Est.Estado_Venta = #{estadoVenta, jdbcType=VARCHAR}
        </if>
        <if test="idSocio != null">
		  And
		  Venta.Id_Socio = #{idSocio, jdbcType=NUMERIC}
		</if>
		<if test="idProducto != null">
		  And
		  Venta.Id_Producto = #{idProducto, jdbcType=NUMERIC}
		</if>
		<if test="concepto != null">
		  And
		  Venta.Concepto Like #{concepto, jdbcType=VARCHAR}
		</if>
		<if test="nomCliRazSoc != null">
		  And
		  Venta.Nomcli_Razsoc Like #{nomCliRazSoc, jdbcType=VARCHAR}
		</if>
		<if test="idTipoComp != null">
		  And
		  Venta.Id_Tipo_Comp = #{idTipoComp, jdbcType=VARCHAR}
		</if>
		<if test="idTipoDocCli != null">
		  And
		  Venta.Id_Tipodoc_Cli = #{idTipoDocCli, jdbcType=VARCHAR}
		</if>
		<if test="tipoMoneda != null">
		  And
		  Venta.Tipo_Moneda = #{tipoMoneda, jdbcType=VARCHAR}
		</if>
		<if test="impTotal != null">
		  And
		  Venta.Imp_Total = #{impTotal, jdbcType=NUMERIC}
		</if>
		<if test="numDocCli != null">
		  And
		  Venta.Numdoc_Cli = #{numDocCli, jdbcType=VARCHAR}
		</if>
		<if test="flgCompletado != null">
		  And
		  Venta.Flg_Completado = #{flgCompletado, jdbcType=VARCHAR}
		</if>
		<if test="numeroComprobante != null">
		  And
  		  Comp.Serie_Comp || Comp.Corr_Comp = #{numeroComprobante, jdbcType=NUMERIC}
  		</if>
  		<if test="idTramaUpload != null">
		  And
  		  Id_Trama_Upload = #{idTramaUpload, jdbcType=NUMERIC}
  		</if>
  		<if test="idCarga != null">
		  And
  		  Venta.Id_Carga = #{idCarga, jdbcType=NUMERIC}
  		</if>
  		ORDER BY Venta_Cab.Fec_Carga DESC
		
	</select>
	
	<select id="listarCargaVentaCab"
		parameterType="com.cardif.satelite.cpe.bean.CargaVentaCabCpeBean"
		resultMap="rmCargaVentaCab">
		
		Select
		    Id_Carga,
		    Id_Origen,
		    Id_Tipo_Carga,
		    Nom_Archivo,
		    Num_Registros,
		    Estado_Carga,
		    Fec_Carga,
		    Usu_Carga,
		    Fec_Archivo,
		    Peso_Archivo
		From
		    Cpe_Cargaventa_Cab
		Where
		1=1
		<if test="idCarga != null">
		And
		Id_Carga = #{idCarga, jdbcType=NUMERIC}
		</if>
		
	</select>
	
	<update id="actualizarIncompletosVentaCpe" parameterType="com.cardif.satelite.cpe.bean.VentaCpeBean">
		Update Cpe_Cargaventa_Det
		Set Tipo_Moneda = #{tipoMoneda, jdbcType=VARCHAR},
		    Id_Tipodoc_Cli = #{idTipoDocCli, jdbcType=VARCHAR},
		    Numdoc_Cli = #{numDocCli, jdbcType=VARCHAR},
		    Nomcli_Razsoc = #{nomCliRazSoc, jdbcType=VARCHAR},
		    Dir_Cli = #{dirCliente, jdbcType=VARCHAR},
		    Departamento = #{departamento, jdbcType=VARCHAR},
		    Provincia = #{provincia, jdbcType=VARCHAR},
		    Distrito = #{distrito, jdbcType=VARCHAR},
		    Telf_Cli = #{telefCliente, jdbcType=VARCHAR},
		    Mail_Cli = #{mailCliente, jdbcType=VARCHAR},
		    Concepto = #{concepto, jdbcType=VARCHAR},
		    Id_Producto = #{idProducto, jdbcType=NUMERIC},
		    Num_Poliza = #{numPoliza, jdbcType=VARCHAR},
		    Flg_Pims = #{flgPims, jdbcType=VARCHAR},
		    Flg_Upload = #{flgUpload, jdbcType=VARCHAR},
		    Flg_Rv = #{flgRv, jdbcType=VARCHAR},
		    <!--TIP_PER0100_CC14 INICIO 2019/06/20 10:57 Se agrega la actualización del campo-->
		    Flg_DataMart = #{flgDataMart, jdbcType=VARCHAR}
		    <!--TIP_PER0100_CC14 FIN -->
		Where
		    Id_Venta = #{idVenta, jdbcType=NUMERIC}
	</update>
	
	<update id="actualizarProcesoMasivoCpe" parameterType="com.cardif.satelite.cpe.bean.ProcesoCpeBean">
		Update Cpe_Procesoce_Cab
		Set Tipo_Proceso = #{tipoProceso, jdbcType=VARCHAR},
		    Flg_Procesa = #{flgProcesa, jdbcType=VARCHAR}
		Where
		    Id_Proceso = #{idProceso, jdbcType=NUMERIC}
	</update>
	
	<update id="actualizarProcesoLoteCpe" parameterType="com.cardif.satelite.cpe.bean.ProcesoCpeBean">
		Update
			Cpe_Procesoce_Cab
		Set
			Num_Lote = #{numeroLote, jdbcType=VARCHAR}
		Where
		    Id_Proceso = #{idProceso, jdbcType=NUMERIC}
	</update>
	
	<delete id="eliminarVentaProcesoCpe" parameterType="com.cardif.satelite.cpe.bean.ProcesoVentaCpeBean">
		delete from CPE_PROCESOCE_VENTA
		WHERE id_venta=#{idVenta, jdbcType=NUMERIC} 
		and id_proceso=#{idProceso, jdbcType=NUMERIC} 
		and estado=1
	</delete>
	
	<delete id="eliminarUpdateVentaCpe" parameterType="com.cardif.satelite.cpe.bean.UpdateVentaCpeBean">
		Delete From cpe_update_venta
		Where Id_Ventaproceso = #{idVentaProceso, jdbcType=NUMERIC} 
	</delete>
	
	<delete id="eliminarProcesoVentaProcesoCpe" parameterType="com.cardif.satelite.cpe.bean.ProcesoVentaCpeBean">
		delete from CPE_PROCESOCE_VENTA
		WHERE id_proceso=#{idProceso, jdbcType=NUMERIC}
	</delete>
	
	<delete id="eliminarTmpCompletarDatosCpe" parameterType="com.cardif.satelite.cpe.bean.VentaCpeBean">
		delete from CPE_TMP_COMPLETARDATOS
		WHERE ID_CARGA=#{idCarga, jdbcType=NUMERIC}
	</delete>
	
	<update id="actualizarVentaIdAgrupado" parameterType="com.cardif.satelite.cpe.bean.VentaCpeBean">
		UPDATE CPE_CARGAVENTA_DET 
		SET ID_AGRUPADO = #{idAgrupado, jdbcType=NUMERIC}
		WHERE ID_VENTA = #{idVenta, jdbcType=NUMERIC}
	</update>
	
	<select id="buscarVentaCompletarDatosCpe"
		parameterType="com.cardif.satelite.cpe.bean.VentaCpeBean"
		resultMap="rmBuscarVenta">
		
		SELECT
		    *
		FROM
		    (SELECT
		        ID_PRODUCTO,
		        TIPO_MONEDA,
		        ID_TIPODOC_CLI,
		        NUMDOC_CLI,
		        NOMCLI_RAZSOC,
		        DIR_CLI,
		        DEPARTAMENTO,
		        PROVINCIA,
		        DISTRITO,
		        TELF_CLI,
		        MAIL_CLI,
		        CONCEPTO,
		        NUM_POLIZA
		    FROM 
		        CPE_CARGAVENTA_DET
		    WHERE
		    	NUMDOC_CLI = #{numDocCli, jdbcType=VARCHAR}
		    ORDER BY 1 DESC)
		WHERE
		    ROWNUM = 1
		  
	</select>
	
	<update id="actualizarNumDocCliVenta" parameterType="com.cardif.satelite.cpe.bean.VentaCpeBean">
		UPDATE CPE_CARGAVENTA_DET
		SET NUMDOC_CLI = #{numDocCli, jdbcType=VARCHAR},
			NUM_POLIZA = #{numPoliza, jdbcType=VARCHAR}
		WHERE ID_VENTA = #{idVenta, jdbcType=NUMERIC}
	</update>
	
	<select id="listarAgrupadoChild"
		parameterType="com.cardif.satelite.cpe.bean.VentaCpeBean"
		resultMap="rmAgrupadoChild">
		
		SELECT
		    ID_VENTA
		FROM
		    CPE_CARGAVENTA_DET
		WHERE
		    ID_AGRUPADO = #{idVenta, jdbcType=NUMERIC}
		  
	</select>
	
	<update id="actualizarProcesoVentaCpe" parameterType="com.cardif.satelite.cpe.bean.ProcesoVentaCpeBean">
		
		UPDATE CPE_PROCESOCE_VENTA
		SET ESTADO = #{estado, jdbcType=VARCHAR}
		WHERE ID_PROCESO = #{idProceso, jdbcType=NUMERIC} 
		AND ID_VENTA = #{idVenta, jdbcType=NUMERIC}
		 
	</update>
	
	<select id="obtenerProcesoById"
		parameterType="com.cardif.satelite.cpe.bean.ProcesoCpeBean"
		resultMap="rmTablaProceso">
		
		SELECT
		      Cab.Id_Proceso As Id_Proceso,
		      Cab.Nom_Proceso As Nombre_Proceso,
		      Cab.Num_Lote As Numero_Lote
		FROM
		    CPE_PROCESOCE_CAB Cab
		WHERE
		    ID_PROCESO=#{idProceso, jdbcType=NUMERIC}
		
	</select>
	
	<select id="listarAgrupadoUpload"
		parameterType="com.cardif.satelite.cpe.bean.VentaCpeBean"
		resultMap="rmAgrupUpload">
		
		SELECT
		    VNT.ID_CARGA,
		    VNT.ID_TRAMA_UPLOAD,
		    VNT.NOMBRE_TRAMA_UPLOAD,
		    CAB.ID_ORIGEN,
		    CAB.ID_TIPO_CARGA,
		    CAB.FEC_CARGA,
		    CAB.USU_CARGA,
		    CAB.ESTADO_CARGA,
		    COUNT(*) AS CANTIDAD
		FROM
		    CPE_CARGAVENTA_DET VNT
		    INNER JOIN CPE_CARGAVENTA_CAB CAB
		        ON CAB.ID_CARGA = VNT.ID_CARGA
		    LEFT JOIN CPE_ECOMPROBANTE COMP
		        ON COMP.ID_VENTA = VNT.ID_VENTA and COMP.ID_TIPO_COMP = VNT.ID_TIPO_COMP and COMP.ESTADO_COMP != 6
		    INNER JOIN CPE_CONFIGURACION CONF
		        ON CONF.ID_EMPRESA = VNT.ID_EMPRESA AND CONF.ID_SOCIO = VNT.ID_SOCIO 
		        AND CONF.ID_PRODUCTO = VNT.ID_PRODUCTO AND CONF.ID_TIPO_COMP = VNT.ID_TIPO_COMP
		        AND CONF.SERIE IS NOT NULL AND CONF.ESTADO_CONFIG = 1
		WHERE
		    CAB.ID_ORIGEN = #{origen, jdbcType=VARCHAR}
		    AND
		    CAB.ESTADO_CARGA = 1
		    AND
		    VNT.ID_TRAMA_UPLOAD IS NOT NULL
		    AND
		    VNT.NOMBRE_TRAMA_UPLOAD IS NOT NULL
		    AND
		    VNT.ID_VENTA NOT IN (SELECT ID_VENTA FROM CPE_PROCESOCE_VENTA WHERE ESTADO=1)
		    AND
		    TRUNC(CAB.FEC_CARGA) BETWEEN #{fechaDesde, jdbcType=DATE} AND #{fechaHasta, jdbcType=DATE}
		    <if test="idSocio != null">
		    AND
		    VNT.ID_SOCIO = #{idSocio, jdbcType=NUMERIC}
		    </if>
		    <if test="idProducto != null">
		    AND
		    VNT.ID_PRODUCTO = #{idProducto, jdbcType=NUMERIC}
		    </if>
		GROUP BY VNT.ID_CARGA, CAB.ID_ORIGEN,CAB.ID_TIPO_CARGA
		        ,CAB.FEC_CARGA,CAB.USU_CARGA,VNT.ID_TRAMA_UPLOAD
		        ,VNT.NOMBRE_TRAMA_UPLOAD,CAB.ESTADO_CARGA
		ORDER BY VNT.ID_CARGA ASC
		
	</select>
	
	<select id="listarVentaByIdCarga"
		parameterType="com.cardif.satelite.cpe.bean.VentaCpeBean"
		resultMap="rmBuscarVenta">
		
		Select
		  Venta.Id_Venta
		From 
		  Cpe_Cargaventa_Det Venta
		where
		  	Venta.Id_Carga = #{idCarga, jdbcType=NUMERIC}
		
	</select>
	
	<!-- TIP_PER0100_CC14 INICIO 2019/06/17 - 10:18 - Se implementan las consultas asocidas a los métodos listarProcesoVentaDetalleItemCpeBean y insertarProcesoVentaDetalleItemCpeBean -->
	
	<select id="listarProcesoVentaDetalleItemCpeBean"
		parameterType="com.cardif.satelite.cpe.bean.CargaVentaItemCpeBean"
		resultMap="rmBuscarDetalleItemVenta">
		
		Select
		  Item.ID_VENTAITM
		  ,Item.ID_VENTA
		  ,Item.CONCEPTOITM
		  ,Item.CANTIDAD
		  ,Item.VALOR_VENTA
		  ,Item.IGV
		  ,Item.VALOR_TOTAL
		From 
		  Cpe_Cargaventa_Itm Item
		where
		  	Item.ID_VENTA = #{idVenta, jdbcType=NUMERIC}
		
	</select>
	
	<insert id="insertarProcesoVentaDetalleItemCpeBean" parameterType="com.cardif.satelite.cpe.bean.CargaVentaItemCpeBean">
		
		<selectKey order="BEFORE" keyProperty="idItemDetalleVenta"
			resultType="java.lang.Long">
			SELECT SEC_CPE_CARGAVENTA_ITM.NEXTVAL FROM DUAL
		</selectKey>
		
			Insert Into Cpe_Cargaventa_Itm
			(
				ID_VENTAITM 
				,ID_VENTA
				,CONCEPTOITM
				,CANTIDAD 
				,VALOR_VENTA
				,IGV
				,VALOR_TOTAL
				,USU_CREA
				,FEC_CREA
			)
			Values
			(
				#{idItemDetalleVenta, jdbcType=NUMERIC},
				#{idVenta, jdbcType=NUMERIC},
				#{concepto, jdbcType=VARCHAR},
				#{cantidad, jdbcType=NUMERIC},
				#{valorVenta, jdbcType=NUMERIC},
				#{igv, jdbcType=NUMERIC},
				#{valorTotal, jdbcType=NUMERIC},
				#{usuarioCreacion, jdbcType=VARCHAR},
				SYSDATE
			)
	</insert>
	
	<delete id="eliminarProcesoVentaDetalleItemCpeBean"
		parameterType="com.cardif.satelite.cpe.bean.CargaVentaItemCpeBean">
		DELETE FROM
			Cpe_Cargaventa_Itm
		WHERE
			ID_VENTAITM = #{idItemDetalleVenta, jdbcType=NUMERIC}
	</delete>
	<!-- TIP_PER0100_CC14 FIN -->
</mapper>