<?xml version="1.0" encoding="UTF-8"?>
<!DOCTYPE mapper PUBLIC "-//mybatis.org//DTD Mapper 3.0//EN" "http://mybatis.org/dtd/mybatis-3-mapper.dtd" >
<mapper namespace="com.cardif.satelite.cpe.dao.ProductoCpeMapper">

	<resultMap id="rmProducto" type="com.cardif.satelite.cpe.bean.ProductoCpeBean">
		<result column="id_producto" jdbcType="NUMERIC" property="idProducto" />
		<result column="id_socio" jdbcType="NUMERIC" property="idSocio" />
		<result column="id_producto_pims" jdbcType="NUMERIC" property="idProductoPims" />
		<result column="tipo_producto" jdbcType="NVARCHAR" property="tipoProducto" />
		<result column="nom_socio" jdbcType="NVARCHAR" property="nomSocio" />
		<result column="nom_producto" jdbcType="NVARCHAR" property="nomProducto" />
		<result column="prefijo_alta" jdbcType="NVARCHAR" property="prefijoAlta" />
		<result column="prefijo_recaudo" jdbcType="NVARCHAR" property="prefijoRecaudo" />
		<result column="flg_agrupa" jdbcType="NVARCHAR" property="flgAgrupa" />
		<result column="key_columns_pims" jdbcType="NVARCHAR" property="keyColumsPims" />
		<result column="key_columns_upload" jdbcType="NVARCHAR" property="keyColumsUpload" />
		<result column="cod_prod_sunat" jdbcType="NUMERIC" property="codProdSunat" />
		<result column="usu_crea" jdbcType="NVARCHAR" property="usuCrea" />
		<result column="fec_crea" jdbcType="DATE" property="fecCrea" />
		<result column="usu_modifica" jdbcType="NVARCHAR" property="usuModifica" />
		<result column="fec_modifica" jdbcType="DATE" property="fecModifica" />
		<!-- TIP_PER0100_CC09_13 INICIO 2019/05/10 - 11:20 - Se mapea el campo Tipo_movimiento -->
		<result column="tipo_movimiento" jdbcType="NVARCHAR" property="tipoMovimiento" />
		<!-- TIP_PER0100_CC09_13 FIN -->
	</resultMap>
	
	<select id="listarProducto"
		parameterType="com.cardif.satelite.cpe.bean.ProductoCpeBean"
		resultMap="rmProducto">
			
		SELECT
		  P.id_producto,
		  P.id_socio,
		  P.id_producto_pims,
		  P.tipo_producto,
		  S.nom_socio,
		  P.nom_producto,
		  P.prefijo_alta,
		  P.prefijo_recaudo,
		  P.flg_agrupa,
		  P.key_columns_pims,
		  P.key_columns_upload,
		  P.cod_prod_sunat,
		  P.usu_crea,
		  P.fec_crea,
		  P.usu_modifica,
		  P.fec_modifica,
		  <!-- TIP_PER0100_CC09_13 INICIO 2019/05/10 - 11:20 - Se consulta el campo Tipo_movimiento -->
		  P.tipo_movimiento
		  <!-- TIP_PER0100_CC09_13 INICIO -->
		FROM
		  CPE_PRODUCTO P
		  INNER JOIN CPE_SOCIO S ON P.ID_SOCIO = S.ID_SOCIO
		WHERE
			1 = 1
			<if test="idSocio != null">
		  		AND P.id_socio = #{idSocio, jdbcType=NUMERIC}
		  	</if>
		  	<if test="idProducto != null">
		  		AND P.id_producto = #{idProducto, jdbcType=NUMERIC}
		  	</if>
		ORDER BY P.nom_producto
	</select>
	
</mapper>