<?xml version="1.0" encoding="UTF-8"?>
<!DOCTYPE mapper PUBLIC "-//mybatis.org//DTD Mapper 3.0//EN" "http://mybatis.org/dtd/mybatis-3-mapper.dtd" >
<mapper namespace="com.cardif.satelite.cpe.dao.RegistroVentasSuscripcionMapper">

	<resultMap id="rmBuscarVenta" type="com.cardif.satelite.cpe.bean.VentaCpeBean">
		<result column="Id_Venta" jdbcType="NUMERIC" property="idVenta" />
		<result column="Id_Carga" jdbcType="NUMERIC" property="idCarga" />
		<result column="Id_Trama_Upload" jdbcType="NUMERIC" property="idTramaUpload" />
		<result column="Llave_Upload" jdbcType="VARCHAR" property="llaveUpload" />
		<result column="Llave_Pims" jdbcType="VARCHAR" property="llavePims" />
		<result column="Id_Empresa" jdbcType="VARCHAR" property="idEmpresa" />
		<result column="Id_Socio" jdbcType="NUMERIC" property="idSocio" />
		<result column="Id_Producto" jdbcType="NUMERIC" property="idProducto" />
		<result column="Fec_Emision" jdbcType="VARCHAR" property="fechaEmision" />
		<result column="Id_Tipo_Comp" jdbcType="VARCHAR" property="idTipoComp" />
		<result column="Concep_Nd" jdbcType="VARCHAR" property="concepNd" />
		<result column="Tipo_Moneda" jdbcType="VARCHAR" property="tipoMoneda" />
		<result column="Fec_Venc" jdbcType="VARCHAR" property="fechaVenc" />
		<result column="Id_Tipodoc_Cli" jdbcType="VARCHAR" property="idTipoDocCli" />
		<result column="Numdoc_Cli" jdbcType="VARCHAR" property="numDocCli" />
		<result column="Nomcli_Razsoc" jdbcType="VARCHAR" property="nomCliRazSoc" />
		<result column="Dir_Cli" jdbcType="VARCHAR" property="dirCliente" />
		<result column="Departamento" jdbcType="VARCHAR" property="departamento" />
		<result column="Provincia" jdbcType="VARCHAR" property="provincia" />
		<result column="Distrito" jdbcType="VARCHAR" property="distrito" />
		<result column="Telf_Cli" jdbcType="VARCHAR" property="telefCliente" />
		<result column="Mail_Cli" jdbcType="VARCHAR" property="mailCliente" />
		<result column="Id_Tipo_Comp_Ref" jdbcType="VARCHAR" property="idTipoCompRef" />
		<result column="Num_Serie_Ref" jdbcType="NUMERIC" property="numSerieRef" />
		<result column="Num_Cor_Ref" jdbcType="NUMERIC" property="numCorRef" />
		<result column="Fec_Emision_Ref" jdbcType="VARCHAR" property="fechaEmisionRef" />
		<result column="Concepto" jdbcType="VARCHAR" property="concepto" />
		<result column="Cod_Prod_Sunat" jdbcType="NUMERIC" property="codProdSunat" />
		<result column="Num_Poliza" jdbcType="VARCHAR" property="numPoliza" />
		<result column="Fec_Venta" jdbcType="DATE" property="fechaVenta" />
		<result column="Val_Fact_Export" jdbcType="NUMERIC" property="valFactExport" />
		<result column="Base_Imponible" jdbcType="NUMERIC" property="baseImponible" />
		<result column="Imp_Exonerado" jdbcType="NUMERIC" property="impExonerado" />
		<result column="Imp_Inafecto" jdbcType="NUMERIC" property="impInafecto" />
		<result column="Val_Opgratuitas" jdbcType="NUMERIC" property="valOpGratuitas" />
		<result column="Isc" jdbcType="NUMERIC" property="isc" />
		<result column="Igv" jdbcType="NUMERIC" property="igv" />
		<result column="Imp_Otros" jdbcType="NUMERIC" property="impOtros" />
		<result column="Imp_Total" jdbcType="NUMERIC" property="impTotal" />
		<result column="Tipo_Cambio" jdbcType="NUMERIC" property="tipoCambio" />
		<result column="Estado" jdbcType="VARCHAR" property="estado" />
		<result column="Open_Item" jdbcType="VARCHAR" property="openItem" />
		<result column="Open_Item_Ref" jdbcType="VARCHAR" property="openItemRef" />
		<result column="Area" jdbcType="VARCHAR" property="area" />
		<result column="Observacion" jdbcType="VARCHAR" property="observacion" />
		<result column="Monto_Usd" jdbcType="NUMERIC" property="montoUsd" />
		<result column="Colect_Indiv" jdbcType="VARCHAR" property="colectIndiv" />
		<result column="Linea" jdbcType="VARCHAR" property="linea" />
		<result column="Periodo" jdbcType="VARCHAR" property="periodo" />
		<result column="Flg_Pims" jdbcType="VARCHAR" property="flgPims" />
		<result column="Flg_Upload" jdbcType="VARCHAR" property="flgUpload" />
		<result column="Flg_Rv" jdbcType="VARCHAR" property="flgRv" />
		<result column="Flg_Completado" jdbcType="VARCHAR" property="flgCompletado" />
		<result column="Id_Ple" jdbcType="NUMERIC" property="idPle" />
		<result column="Nombre_Empresa" jdbcType="VARCHAR" property="nombreEmpresa" />
		<result column="Nombre_Socio" jdbcType="VARCHAR" property="nomSocio" />
		<result column="Nombre_Producto" jdbcType="VARCHAR" property="nomProducto" />
		<result column="Nombre_Moneda" jdbcType="VARCHAR" property="nombreMoneda" />
		<result column="Nombre_Estado" jdbcType="VARCHAR" property="nombreEstado" />
		<result column="Origen" jdbcType="VARCHAR" property="origen" />
		<result column="Fecha_Carga" jdbcType="DATE" property="fechaCarga" />
		<result column="Nombre_Tip_Doc" jdbcType="VARCHAR" property="nombreTipDoc" />
	</resultMap>
	<resultMap id="rmGeneraPle" type="com.cardif.satelite.model.TstVentas">
		<result column="CorrelativoRegistro" jdbcType="NUMERIC" property="correlativoregistro" />
		<result column="FechaEmision" jdbcType="TIMESTAMP" property="fechaemision" />
		<result column="FechaVencimiento" jdbcType="TIMESTAMP" property="fechavencimiento" />
		<result column="TipoComprobante" jdbcType="NUMERIC" property="tipocomprobante" />
		<result column="NroSerie" jdbcType="NUMERIC" property="nroserie" />
		<result column="CorrelativoSerie" jdbcType="NUMERIC" property="correlativoserie" />
		<result column="TipoDocCliente" jdbcType="VARCHAR" property="tipodoccliente" />
		<result column="NumeroDocCliente" jdbcType="VARCHAR" property="numerodoccliente" />
		<result column="NombresRazonSocial" jdbcType="VARCHAR" property="nombresrazonsocial" />
		<result column="ValorFactExport" jdbcType="NUMERIC" property="valorfactexport" />
		<result column="BaseImponible" jdbcType="NUMERIC" property="baseimponible" />
		<result column="ImporteExonerado" jdbcType="NUMERIC" property="importeexonerado" />
		<result column="ImporteInafecto" jdbcType="NUMERIC" property="importeinafecto" />
		<result column="ISC" jdbcType="NUMERIC" property="isc" />
		<result column="IGV" jdbcType="NUMERIC" property="igv" />
		<result column="OtrosImportes" jdbcType="NUMERIC" property="otrosimportes" />
		<result column="ImporteTotal" jdbcType="NUMERIC" property="importetotal" />
		<result column="TipoCambio" jdbcType="NUMERIC" property="tipocambio" />
		<result column="FechaEmisionRef" jdbcType="TIMESTAMP" property="fechaemisionref" />
		<result column="TipoComprobanteRef" jdbcType="NUMERIC" property="tipocomprobanteref" />
		<result column="SerieComprobanteRef" jdbcType="NUMERIC" property="seriecomprobanteref" />
		<result column="CorrelativoSerieOrig" jdbcType="NUMERIC" property="correlativoserieorig" />
		<result column="Modificable" jdbcType="VARCHAR" property="modificable" />
		<result column="OpenItem" jdbcType="VARCHAR" property="openitem" />
		<result column="OpenItemRef" jdbcType="VARCHAR" property="openitemref" />
		<result column="NumeroPoliza" jdbcType="VARCHAR" property="numeropoliza" />
		<result column="Producto" jdbcType="VARCHAR" property="producto" />
		<result column="Estado" jdbcType="VARCHAR" property="estado" />
		<result column="OBSERVACIONES" jdbcType="VARCHAR" property="observaciones" />
		<result column="ASTERISCO" jdbcType="VARCHAR" property="asterisco" />
		<result column="CADENA1" jdbcType="VARCHAR" property="cadena1" />
		<result column="CADENA2" jdbcType="VARCHAR" property="cadena2" />
		<result column="CADENA3" jdbcType="VARCHAR" property="cadena3" />
		<result column="CADENA4" jdbcType="VARCHAR" property="cadena4" />
		<result column="CADENA5" jdbcType="VARCHAR" property="cadena5" />
		<result column="NUMERICO1" jdbcType="NUMERIC" property="numerico1" />
		<result column="NUMERICO2" jdbcType="NUMERIC" property="numerico2" />
		<result column="NUMERICO3" jdbcType="NUMERIC" property="numerico3" />
		<result column="NUMERICO4" jdbcType="NUMERIC" property="numerico4" />
		<result column="NUMERICO5" jdbcType="NUMERIC" property="numerico5" />
		<result column="FECHA1" jdbcType="TIMESTAMP" property="fecha1" />
		<result column="FECHA2" jdbcType="TIMESTAMP" property="fecha2" />
		<result column="FECHA3" jdbcType="TIMESTAMP" property="fecha3" />
		<result column="FECHA4" jdbcType="TIMESTAMP" property="fecha4" />
		<result column="FECHA5" jdbcType="TIMESTAMP" property="fecha5" />
		<result column="CONSECUTIVO" jdbcType="NUMERIC" property="consecutivo" />
		<result column="NUMER1" jdbcType="NUMERIC" property="numer1" />
		<result column="NUMER2" jdbcType="NUMERIC" property="numer2" />
		<result column="NUMER3" jdbcType="NUMERIC" property="numer3" />
		<result column="NUMER4" jdbcType="NUMERIC" property="numer4" />
		<result column="NUMER5" jdbcType="NUMERIC" property="numer5" />
		<result column="TEXTO1" jdbcType="VARCHAR" property="texto1" />
		<result column="TEXTO2" jdbcType="VARCHAR" property="texto2" />
		<result column="TEXTO3" jdbcType="VARCHAR" property="texto3" />
		<result column="TEXTO4" jdbcType="VARCHAR" property="texto4" />
		<result column="TEXTO5" jdbcType="VARCHAR" property="texto5" />
		<result column="FEC_CREACION" jdbcType="TIMESTAMP" property="fecCreacion" />
		<result column="USU_CREACION" jdbcType="NVARCHAR" property="usuCreacion" />
		<result column="FEC_MODIFICACION" jdbcType="TIMESTAMP" property="fecModificacion" />
		<result column="USU_MODIFICACION" jdbcType="NVARCHAR" property="usuModificacion" />
	</resultMap>
	
	<select id="listarRegistroVentas"
		parameterType="com.cardif.satelite.model.TstVentas"
		resultMap="rmBuscarVenta">
		
		SELECT TOP 1
			'' AS TIPO_MONEDA,
			tv.FechaEmision AS FEC_VENC,
			tv.TipoDocCliente AS ID_TIPODOC_CLI,
			tv.NumeroDocCliente AS NUMDOC_CLI,
			tv.NombresRazonSocial AS NOMCLI_RAZSOC,
			'' AS DIR_CLI,
			'' AS DEPARTAMENTO,
			'' AS PROVINCIA,
			'' AS DISTRITO,
			'' AS TELF_CLI,
			'' AS MAIL_CLI,
			'' AS CONCEPTO,
			0 AS COD_PROD_SUNAT,
			tv.NumeroPoliza AS NUM_POLIZA,
			0.00 AS VAL_FACT_EXPORT,
			0.00 AS BASE_IMPONIBLE, 
			0.00 AS IMP_EXONERADO,
			0.00 AS IMP_INAFECTO,
			0.00 AS VAL_OPGRATUITAS,
			0.00 AS ISC,
			0.00 AS IGV,
			0.00 AS IMP_OTROS 
		FROM
			tst_ventas tv
		WHERE
			1=1
			<if test="numerodoccliente != null">
				AND tv.NumeroDocCliente = #{numerodoccliente, jdbcType=NVARCHAR}
			</if>
		ORDER BY
			tv.pk DESC
	    
	</select>
	
</mapper>