<?xml version="1.0" encoding="UTF-8"?>
<!DOCTYPE mapper PUBLIC "-//mybatis.org//DTD Mapper 3.0//EN" "http://mybatis.org/dtd/mybatis-3-mapper.dtd" >
<mapper namespace="com.cardif.satelite.cpe.dao.ReportesCpeMapper">
	
	<resultMap id="rmComprobantesElectronicos" type="com.cardif.satelite.cpe.bean.ReporteComprobantesElectronicosBean">
		<result column="NOM_EMPRESA" jdbcType="NVARCHAR" property="nomEmpresa" />
		<result column="NOM_SOCIO" jdbcType="NVARCHAR" property="nomSocio" />
		<result column="NOM_PRODUCTO" jdbcType="NVARCHAR" property="nomProducto" />
		<result column="NOM_TIPODOC_CLI" jdbcType="NVARCHAR" property="nomTipoDocCli" />
		<result column="NUMDOC_CLI" jdbcType="NVARCHAR" property="numDocCli" />
		<result column="NOMCLI_RAZSOC" jdbcType="NVARCHAR" property="nomCliRazSoc" />
		<result column="DIR_CLI" jdbcType="NVARCHAR" property="dirCliente" />
		<result column="DEPARTAMENTO" jdbcType="NVARCHAR" property="departamento" />
		<result column="PROVINCIA" jdbcType="NVARCHAR" property="provincia" />
		<result column="DISTRITO" jdbcType="NVARCHAR" property="distrito" />
		<result column="TELF_CLI" jdbcType="NVARCHAR" property="telefCliente" />
		<result column="MAIL_CLI" jdbcType="NVARCHAR" property="mailCliente" />
		<result column="FEC_EMISION" jdbcType="DATE" property="fecEmision" />		
		<result column="FEC_VENC" jdbcType="NVARCHAR" property="fechaVenc" />		
		<result column="SERIE_COMP" jdbcType="NVARCHAR" property="serieComp" />
		<result column="CORR_COMP" jdbcType="NVARCHAR" property="corrComp" />
		<result column="NOM_ESTADO_COMP" jdbcType="NVARCHAR" property="nomEstadoComp" />
		<result column="NOM_TIPO_COMP" jdbcType="NVARCHAR" property="nomTipoComp" />		
		<result column="CONCEP_ND" jdbcType="NVARCHAR" property="concepNd" />
		<result column="ID_TIPO_COMP_REF" jdbcType="NVARCHAR" property="idTipoCompRef" />
		<result column="FEC_EMISION_REF" jdbcType="NVARCHAR" property="fechaEmisionRef" />
		<result column="NUM_SERIE_REF" jdbcType="NVARCHAR" property="numSerieRef" />
		<result column="NUM_CORR_REF" jdbcType="NVARCHAR" property="numCorrRef" />
		<result column="NOM_MONEDA" jdbcType="NVARCHAR" property="nomMoneda" />
		<result column="BASE_IMPONIBLE" jdbcType="NUMERIC" property="baseImponible" />
		<result column="IMP_INAFECTO" jdbcType="NUMERIC" property="impInafecto" />
		<result column="IGV" jdbcType="NUMERIC" property="igv" />
		<result column="ISC" jdbcType="NUMERIC" property="isc" />		
		<result column="IMP_EXONERADO" jdbcType="NUMERIC" property="impExonerado" />		
		<result column="VAL_FACT_EXPORT" jdbcType="NUMERIC" property="valFactExport" />
		<result column="VAL_OPGRATUITAS" jdbcType="NUMERIC" property="valOpGratuitas" />		
		<result column="IMP_OTROS" jdbcType="NUMERIC" property="impOtros" />
		<result column="IMP_TOTAL" jdbcType="NUMERIC" property="impTotal" />
		<result column="TIPO_CAMBIO" jdbcType="NUMERIC" property="tipoCambio" />		
		<result column="CONCEPTO" jdbcType="NVARCHAR" property="concepto" />
		<result column="NUM_POLIZA" jdbcType="NVARCHAR" property="numPoliza" />		
		<result column="OPEN_ITEM" jdbcType="NVARCHAR" property="openItem" />
		<result column="OPEN_ITEM_REF" jdbcType="NVARCHAR" property="openItemRef" />
		<result column="AREA" jdbcType="NVARCHAR" property="area" />
		<result column="OBSERVACION" jdbcType="NVARCHAR" property="observacion" />
		<result column="COLECT_INDIV" jdbcType="NVARCHAR" property="colectIndiv" />
		<result column="LINEA" jdbcType="NVARCHAR" property="linea" />
		<result column="PERIODO" jdbcType="NVARCHAR" property="periodo" />
		<result column="USU_CREA" jdbcType="NVARCHAR" property="usuarioCrea" />
		
		<result column="ID_EMPRESA" jdbcType="NUMERIC" property="idEmpresa" />		
		<result column="ID_SOCIO" jdbcType="NUMERIC" property="idSocio" />
		<result column="ID_PRODUCTO" jdbcType="NUMERIC" property="idProducto" />
		<result column="ID_TIPODOC_CLI" jdbcType="NVARCHAR" property="idTipoDocCli" />
		<result column="ID_ESTADO_COMP" jdbcType="NVARCHAR" property="idEstadoComp" />
		<result column="ID_TIPO_COMP" jdbcType="NVARCHAR" property="idTipoComp" />
		<result column="TIPO_MONEDA" jdbcType="NVARCHAR" property="tipoMoneda" />
		<result column="MODIFICABLE" jdbcType="NVARCHAR" property="modificable" />
		<result column="CORR_ACTUAL" jdbcType="NUMERIC" property="corActual" />		
	</resultMap>
	
	<resultMap id="rmReporteRegistroVentasPle" type="com.cardif.satelite.cpe.bean.ReporteRegistroVentasPleBean">
		<result column="ID_COMPROBANTE" jdbcType="NUMERIC" property="idComprobante" />
		<result column="VPERIODO" jdbcType="VARCHAR" property="vPeriodo" />
		<result column="ID_PLE" jdbcType="NUMERIC" property="idPle" />
		<result column="MIDPLE" jdbcType="VARCHAR" property="mIdPle" />
		<result column="FEC_EMISION" jdbcType="DATE" property="fecEmision" />
		<result column="FEC_VEN" jdbcType="DATE" property="fecVenc" />
		<result column="ID_TIPO_COMP" jdbcType="VARCHAR" property="idTipoComp" />
		<result column="SERIE_COMP" jdbcType="VARCHAR" property="serieComp" />
		<result column="CORR_COMP" jdbcType="VARCHAR" property="corrComp" />
		<result column="CAMPO9" jdbcType="VARCHAR" property="campo9" />
		<result column="ID_TIPODOC_CLI" jdbcType="VARCHAR" property="idTipoDocCli" />
		<result column="NUMDOC_CLI" jdbcType="VARCHAR" property="numDocCli" />
		<result column="NOMCLI_RAZSOC" jdbcType="VARCHAR" property="nomCliRazSoc" />
		<result column="VAL_FACT_EXPORT" jdbcType="NUMERIC" property="valFactExport" />
		<result column="BASE_IMPONIBLE" jdbcType="NUMERIC" property="baseImponible" />
		<result column="DSCTO_BASE_IMPONIBLE" jdbcType="NUMERIC" property="dsctoBaseImponible" />
		<result column="IGV" jdbcType="NUMERIC" property="igv" />
		<result column="DSCTO_IGV" jdbcType="NUMERIC" property="dsctoIgv" />
		<result column="IMP_EXONERADO" jdbcType="NUMERIC" property="impExonerado" />
		<result column="IMP_INAFECTO" jdbcType="NUMERIC" property="impInafecto" />
		<result column="ISC" jdbcType="NUMERIC" property="isc" />
		<result column="CAMPO21" jdbcType="VARCHAR" property="campo21" />
		<result column="CAMPO22" jdbcType="VARCHAR" property="campo22" />
		<result column="IMP_OTROS" jdbcType="NUMERIC" property="impOtros" />
		<result column="IMP_TOTAL" jdbcType="NUMERIC" property="impTotal" />
		<result column="TIPO_MONEDA" jdbcType="VARCHAR" property="tipoMoneda" />
		<result column="TIPO_CAMBIO" jdbcType="NUMERIC" property="tipoCambio" />
		<result column="FEC_EMISION_REF" jdbcType="VARCHAR" property="fechaEmisionRef" />
		<result column="ID_TIPO_COMP_REF" jdbcType="VARCHAR" property="idTipoCompRef" />
		<result column="NUM_SERIE_REF" jdbcType="VARCHAR" property="numSerieRef" />
		<result column="NUM_COR_REF" jdbcType="VARCHAR" property="numCorRef" />
		<result column="CAMPO31" jdbcType="VARCHAR" property="campo31" />
		<result column="CAMPO32" jdbcType="VARCHAR" property="campo32" />
		<result column="CAMPO33" jdbcType="VARCHAR" property="campo33" />
		<result column="CAMPO34_ESTADO" jdbcType="VARCHAR" property="campo34Estado" />
		<result column="CAMPO35" jdbcType="VARCHAR" property="campo35" />
		<result column="CAMPO36" jdbcType="VARCHAR" property="campo36" />
		<result column="CAMPO37" jdbcType="VARCHAR" property="campo37" />
		<result column="CAMPO38" jdbcType="VARCHAR" property="campo38" />
	</resultMap>
	
	<resultMap id="rmReporteRegistroVentas" type="com.cardif.satelite.cpe.bean.ReporteRegistroVentasBean">
		<result column="PERIODO" jdbcType="NVARCHAR" property="periodo" />
		<result column="ID_COMPROBANTE" jdbcType="NUMERIC" property="idComprobante" />
		<result column="FEC_EMISION" jdbcType="DATE" property="fecEmision" />
		<result column="FEC_VENC" jdbcType="DATE" property="fechaVenc" />
		<result column="ID_TIPO_COMP" jdbcType="VARCHAR" property="idTipoComp" />
		<result column="SERIE_COMP" jdbcType="VARCHAR" property="serieComp" />
		<result column="CORR_COMP" jdbcType="VARCHAR" property="corrComp" />
		<result column="ID_TIPODOC_CLI" jdbcType="VARCHAR" property="idTipoDocCli" />
		<result column="NUMDOC_CLI" jdbcType="VARCHAR" property="numDocCli" />
		<result column="NOMCLI_RAZSOC" jdbcType="VARCHAR" property="nomCliRazSoc" />
		<result column="CONCEPTO" jdbcType="NVARCHAR" property="concepto" />
		<result column="VAL_FACT_EXPORT" jdbcType="NUMERIC" property="valFactExport" />
		<result column="BASE_IMPONIBLE" jdbcType="NUMERIC" property="baseImponible" />
		<result column="IMP_EXONERADO" jdbcType="NUMERIC" property="impExonerado" />
		<result column="IMP_INAFECTO" jdbcType="NUMERIC" property="impInafecto" />
		<result column="VAL_OPGRATUITAS" jdbcType="NUMERIC" property="valOpGratuitas" />
		<result column="ISC" jdbcType="NUMERIC" property="isc" />
		<result column="IGV" jdbcType="NUMERIC" property="igv" />
		<result column="IMP_OTROS" jdbcType="NUMERIC" property="impOtros" />
		<result column="IMP_TOTAL" jdbcType="NUMERIC" property="impTotal" />
		<result column="TIPO_CAMBIO" jdbcType="NUMERIC" property="tipoCambio" />
		<result column="FEC_EMISION_REF" jdbcType="VARCHAR" property="fechaEmisionRef" />
		<result column="ID_TIPO_COMP_REF" jdbcType="VARCHAR" property="idTipoCompRef" />
		<result column="NUM_SERIE_REF" jdbcType="VARCHAR" property="numSerieRef" />
		<result column="NUM_COR_REF" jdbcType="VARCHAR" property="numCorRef" />
		<result column="MODIFICABLE" jdbcType="NVARCHAR" property="modificable" />
		<result column="OPEN_ITEM" jdbcType="NVARCHAR" property="openItem" />
		<result column="OPEN_ITEM_REF" jdbcType="NVARCHAR" property="openItemRef" />
		<result column="NUM_POLIZA" jdbcType="NVARCHAR" property="numPoliza" />
		<result column="ESTADO" jdbcType="NVARCHAR" property="estado" />
		<result column="OBSERVACION" jdbcType="NVARCHAR" property="observacion" />
		<result column="CORR_ACTUAL" jdbcType="NUMERIC" property="corActual" />
		<result column="DIR_CLI" jdbcType="NVARCHAR" property="dirCliente" />
		<result column="DEPARTAMENTO" jdbcType="NVARCHAR" property="departamento" />
		<result column="PROVINCIA" jdbcType="NVARCHAR" property="provincia" />
		<result column="DISTRITO" jdbcType="NVARCHAR" property="distrito" />
		<result column="COLECT_INDIV" jdbcType="NVARCHAR" property="colectIndiv" />
		<result column="LINEA" jdbcType="NVARCHAR" property="linea" />
		<result column="CONSECUTIVO" jdbcType="NVARCHAR" property="consecutivo" />
		<result column="NOM_ESTADO_COMP" jdbcType="NVARCHAR" property="nomEstadoComp" />
		<result column="NOM_TIPO_COMP" jdbcType="NVARCHAR" property="nomTipoComp" />
		<result column="NOM_TIPODOC_CLI" jdbcType="NVARCHAR" property="nomTipoDocCli" />
		<result column="NOM_PRODUCTO" jdbcType="NVARCHAR" property="descProducto" />
		<result column="IMP_TOTAL_ORIG" jdbcType="NUMERIC" property="impTotalOrig" />
		<result column="TIPO_MONEDA" jdbcType="VARCHAR" property="moneda" />
	</resultMap>
	
	<select id="listarReporteComprobantesElectronicos"
		parameterType="com.cardif.satelite.cpe.bean.ReporteComprobantesElectronicosBean"
		resultMap="rmComprobantesElectronicos">
		
		SELECT
        	C.ID_EMPRESA,
        	EMP.NOM_VALOR NOM_EMPRESA,		    
		    D.ID_SOCIO,
		    S.NOM_SOCIO AS NOM_SOCIO,
		    D.ID_PRODUCTO,
		    P.NOM_PRODUCTO AS NOM_PRODUCTO,
		    D.ID_TIPODOC_CLI,
		    TIPDOCCLI.NOM_VALOR AS NOM_TIPODOC_CLI,
		    D.NUMDOC_CLI,
		    D.NOMCLI_RAZSOC,
		    D.DIR_CLI,
		    (SELECT DEP.NOM_UBIGEO FROM CPE_UBIGEO DEP WHERE CONCAT(DEP.ID_DEPARTAMENTO, CONCAT(DEP.ID_PROVINCIA, DEP.ID_DISTRITO)) = D.DEPARTAMENTO) AS DEPARTAMENTO,
		    (SELECT PRO.NOM_UBIGEO FROM CPE_UBIGEO PRO WHERE CONCAT(PRO.ID_DEPARTAMENTO, CONCAT(PRO.ID_PROVINCIA, PRO.ID_DISTRITO)) = D.PROVINCIA) AS PROVINCIA,
		    (SELECT DIS.NOM_UBIGEO FROM CPE_UBIGEO DIS WHERE CONCAT(DIS.ID_DEPARTAMENTO, CONCAT(DIS.ID_PROVINCIA, DIS.ID_DISTRITO)) = D.DISTRITO) AS DISTRITO,
		    D.TELF_CLI,
		    D.MAIL_CLI,
        	C.FEC_EMISION,
		    D.FEC_VENC,
		    SUBSTR(C.NUM_COMPROBANTE,1,4) SERIE_COMP,
		    C.CORR_COMP,
		    C.ESTADO_COMP ID_ESTADO_COMP,
		    ESTCOM.NOM_VALOR AS NOM_ESTADO_COMP,
		    C.ID_TIPO_COMP,
		    TIPCOMP.NOM_VALOR AS NOM_TIPO_COMP,
		    D.CONCEP_ND,		    
		    D.ID_TIPO_COMP_REF,
		    D.FEC_EMISION_REF,
		    CASE WHEN D.NUM_SERIE_REF IS NOT NULL THEN SUBSTR(C.NUM_COMPROBANTE,1,1)||LPAD(TRIM(D.NUM_SERIE_REF),3,0) END NUM_SERIE_REF,
		    CASE WHEN D.NUM_COR_REF IS NOT NULL THEN LPAD(TRIM(D.NUM_COR_REF),8,0) END NUM_CORR_REF,
		    D.TIPO_MONEDA,
		    MON.NOM_VALOR AS NOM_MONEDA,
		    D.VAL_FACT_EXPORT,
		    D.BASE_IMPONIBLE,
		    D.IMP_EXONERADO,
		    D.IMP_INAFECTO,
		    D.VAL_OPGRATUITAS,
		    D.ISC,
		    D.IGV,
		    D.IMP_OTROS,
		    D.IMP_TOTAL,
	        NVL(TP.VALOR_TC,1) TIPO_CAMBIO,
	        D.CONCEPTO,
		    D.NUM_POLIZA,
		    D.OPEN_ITEM,
		    D.OPEN_ITEM_REF,
		    D.AREA,
		    D.OBSERVACION,
		    D.COLECT_INDIV,
		    D.LINEA,
		    TO_CHAR(C.FEC_EMISION,'YYYYMM') PERIODO,
		    PC.USU_CREA
		FROM
		    CPE_ECOMPROBANTE C
        INNER JOIN CPE_PROCESOCE_VENTA PV  ON C.ID_VENTAPROCESO = PV.ID_VENTAPROCESO AND C.ID_VENTA = PV.ID_VENTA
        INNER JOIN CPE_PROCESOCE_CAB PC    ON PC.ID_PROCESO = PV.ID_PROCESO
	    INNER JOIN CPE_CARGAVENTA_DET D    ON C.ID_VENTA = D.ID_VENTA
	    INNER JOIN CPE_SOCIO S  		        ON C.ID_SOCIO = S.ID_SOCIO
	    INNER JOIN CPE_PRODUCTO P		      ON C.ID_PRODUCTO = P.ID_PRODUCTO
        LEFT  JOIN CPE_TIPOCAMBIO TP       ON TP.FEC_TC = TRUNC(C.FEC_EMISION) AND TP.TIPO_MONEDA = D.TIPO_MONEDA
	    INNER JOIN CPE_PARAMETRO ESTCOM
		        ON ESTCOM.COD_PARAM = #{codigoParametro1, jdbcType=VARCHAR} AND ESTCOM.TIP_PARAM = #{tipoParametro, jdbcType=VARCHAR} AND C.ESTADO_COMP = ESTCOM.COD_VALOR
	    INNER JOIN CPE_PARAMETRO TIPCOMP
				ON TIPCOMP.COD_PARAM = #{codigoParametro2, jdbcType=VARCHAR} AND TIPCOMP.TIP_PARAM = #{tipoParametro, jdbcType=VARCHAR} AND C.ID_TIPO_COMP = TIPCOMP.COD_VALOR
	    INNER JOIN CPE_PARAMETRO MON
		        ON MON.COD_PARAM = #{codigoParametro3, jdbcType=VARCHAR} AND MON.TIP_PARAM = #{tipoParametro, jdbcType=VARCHAR} AND D.TIPO_MONEDA = MON.COD_VALOR
	    INNER JOIN CPE_PARAMETRO TIPDOCCLI
		        ON TIPDOCCLI.COD_PARAM = #{codigoParametro4, jdbcType=VARCHAR} AND TIPDOCCLI.TIP_PARAM = #{tipoParametro, jdbcType=VARCHAR} AND D.ID_TIPODOC_CLI = TIPDOCCLI.COD_VALOR
		INNER JOIN CPE_PARAMETRO EMP       
				ON EMP.COD_PARAM = #{codigoParametro5, jdbcType=VARCHAR} AND EMP.TIP_PARAM = #{tipoParametro, jdbcType=VARCHAR} AND C.ID_EMPRESA = EMP.COD_VALOR
		WHERE
		    C.FEC_EMISION BETWEEN #{fecCargaDesde, jdbcType=DATE} AND #{fecCargaHasta, jdbcType=DATE}
		    <if test="idEmpresa != null">
		    	AND C.ID_EMPRESA = #{idEmpresa, jdbcType=NUMERIC}
		    </if>
		    <if test="idTipoComp != null">
		    	AND C.ID_TIPO_COMP = #{idTipoComp, jdbcType=VARCHAR}
		    </if>
		    <if test="idEstadoComp != null">
		    	AND C.ESTADO_COMP = #{idEstadoComp, jdbcType=VARCHAR}
		    </if>
		    
		
	</select>
	
	<select id="listarReporteRegistroVentasPle"
		parameterType="com.cardif.satelite.cpe.bean.ReporteRegistroVentasPleBean"
		resultMap="rmReporteRegistroVentasPle">
		
		SELECT 
		    ECP.ID_COMPROBANTE
		    ,EXTRACT(YEAR FROM ECP.FEC_EMISION)|| LPAD(EXTRACT(MONTH FROM ECP.FEC_EMISION),2,'0') || '00' VPERIODO
		    ,NVL(ECP.ID_PLE,0) ID_PLE
		    ,'M'||ECP.ID_PLE MIDPLE
		    ,ECP.FEC_EMISION
		    ,NVL(TO_DATE(CVD.FEC_VENC,'YYYYMMDD'),'') FEC_VEN
		    ,ECP.ID_TIPO_COMP
		    ,SUBSTR(NUM_COMPROBANTE,0,4) SERIE_COMP
		    ,ECP.CORR_COMP
		    ,'' CAMPO9
		    ,CASE WHEN ECP.ESTADO_COMP = 6 THEN '0' ELSE SUBSTR(RTRIM(CVD.ID_TIPODOC_CLI),2,1) END ID_TIPODOC_CLI
		    ,CASE WHEN ECP.ESTADO_COMP = 6 THEN 'ANULADO' ELSE TO_CHAR(CVD.NUMDOC_CLI) END NUMDOC_CLI
		    ,CASE WHEN ECP.ESTADO_COMP = 6 THEN 'ANULADO' ELSE TO_CHAR(CVD.NOMCLI_RAZSOC) END NOMCLI_RAZSOC
		    ,TO_CHAR(CASE ECP.ESTADO_COMP
		        WHEN '6' THEN 0.00
		        ELSE (CASE ECP.ID_TIPO_COMP
		                WHEN '07' THEN (CASE CVD.TIPO_MONEDA
		                WHEN 'PEN' THEN NVL(CVD.VAL_FACT_EXPORT,0.00)
		                ELSE CVD.VAL_FACT_EXPORT * TC.VALOR_TC
		             END)*-1
		                ELSE (CASE CVD.TIPO_MONEDA
		                WHEN 'PEN' THEN CVD.VAL_FACT_EXPORT
		                ELSE CVD.VAL_FACT_EXPORT * TC.VALOR_TC
		             END)
		        END)END, 'fm9999999990.00') VAL_FACT_EXPORT
		     ,TO_CHAR(CASE ECP.ESTADO_COMP
		        WHEN '6' THEN 0.00
		        ELSE (CASE ECP.ID_TIPO_COMP
		                WHEN '07' THEN (CASE CVD.TIPO_MONEDA
		                WHEN 'PEN' THEN (CASE WHEN CVD.VAL_OPGRATUITAS > 0 AND CVD.IGV > 0 THEN CVD.VAL_OPGRATUITAS ELSE CVD.BASE_IMPONIBLE END)
		                ELSE (CASE WHEN CVD.VAL_OPGRATUITAS > 0 AND CVD.IGV > 0 THEN CVD.VAL_OPGRATUITAS ELSE CVD.BASE_IMPONIBLE END) * TC.VALOR_TC
		             END)*-1
		                ELSE (CASE CVD.TIPO_MONEDA
		                WHEN 'PEN' THEN (CASE WHEN CVD.VAL_OPGRATUITAS > 0 AND CVD.IGV > 0 THEN CVD.VAL_OPGRATUITAS ELSE CVD.BASE_IMPONIBLE END)
		                ELSE (CASE WHEN CVD.VAL_OPGRATUITAS > 0 AND CVD.IGV > 0 THEN CVD.VAL_OPGRATUITAS ELSE CVD.BASE_IMPONIBLE END) * TC.VALOR_TC
		             END)
		        END)END, 'fm9999999990.00') BASE_IMPONIBLE
		    ,'0.00' DSCTO_BASE_IMPONIBLE
		    ,TO_CHAR(CASE ECP.ESTADO_COMP
		        WHEN '6' THEN 0.00
		        ELSE (CASE ECP.ID_TIPO_COMP
		                WHEN '07' THEN (CASE CVD.TIPO_MONEDA
		                WHEN 'PEN' THEN CVD.IGV
		                ELSE CVD.IGV * TC.VALOR_TC
		             END)*-1
		                ELSE (CASE CVD.TIPO_MONEDA
		                WHEN 'PEN' THEN CVD.IGV
		                ELSE CVD.IGV * TC.VALOR_TC
		             END)
		        END)END, 'fm9999999990.00') IGV
		    ,'0.00' DSCTO_IGV
		    ,TO_CHAR(CASE ECP.ESTADO_COMP
		        WHEN '6' THEN 0.00
		        ELSE (CASE ECP.ID_TIPO_COMP
		                WHEN '07' THEN (CASE CVD.TIPO_MONEDA
		                WHEN 'PEN' THEN CVD.IMP_EXONERADO
		                ELSE CVD.IMP_EXONERADO * TC.VALOR_TC
		             END)*-1
		                ELSE (CASE CVD.TIPO_MONEDA
		                WHEN 'PEN' THEN CVD.IMP_EXONERADO
		                ELSE CVD.IMP_EXONERADO * TC.VALOR_TC
		             END)
		        END)END, 'fm9999999990.00') IMP_EXONERADO
		     ,TO_CHAR(CASE ECP.ESTADO_COMP
		        WHEN '6' THEN 0.00
		        ELSE (CASE ECP.ID_TIPO_COMP
		                WHEN '07' THEN (CASE CVD.TIPO_MONEDA
		                WHEN 'PEN' THEN (CASE WHEN CVD.VAL_OPGRATUITAS > 0 AND CVD.IGV = 0 THEN CVD.VAL_OPGRATUITAS ELSE CVD.IMP_INAFECTO END)
		                ELSE (CASE WHEN CVD.VAL_OPGRATUITAS > 0 AND CVD.IGV = 0 THEN CVD.VAL_OPGRATUITAS ELSE CVD.IMP_INAFECTO END) * TC.VALOR_TC
		             END)*-1
		                ELSE (CASE CVD.TIPO_MONEDA
		                WHEN 'PEN' THEN (CASE WHEN CVD.VAL_OPGRATUITAS > 0 AND CVD.IGV = 0 THEN CVD.VAL_OPGRATUITAS ELSE CVD.IMP_INAFECTO END)
		                ELSE (CASE WHEN CVD.VAL_OPGRATUITAS > 0 AND CVD.IGV = 0 THEN CVD.VAL_OPGRATUITAS ELSE CVD.IMP_INAFECTO END) * TC.VALOR_TC
		             END)
		        END)END, 'fm9999999990.00') IMP_INAFECTO
		     ,TO_CHAR(CASE ECP.ESTADO_COMP
		        WHEN '6' THEN 0.00
		        ELSE (CASE ECP.ID_TIPO_COMP
		                WHEN '07' THEN (CASE CVD.TIPO_MONEDA
		                WHEN 'PEN' THEN CVD.ISC
		                ELSE CVD.ISC * TC.VALOR_TC
		             END)*-1
		                ELSE (CASE CVD.TIPO_MONEDA
		                WHEN 'PEN' THEN CVD.ISC
		                ELSE CVD.ISC * TC.VALOR_TC
		             END)
		        END)END, 'fm9999999990.00') ISC
		    ,'0.00' CAMPO21
		    ,'0.00' CAMPO22
		    ,TO_CHAR(CASE ECP.ESTADO_COMP
		        WHEN '6' THEN 0.00
		        ELSE (CASE ECP.ID_TIPO_COMP
		                WHEN '07' THEN (CASE CVD.TIPO_MONEDA
		                WHEN 'PEN' THEN CVD.IMP_OTROS
		                ELSE CVD.IMP_OTROS * TC.VALOR_TC
		             END)*-1
		                ELSE (CASE CVD.TIPO_MONEDA
		                WHEN 'PEN' THEN CVD.IMP_OTROS
		                ELSE CVD.IMP_OTROS * TC.VALOR_TC
		             END)
		        END)END, 'fm9999999990.00') IMP_OTROS
		     ,TO_CHAR(CASE ECP.ESTADO_COMP
		        WHEN '6' THEN 0.00
		        ELSE (CASE ECP.ID_TIPO_COMP
		                WHEN '07' THEN (CASE CVD.TIPO_MONEDA
		                WHEN 'PEN' THEN CVD.IMP_TOTAL
		                ELSE CVD.IMP_TOTAL * TC.VALOR_TC
		             END)*-1
		                ELSE (CASE CVD.TIPO_MONEDA
		                WHEN 'PEN' THEN CVD.IMP_TOTAL
		                ELSE CVD.IMP_TOTAL * TC.VALOR_TC
		             END)
		        END)END, 'fm9999999990.00') IMP_TOTAL
		    ,'PEN' TIPO_MONEDA
		    ,(CASE CVD.TIPO_MONEDA
		        WHEN 'PEN' THEN '1.000'
		        ELSE  TO_CHAR(TC.VALOR_TC, 'fm9999999990.000') END) TIPO_CAMBIO
		    ,(CASE WHEN CVD.FEC_EMISION_REF IS NOT NULL 
              THEN TO_CHAR(TO_DATE(CVD.FEC_EMISION_REF, 'YYYYMMDD'), 'DD/MM/YYYY') 
              WHEN ECP.ID_TIPO_COMP = '08' AND CVD.CONCEP_ND = '03'
              THEN TO_CHAR(ECP.FEC_EMISION, 'DD/MM/YYYY')
              ELSE CVD.FEC_EMISION_REF END) FEC_EMISION_REF
		    ,CVD.ID_TIPO_COMP_REF
		    ,(CASE WHEN (ECP.ID_TIPO_COMP = '07' OR ECP.ID_TIPO_COMP = '08') AND CVD.ID_TIPO_COMP_REF NOT IN ('13')
              THEN CASE WHEN ECP.ID_TIPO_COMP = '08' AND CVD.CONCEP_ND = '03' 
                  THEN TO_CHAR(SUBSTR(ECP.NUM_COMPROBANTE,0,1))||ECP.SERIE_COMP		    
                  ELSE TO_CHAR(SUBSTR(ECP.NUM_COMPROBANTE,0,1)) || LPAD(RTRIM(CVD.NUM_SERIE_REF), 3, '0') END
              ELSE CVD.NUM_SERIE_REF END) NUM_SERIE_REF
		    ,(CASE WHEN (ECP.ID_TIPO_COMP = '07' OR ECP.ID_TIPO_COMP = '08') AND CVD.ID_TIPO_COMP_REF NOT IN ('13')
		    	THEN CASE WHEN ECP.ID_TIPO_COMP = 08 AND CVD.CONCEP_ND = '03' 
		    		THEN ECP.CORR_COMP ELSE LPAD(RTRIM(CVD.NUM_COR_REF), 8, '0') END
		    	ELSE CVD.NUM_COR_REF END) NUM_COR_REF
		    ,'' CAMPO31
		    ,'' CAMPO32
		    ,'' CAMPO33
		    ,(CASE ECP.ESTADO_COMP
		        WHEN '6' THEN '2'
		        ELSE '1' END) CAMPO34_ESTADO
		    ,'' CAMPO35
		    ,'' CAMPO36
		    ,'' CAMPO37
		    ,'' CAMPO38
		FROM
		    CPE_CARGAVENTA_DET CVD
		    INNER JOIN CPE_ECOMPROBANTE ECP
		        ON ECP.ID_EMPRESA = #{idEmpresa, jdbcType=NUMERIC}
		        AND ECP.ID_VENTA = CVD.ID_VENTA 
		        AND ECP.ESTADO_COMP IN (3,6)
		    LEFT JOIN CPE_TIPOCAMBIO TC ON RTRIM(TC.PERIODO) = #{periodoRegistro, jdbcType=VARCHAR}
		                AND TO_DATE(ECP.FEC_EMISION,'DD/MM/YY') = TO_DATE(TC.FEC_TC,'DD/MM/YY') 
		                AND TC.TIPO_MONEDA = CVD.TIPO_MONEDA 
		WHERE
			EXTRACT(YEAR FROM ECP.FEC_EMISION)|| LPAD(EXTRACT(MONTH FROM ECP.FEC_EMISION),2,'0') = #{periodoRegistro, jdbcType=VARCHAR}
		
	</select>
			
	<select id="listarReporteRegistroVentas"
		parameterType="com.cardif.satelite.cpe.bean.ReporteRegistroVentasBean"
		resultMap="rmReporteRegistroVentas">
		
		SELECT
		    LPAD(EXTRACT(MONTH FROM C.FEC_EMISION),2,'0') || EXTRACT(YEAR FROM C.FEC_EMISION) PERIODO,
		    C.ID_COMPROBANTE,
		    C.FEC_EMISION,
		    D.FEC_VENC,
		    C.ID_TIPO_COMP,
		    TIPCOMP.NOM_VALOR AS NOM_TIPO_COMP,
		    SUBSTR(C.NUM_COMPROBANTE,0,4) SERIE_COMP,
		    C.CORR_COMP,
		    CASE WHEN C.ESTADO_COMP = 6 THEN '0' ELSE SUBSTR(RTRIM(D.ID_TIPODOC_CLI),2,1) END ID_TIPODOC_CLI,
		    TIPDOCCLI.NOM_VALOR AS NOM_TIPODOC_CLI,
		    CASE WHEN C.ESTADO_COMP = 6 THEN 'ANULADO' ELSE TO_CHAR(D.NUMDOC_CLI) END NUMDOC_CLI,
		    CASE WHEN C.ESTADO_COMP = 6 THEN 'ANULADO' ELSE TO_CHAR(D.NOMCLI_RAZSOC) END NOMCLI_RAZSOC,
		    D.CONCEPTO,
		    TO_CHAR(CASE C.ESTADO_COMP
		    WHEN '6' THEN 0.00
		    ELSE (CASE C.ID_TIPO_COMP
		            WHEN '07' THEN (CASE D.TIPO_MONEDA
		            WHEN 'PEN' THEN NVL(D.VAL_FACT_EXPORT,0.00)
		            ELSE D.VAL_FACT_EXPORT * TC.VALOR_TC
		         END)*-1
		            ELSE (CASE D.TIPO_MONEDA
		            WHEN 'PEN' THEN D.VAL_FACT_EXPORT
		            ELSE D.VAL_FACT_EXPORT * TC.VALOR_TC
		         END)
		    END)END, 'fm9999999990.00') VAL_FACT_EXPORT,
		    TO_CHAR(CASE C.ESTADO_COMP
		    WHEN '6' THEN 0.00
		    ELSE (CASE C.ID_TIPO_COMP
		            WHEN '07' THEN (CASE D.TIPO_MONEDA
		            WHEN 'PEN' THEN (CASE WHEN D.VAL_OPGRATUITAS > 0 AND D.IGV > 0 THEN D.VAL_OPGRATUITAS ELSE D.BASE_IMPONIBLE END)
		            ELSE (CASE WHEN D.VAL_OPGRATUITAS > 0 AND D.IGV > 0 THEN D.VAL_OPGRATUITAS ELSE D.BASE_IMPONIBLE END) * TC.VALOR_TC
		         END)*-1
		            ELSE (CASE D.TIPO_MONEDA
		            WHEN 'PEN' THEN (CASE WHEN D.VAL_OPGRATUITAS > 0 AND D.IGV > 0 THEN D.VAL_OPGRATUITAS ELSE D.BASE_IMPONIBLE END)
		            ELSE (CASE WHEN D.VAL_OPGRATUITAS > 0 AND D.IGV > 0 THEN D.VAL_OPGRATUITAS ELSE D.BASE_IMPONIBLE END) * TC.VALOR_TC
		         END)
		    END)END, 'fm9999999990.00') BASE_IMPONIBLE,
		    TO_CHAR(CASE C.ESTADO_COMP
		    WHEN '6' THEN 0.00
		    ELSE (CASE C.ID_TIPO_COMP
		            WHEN '07' THEN (CASE D.TIPO_MONEDA
		            WHEN 'PEN' THEN D.IMP_EXONERADO
		            ELSE D.IMP_EXONERADO * TC.VALOR_TC
		         END)*-1
		            ELSE (CASE D.TIPO_MONEDA
		            WHEN 'PEN' THEN D.IMP_EXONERADO
		            ELSE D.IMP_EXONERADO * TC.VALOR_TC
		         END)
		    END)END, 'fm9999999990.00') IMP_EXONERADO,
		    TO_CHAR(CASE C.ESTADO_COMP
		    WHEN '6' THEN 0.00
		    ELSE (CASE C.ID_TIPO_COMP
		            WHEN '07' THEN (CASE D.TIPO_MONEDA
		            WHEN 'PEN' THEN (CASE WHEN D.VAL_OPGRATUITAS > 0 AND D.IGV = 0 THEN D.VAL_OPGRATUITAS ELSE D.IMP_INAFECTO END)
		            ELSE (CASE WHEN D.VAL_OPGRATUITAS > 0 AND D.IGV = 0 THEN D.VAL_OPGRATUITAS ELSE D.IMP_INAFECTO END) * TC.VALOR_TC
		         END)*-1
		            ELSE (CASE D.TIPO_MONEDA
		            WHEN 'PEN' THEN (CASE WHEN D.VAL_OPGRATUITAS > 0 AND D.IGV = 0 THEN D.VAL_OPGRATUITAS ELSE D.IMP_INAFECTO END)
		            ELSE (CASE WHEN D.VAL_OPGRATUITAS > 0 AND D.IGV = 0 THEN D.VAL_OPGRATUITAS ELSE D.IMP_INAFECTO END) * TC.VALOR_TC
		         END)
		    END)END, 'fm9999999990.00') IMP_INAFECTO,
		    '0.00' AS VAL_OPGRATUITAS,
		    TO_CHAR(CASE C.ESTADO_COMP
		    WHEN '6' THEN 0.00
		    ELSE (CASE C.ID_TIPO_COMP
		            WHEN '07' THEN (CASE D.TIPO_MONEDA
		            WHEN 'PEN' THEN D.ISC
		            ELSE D.ISC * TC.VALOR_TC
		         END)*-1
		            ELSE (CASE D.TIPO_MONEDA
		            WHEN 'PEN' THEN D.ISC
		            ELSE D.ISC * TC.VALOR_TC
		         END)
		    END)END, 'fm9999999990.00') ISC,
		    TO_CHAR(CASE C.ESTADO_COMP
		    WHEN '6' THEN 0.00
		    ELSE (CASE C.ID_TIPO_COMP
		            WHEN '07' THEN (CASE D.TIPO_MONEDA
		            WHEN 'PEN' THEN D.IGV
		            ELSE D.IGV * TC.VALOR_TC
		         END)*-1
		            ELSE (CASE D.TIPO_MONEDA
		            WHEN 'PEN' THEN D.IGV
		            ELSE D.IGV * TC.VALOR_TC
		         END)
		    END)END, 'fm9999999990.00') IGV,
		    TO_CHAR(CASE C.ESTADO_COMP
		    WHEN '6' THEN 0.00
		    ELSE (CASE C.ID_TIPO_COMP
		            WHEN '07' THEN (CASE D.TIPO_MONEDA
		            WHEN 'PEN' THEN D.IMP_OTROS
		            ELSE D.IMP_OTROS * TC.VALOR_TC
		         END)*-1
		            ELSE (CASE D.TIPO_MONEDA
		            WHEN 'PEN' THEN D.IMP_OTROS
		            ELSE D.IMP_OTROS * TC.VALOR_TC
		         END)
		    END)END, 'fm9999999990.00') IMP_OTROS,
		    TO_CHAR(CASE C.ESTADO_COMP
		    WHEN '6' THEN 0.00
		    ELSE (CASE C.ID_TIPO_COMP
		            WHEN '07' THEN (CASE D.TIPO_MONEDA
		            WHEN 'PEN' THEN D.IMP_TOTAL
		            ELSE D.IMP_TOTAL * TC.VALOR_TC
		         END)*-1
		            ELSE (CASE D.TIPO_MONEDA
		            WHEN 'PEN' THEN D.IMP_TOTAL
		            ELSE D.IMP_TOTAL * TC.VALOR_TC
		         END)
		    END)END, 'fm9999999990.00') IMP_TOTAL,
		    (CASE D.TIPO_MONEDA
		        WHEN 'PEN' THEN '1.000'
		        ELSE  TO_CHAR(TC.VALOR_TC, 'fm9999999990.000') END) TIPO_CAMBIO,
		    D.TIPO_MONEDA,
		    (CASE WHEN C.ID_TIPO_COMP = '08' AND D.CONCEP_ND = '03'
		    	THEN TO_CHAR(C.FEC_EMISION, 'DD/MM/YYYY') 
		    	WHEN D.FEC_EMISION_REF IS NOT NULL 
              THEN TO_CHAR(TO_DATE(D.FEC_EMISION_REF, 'YYYYMMDD'), 'DD/MM/YYYY') 
				ELSE D.FEC_EMISION_REF END) FEC_EMISION_REF,
		    D.ID_TIPO_COMP_REF,
		    (CASE WHEN (C.ID_TIPO_COMP = '07' OR C.ID_TIPO_COMP = '08') AND D.ID_TIPO_COMP_REF NOT IN ('13') 
              THEN CASE WHEN C.ID_TIPO_COMP = '08' AND D.CONCEP_ND = '03' 
                  THEN TO_CHAR(SUBSTR(C.NUM_COMPROBANTE,0,4))		    
                  ELSE (TO_CHAR(SUBSTR(C.NUM_COMPROBANTE,0,1)) || LPAD(RTRIM(D.NUM_SERIE_REF), 3, '0')) END
              ELSE D.NUM_SERIE_REF END) NUM_SERIE_REF,
		    CASE WHEN C.ID_TIPO_COMP = '08' AND D.CONCEP_ND = '03' THEN C.CORR_COMP ELSE LPAD(RTRIM(D.NUM_COR_REF), 8, '0') END NUM_COR_REF,		    
		    '' AS MODIFICACLE,
		    D.OPEN_ITEM,
		    D.OPEN_ITEM_REF,
		    D.NUM_POLIZA,
		    P.NOM_PRODUCTO,
		    D.ESTADO,
		    ESTCOM.NOM_VALOR AS NOM_ESTADO_COMP,
		    D.OBSERVACION,
		    C.CORR_COMP,
		    D.DIR_CLI,
		    (SELECT DIS.NOM_UBIGEO FROM CPE_UBIGEO DIS WHERE CONCAT(DIS.ID_DEPARTAMENTO, CONCAT(DIS.ID_PROVINCIA, DIS.ID_DISTRITO)) = D.DISTRITO) AS DISTRITO,
		    (SELECT PRO.NOM_UBIGEO FROM CPE_UBIGEO PRO WHERE CONCAT(PRO.ID_DEPARTAMENTO, CONCAT(PRO.ID_PROVINCIA, PRO.ID_DISTRITO)) = D.PROVINCIA) AS PROVINCIA,
		    (SELECT DEP.NOM_UBIGEO FROM CPE_UBIGEO DEP WHERE CONCAT(DEP.ID_DEPARTAMENTO, CONCAT(DEP.ID_PROVINCIA, DEP.ID_DISTRITO)) = D.DEPARTAMENTO) AS DEPARTAMENTO,
		    (CASE C.ID_TIPO_COMP
		            WHEN '07' THEN D.IMP_TOTAL*-1 
		            ELSE D.IMP_TOTAL END) IMP_TOTAL_ORIG,
		    TIPOPRODUCTO.NOM_VALOR AS COLECT_INDIV,
		    D.LINEA,
		    'CONSECUTIVO' AS CONSECUTIVO
		FROM
		    CPE_ECOMPROBANTE C
		    INNER JOIN CPE_CARGAVENTA_DET D
		    	ON C.ID_EMPRESA = #{idEmpresa, jdbcType=NUMERIC}
		        AND C.ID_VENTA = D.ID_VENTA
		        AND C.ESTADO_COMP IN (3,6)
		    INNER JOIN CPE_PRODUCTO P
                ON P.ID_SOCIO = D.ID_SOCIO AND P.ID_PRODUCTO = D.ID_PRODUCTO
		    INNER JOIN CPE_PARAMETRO TIPCOMP
				ON TIPCOMP.COD_PARAM = #{codigoParametro1, jdbcType=VARCHAR} AND TIPCOMP.TIP_PARAM = #{tipoParametro, jdbcType=VARCHAR} AND C.ID_TIPO_COMP = TIPCOMP.COD_VALOR
			INNER JOIN CPE_PARAMETRO TIPDOCCLI
		        ON TIPDOCCLI.COD_PARAM = #{codigoParametro2, jdbcType=VARCHAR} AND TIPDOCCLI.TIP_PARAM = #{tipoParametro, jdbcType=VARCHAR} AND D.ID_TIPODOC_CLI = TIPDOCCLI.COD_VALOR
		    INNER JOIN CPE_PARAMETRO ESTCOM
		        ON ESTCOM.COD_PARAM = #{codigoParametro3, jdbcType=VARCHAR} AND ESTCOM.TIP_PARAM = #{tipoParametro, jdbcType=VARCHAR} AND C.ESTADO_COMP = ESTCOM.COD_VALOR
		    INNER JOIN CPE_PARAMETRO TIPOPRODUCTO
        		ON TIPOPRODUCTO.COD_PARAM = #{codigoParametro4, jdbcType=VARCHAR} AND TIPOPRODUCTO.TIP_PARAM = #{tipoParametro, jdbcType=VARCHAR} AND P.TIPO_PRODUCTO = TIPOPRODUCTO.COD_VALOR
		    LEFT JOIN CPE_TIPOCAMBIO TC
		        ON RTRIM(TC.PERIODO) = #{periodoRegistro, jdbcType=VARCHAR}
		        AND TO_DATE(C.FEC_EMISION,'DD/MM/YY') = TO_DATE(TC.FEC_TC,'DD/MM/YY') 
		        AND TC.TIPO_MONEDA = D.TIPO_MONEDA
		WHERE
			EXTRACT(YEAR FROM C.FEC_EMISION)||LPAD(EXTRACT(MONTH FROM C.FEC_EMISION),2,'0') = #{periodoRegistro, jdbcType=VARCHAR}
		ORDER BY
		    C.ID_COMPROBANTE DESC
		
	</select>
	
	<update id="actualizarComprobantePleCpe"
		parameterType="com.cardif.satelite.cpe.bean.ComprobanteCpeBean">
		
		UPDATE 
		  CPE_ECOMPROBANTE
		<set>
			ID_PLE = #{idPle, jdbcType=NUMERIC}
		</set>
		<where>
		  	ID_COMPROBANTE = #{idComprobante, jdbcType=NUMERIC}
  		</where>
  		
	</update>
	
	<select id="contadorComprobantes"
		parameterType="com.cardif.satelite.cpe.bean.ReporteRegistroVentasPleBean"
		resultType="java.lang.Integer">
		
		SELECT 
		    COUNT(1) AS CONTADOR
		FROM CPE_CARGAVENTA_DET CVD
		INNER JOIN CPE_ECOMPROBANTE ECP ON ECP.ID_EMPRESA = #{idEmpresa, jdbcType=NUMERIC} AND
		            ECP.ID_VENTA = CVD.ID_VENTA 
		            AND ECP.ID_TIPO_COMP IN (01,03,07,08) 
		            AND ECP.ESTADO_COMP IN (3,6)
		WHERE EXTRACT(YEAR FROM ECP.FEC_EMISION)|| LPAD(EXTRACT(MONTH FROM ECP.FEC_EMISION),2,'0') = #{periodoRegistro, jdbcType=VARCHAR}
		
	</select>
	
	<select id="maxRegistroPLE"
		parameterType="com.cardif.satelite.cpe.bean.ReporteRegistroVentasPleBean"
		resultType="java.lang.Long">
		
		SELECT 
		    MAX(ID_PLE) AS ID_PLE
		FROM CPE_ECOMPROBANTE
		WHERE EXTRACT(YEAR FROM FEC_EMISION)|| LPAD(EXTRACT(MONTH FROM FEC_EMISION),2,'0') = #{periodoRegistro, jdbcType=VARCHAR}
		
	</select>
	
	<update id="actualizarComprobantesPleCpe"
		parameterType="com.cardif.satelite.cpe.bean.ReporteRegistroVentasPleBean">
		
		UPDATE CPE_ECOMPROBANTE T1
		   SET ID_PLE = (
		            SELECT T2.IDPLEXX
		            FROM (
		                SELECT 
		                    ECP.ID_COMPROBANTE
		                    ,(SELECT NOM_VALOR FROM CPE_PARAMETRO WHERE COD_PARAM = #{codParamEmpresaPle, jdbcType=VARCHAR} AND COD_VALOR='ID_PLE')+ ROWNUM IDPLEXX
		                    FROM CPE_CARGAVENTA_DET CVD
		                    INNER JOIN CPE_ECOMPROBANTE ECP ON ECP.ID_EMPRESA = #{idEmpresa, jdbcType=NUMERIC} AND
		                    ECP.ID_VENTA = CVD.ID_VENTA 
		                    AND ECP.ID_TIPO_COMP IN (01,03,07,08) 
		                    AND ECP.ESTADO_COMP IN (3,6)
		                    WHERE EXTRACT(YEAR FROM ECP.FEC_EMISION)|| LPAD(EXTRACT(MONTH FROM ECP.FEC_EMISION),2,'0') = #{periodoRegistro, jdbcType=VARCHAR}
		                    ) T2
		                WHERE T1.ID_COMPROBANTE = T2.ID_COMPROBANTE)
		            WHERE EXISTS (
		                SELECT 1
		                FROM (
		                    SELECT 
		                    ECP.ID_COMPROBANTE
		                    ,(SELECT NOM_VALOR FROM CPE_PARAMETRO WHERE COD_PARAM = #{codParamEmpresaPle, jdbcType=VARCHAR} AND COD_VALOR='ID_PLE')+ ROWNUM IDPLEXX
		                    FROM CPE_CARGAVENTA_DET CVD
		                    INNER JOIN CPE_ECOMPROBANTE ECP ON ECP.ID_EMPRESA = #{idEmpresa, jdbcType=NUMERIC} 
		                    AND ECP.ID_VENTA = CVD.ID_VENTA 
		                    AND ECP.ID_TIPO_COMP IN (01,03,07,08) 
		                    AND ECP.ESTADO_COMP IN (3,6)
		                    WHERE EXTRACT(YEAR FROM ECP.FEC_EMISION)|| LPAD(EXTRACT(MONTH FROM ECP.FEC_EMISION),2,'0') = #{periodoRegistro, jdbcType=VARCHAR}
		                    ) T2
		     			WHERE T1.ID_COMPROBANTE = T2.ID_COMPROBANTE)
  		
	</update>

</mapper>