<?xml version="1.0" encoding="UTF-8"?>
<!DOCTYPE mapper PUBLIC "-//mybatis.org//DTD Mapper 3.0//EN" "http://mybatis.org/dtd/mybatis-3-mapper.dtd" >
<mapper namespace="com.cardif.satelite.cpe.dao.SerieHistorialCpeMapper">

	<resultMap id="rmSerieHistorial" type="com.cardif.satelite.cpe.bean.SerieHistorialCpeBean">
		<result column="id_serie_historial" jdbcType="NUMERIC" property="idSerieHistorial" />
		<result column="id_empresa" jdbcType="NVARCHAR" property="idEmpresa" />
		<result column="id_socio" jdbcType="NUMERIC" property="idSocio" />
		<result column="id_producto" jdbcType="NUMERIC" property="idProducto" />
		<result column="id_tipo_comp" jdbcType="NVARCHAR" property="idTipoComp" />
		<result column="prefijo" jdbcType="NVARCHAR" property="prefijo" />
		<result column="serie" jdbcType="NVARCHAR" property="serie" />
		<result column="usu_crea" jdbcType="NVARCHAR" property="usuCrea" />
		<result column="fec_crea" jdbcType="DATE" property="fecCrea" />
	</resultMap>
	
	<select id="listarSerieHistorial"
		parameterType="com.cardif.satelite.cpe.bean.SerieHistorialCpeBean"
		resultMap="rmSerieHistorial">
			
		SELECT
			SH.ID_SERIE_HISTORIAL,
			SH.ID_EMPRESA,
			SH.ID_SOCIO,
			SH.ID_PRODUCTO,
			SH.ID_TIPO_COMP,
			SH.PREFIJO,
			SH.SERIE,
			SH.USU_CREA,
			SH.FEC_CREA
		FROM
			CPE_SERIE_HISTORIAL SH
		WHERE
			SH.ID_EMPRESA = #{idEmpresa, jdbcType=VARCHAR}
			AND SH.ID_TIPO_COMP = #{idTipoComp, jdbcType=VARCHAR}
			AND SH.PREFIJO = #{prefijo, jdbcType=VARCHAR}
			AND SH.SERIE = #{serie, jdbcType=VARCHAR}
		ORDER BY
			SH.ID_SERIE_HISTORIAL DESC
		
	</select>
	
	<insert id="insertarSerieHistorial"
		parameterType="com.cardif.satelite.cpe.bean.SerieHistorialCpeBean">
		
		<selectKey order="BEFORE" keyProperty="idSerieHistorial"
			resultType="java.lang.Integer">
			SELECT SEC_CPE_HISTORIAL_REPORTE.NEXTVAL FROM DUAL
		</selectKey>
			
		INSERT INTO CPE_SERIE_HISTORIAL
			(
				ID_SERIE_HISTORIAL,
				ID_EMPRESA,
				ID_SOCIO,
				ID_PRODUCTO,
				ID_TIPO_COMP,
				PREFIJO,
				SERIE,
				USU_CREA,
				FEC_CREA
			)
		VALUES
			(
				#{idSerieHistorial, jdbcType=NUMERIC},
				#{idEmpresa, jdbcType=VARCHAR},
				#{idSocio, jdbcType=NUMERIC},
				#{idProducto, jdbcType=NUMERIC},
				#{idTipoComp, jdbcType=VARCHAR},
				#{prefijo, jdbcType=VARCHAR},
				#{serie, jdbcType=VARCHAR},
				#{usuCrea, jdbcType=VARCHAR},
				SYSDATE
			)	
		
	</insert>
	
</mapper>