<?xml version="1.0" encoding="UTF-8"?>
<!DOCTYPE mapper PUBLIC "-//mybatis.org//DTD Mapper 3.0//EN" "http://mybatis.org/dtd/mybatis-3-mapper.dtd" >
<mapper namespace="com.cardif.satelite.cpe.dao.SocioCpeMapper">

	<resultMap id="rmSocio" type="com.cardif.satelite.cpe.bean.SocioCpeBean">
		<result column="id_socio" jdbcType="NUMERIC" property="idSocio" />
		<result column="id_socio_pims" jdbcType="NUMERIC" property="idSocioPims" />
		<result column="nom_socio" jdbcType="NVARCHAR" property="nomSocio" />
		<result column="usu_crea" jdbcType="NVARCHAR" property="usuCrea" />
		<result column="fec_crea" jdbcType="DATE" property="fecCrea" />
		<result column="usu_modifica" jdbcType="NVARCHAR" property="usuModifica" />
		<result column="fec_modifica" jdbcType="DATE" property="fecModifica" />
	</resultMap>
	
	<select id="listarSocio"
		parameterType="com.cardif.satelite.cpe.bean.SocioCpeBean"
		resultMap="rmSocio">
			
		SELECT
		  id_socio,
		  id_socio_pims,
		  nom_socio,
		  usu_crea,
		  fec_crea,
		  usu_modifica,
		  fec_modifica
		FROM
		  CPE_SOCIO
		<where>
			<if test="idSocio != null">
		  		id_socio = #{idSocio, jdbcType=NUMERIC}
		  	</if>
		</where>
		ORDER BY nom_socio
	</select>
	
</mapper>