<?xml version="1.0" encoding="UTF-8"?>
<!DOCTYPE mapper PUBLIC "-//mybatis.org//DTD Mapper 3.0//EN" "http://mybatis.org/dtd/mybatis-3-mapper.dtd" >
<mapper namespace="com.cardif.satelite.cpe.dao.TipoCambioCpeMapper">

	<resultMap id="rmTipoCambio" type="com.cardif.satelite.cpe.bean.TipoCambioCpeBean">
		<result column="periodo" jdbcType="VARCHAR" property="periodo" />
		<result column="fec_tc" jdbcType="DATE" property="fecTc" />
		<result column="tipo_moneda" jdbcType="VARCHAR" property="tipoMoneda" />
		<result column="valor_tc" jdbcType="NUMERIC" property="valorTc" />
	</resultMap>
	
	<select id="listaTipoCambioCpe" parameterType="com.cardif.satelite.cpe.bean.TipoCambioCpeBean" resultMap="rmTipoCambio">
	
		SELECT
		    PERIODO,
		    FEC_TC,
		    TIPO_MONEDA,
		    VALOR_TC
		FROM
		    CPE_TIPOCAMBIO
		WHERE
			1=1
		<if test="periodo != null">
			AND RTRIM(PERIODO) = #{periodo, jdbcType=VARCHAR}
		</if>
		<if test="fecTc != null">
			AND FEC_TC = #{fecTc, jdbcType=DATE}
		</if>
		<if test="tipoMoneda != null">
			AND TIPO_MONEDA = #{tipoMoneda, jdbcType=VARCHAR}
		</if>
		
	</select>

	<insert id="insertarTipoCambioCpe" parameterType="com.cardif.satelite.cpe.bean.TipoCambioCpeBean">
	
		INSERT INTO	CPE_TIPOCAMBIO
		(
			PERIODO,
			FEC_TC,
			TIPO_MONEDA,
			VALOR_TC
		)
		VALUES
		(
			#{periodo, jdbcType=VARCHAR},
			#{fecTc, jdbcType=DATE},
			#{tipoMoneda, jdbcType=VARCHAR},
			#{valorTc, jdbcType=NUMERIC}
		)
		
	</insert>

</mapper>