<?xml version="1.0" encoding="UTF-8"?>
<!DOCTYPE mapper PUBLIC "-//mybatis.org//DTD Mapper 3.0//EN" "http://mybatis.org/dtd/mybatis-3-mapper.dtd" >
<mapper namespace="com.cardif.satelite.cpe.dao.UbigeoCpeMapper">

	<resultMap id="rmUbigeo" type="com.cardif.satelite.cpe.bean.UbigeoCpeBean">
		<result column="Id" jdbcType="NUMERIC" property="id" />
		<result column="Id_Departamento" jdbcType="VARCHAR" property="idDepartamento" />
		<result column="Id_Provincia" jdbcType="VARCHAR" property="idProvincia" />
		<result column="Id_Distrito" jdbcType="VARCHAR" property="idDistrito" />
		<result column="Cod_Ubigeo" jdbcType="VARCHAR" property="codigoUbigeo" />
		<result column="Nom_Ubigeo" jdbcType="VARCHAR" property="nombreUbigeo" />
	</resultMap>
	
	<select id="listarDepartamento"
		resultMap="rmUbigeo">
		
		Select 
		  Id,
		  Id_Departamento,
		  Id_Provincia,
		  Id_Distrito,
		  (Id_Departamento || Id_Provincia || Id_Distrito) As Cod_Ubigeo,
		  Nom_Ubigeo
		From Cpe_Ubigeo
		Where Id_Provincia = '00' And Id_Distrito = '00'
		order by Id_Departamento
		
	</select>
	
	<select id="listarProvincia"
		parameterType="com.cardif.satelite.cpe.bean.UbigeoCpeBean"
		resultMap="rmUbigeo">
		
		Select 
		  Id,
		  Id_Departamento,
		  Id_Provincia,
		  Id_Distrito,
		  (Id_Departamento || Id_Provincia || Id_Distrito) As Cod_Ubigeo,
		  Nom_Ubigeo
		From Cpe_Ubigeo
		Where
		Id_Departamento = #{idDepartamento, jdbcType=VARCHAR}
		And Id_Provincia != '00' And Id_Distrito='00'
		order by Id_Provincia
		
	</select>
	
	<select id="listarDistrito"
		parameterType="com.cardif.satelite.cpe.bean.UbigeoCpeBean"
		resultMap="rmUbigeo">
		
		Select 
		  Id,
		  Id_Departamento,
		  Id_Provincia,
		  Id_Distrito,
		  (Id_Departamento || Id_Provincia || Id_Distrito) As Cod_Ubigeo,
		  Nom_Ubigeo
		From Cpe_Ubigeo
		Where
		Id_Departamento = #{idDepartamento, jdbcType=VARCHAR}
		And Id_Provincia = #{idProvincia, jdbcType=VARCHAR}
		AND Id_Distrito !='00'
		order by Id_Distrito
		
	</select>
	
	<select id="obtenerUbigeo"
		parameterType="com.cardif.satelite.cpe.bean.UbigeoCpeBean"
		resultMap="rmUbigeo">
		
		Select
		    Id,
		    Id_Departamento,
		    Id_Provincia,
		    Id_Distrito,
		    Nom_Ubigeo
		From 
		    Cpe_Ubigeo
		Where
		    Id_Departamento || Id_Provincia || Id_Distrito = #{codigoUbigeo, jdbcType=VARCHAR}
		
	</select>
	
	<select id="listarUbigeo"
		parameterType="com.cardif.satelite.cpe.bean.UbigeoCpeBean"
		resultMap="rmUbigeo">
		
		Select
		    Id,
		    Id_Departamento,
		    Id_Provincia,
		    Id_Distrito,
		    Nom_Ubigeo
		From 
		    Cpe_Ubigeo
		
	</select>
	
</mapper>