<?xml version="1.0" encoding="UTF-8"?>
<!DOCTYPE mapper PUBLIC "-//mybatis.org//DTD Mapper 3.0//EN" "http://mybatis.org/dtd/mybatis-3-mapper.dtd" >
<mapper namespace="com.cardif.satelite.cpe.dao.UsuarioMapper">

	<resultMap id="rmTablaUsuario" type="com.cardif.satelite.cpe.bean.UsuarioBean">
		<result column="Id_Usuario" jdbcType="NUMERIC" property="idUsuario" />
		<result column="Usu_Cod" jdbcType="VARCHAR" property="codigoUsuario" />
		<result column="Nom_Usu" jdbcType="VARCHAR" property="nombreUsuario" />
		<result column="Correo_Usu" jdbcType="VARCHAR" property="correoUsuario" />
		<result column="Estado_Usu" jdbcType="VARCHAR" property="estado" />
		<result column="Usu_Crea" jdbcType="VARCHAR" property="usuarioCreacion" />
		<result column="Fec_Crea" jdbcType="DATE" property="fechaCreacion" />
		<result column="Usu_Modifica" jdbcType="VARCHAR" property="usuarioModificacion" />
		<result column="Fec_Modifica" jdbcType="DATE" property="fechaModificacion" />
	</resultMap>
	
	<select id="listarUsuario"
		parameterType="com.cardif.satelite.cpe.bean.UsuarioBean"
		resultMap="rmTablaUsuario">
		Select
		  Id_Usuario,
		  Usu_Cod,
		  Nom_Usu,
		  Correo_Usu,
		  Estado_Usu,
		  Usu_Crea,
		  Fec_Crea,
		  Usu_Modifica,
		  Fec_Modifica
		From
		  Cpe_Usuario
		Where
			1=1
		<if test="codigoUsuario != null">
				And
			UPPER(Usu_Cod) = UPPER(#{codigoUsuario, jdbcType=VARCHAR})
		</if>
		<if test="idUsuario != null">
				 And
		  	Id_Usuario = #{idUsuario, jdbcType=NUMERIC}
		</if>
		<if test="estado != null">
				 And
		  	Estado_Usu = #{estado, jdbcType=VARCHAR}
		</if>
		<if test="nombreUsuario != null">
				 And
		  	UPPER(Nom_Usu) like CONCAT(UPPER(#{nombreUsuario, jdbcType=VARCHAR}), '%')
		</if>
		<if test="correoUsuario != null">
				 And
		  	UPPER(Correo_Usu) like CONCAT(UPPER(#{correoUsuario, jdbcType=VARCHAR}), '%')
		</if>
		ORDER BY Usu_Cod
	</select>
	
	<insert id="insertarUsuario"
		parameterType="com.cardif.satelite.cpe.bean.UsuarioBean">
		
		<selectKey order="BEFORE" keyProperty="idUsuario"
			resultType="java.lang.Long">
			SELECT SEC_CPE_USUARIO.NEXTVAL FROM DUAL
		</selectKey>
		
		INSERT INTO CPE_USUARIO
			(
				ID_USUARIO,
				USU_COD,
				NOM_USU,
				CORREO_USU,
				ESTADO_USU,
				USU_CREA,
				FEC_CREA
			)
		VALUES
			(
				#{idUsuario, jdbcType=NUMERIC},
				#{codigoUsuario, jdbcType=NVARCHAR},
				#{nombreUsuario, jdbcType=NVARCHAR},
				#{correoUsuario, jdbcType=NVARCHAR},
				#{estado, jdbcType=NVARCHAR},
				#{usuarioCreacion, jdbcType=NVARCHAR},
				SYSDATE
			)
	</insert>
	
	<update id="actualizarUsuario"
		parameterType="com.cardif.satelite.cpe.bean.UsuarioBean">
		
		UPDATE
			CPE_USUARIO
		SET
			USU_COD = #{codigoUsuario, jdbcType=NVARCHAR},
			NOM_USU = #{nombreUsuario, jdbcType=NVARCHAR},
			CORREO_USU = #{correoUsuario, jdbcType=NVARCHAR},
			ESTADO_USU = #{estado, jdbcType=NVARCHAR},
			USU_MODIFICA = #{usuarioModificacion, jdbcType=NVARCHAR},
			FEC_MODIFICA = SYSDATE
		WHERE
			ID_USUARIO = #{idUsuario, jdbcType=NUMERIC}
			
	</update>
	
	<update id="eliminarUsuario"
		parameterType="com.cardif.satelite.cpe.bean.UsuarioBean">
		
		UPDATE
			CPE_USUARIO
		SET
			ESTADO_USU = '0',
			USU_MODIFICA = #{usuarioModificacion, jdbcType=NVARCHAR},
			FEC_MODIFICA = SYSDATE
		WHERE
			ID_USUARIO = #{idUsuario, jdbcType=NUMERIC}
			
	</update>
	
</mapper>