<?xml version="1.0" encoding="UTF-8"?>
<!DOCTYPE mapper PUBLIC "-//mybatis.org//DTD Mapper 3.0//EN" "http://mybatis.org/dtd/mybatis-3-mapper.dtd" >
<mapper namespace="com.cardif.satelite.cpe.dao.VentaUploadCpeMapper">

	<resultMap id="rmVentaUpload" type="com.cardif.satelite.cpe.bean.VentaUploadCpeBean">
		<result column="llave_upload" jdbcType="NVARCHAR" property="llaveUpload" />
		<result column="llave_pims" jdbcType="NVARCHAR" property="llavePims" />
		<result column="id_socio" jdbcType="NUMERIC" property="idSocio" />
		<result column="nom_socio" jdbcType="NVARCHAR" property="nomSocio" />
		<result column="id_producto" jdbcType="NUMERIC" property="idProducto" />
		<result column="nom_producto" jdbcType="NVARCHAR" property="nomProducto" />
		<result column="fec_emision" jdbcType="DATE" property="fecEmision" />
		<result column="id_tipo_comp" jdbcType="NVARCHAR" property="idTipoComp" />
		<result column="concep_nd" jdbcType="NVARCHAR" property="concepNd" />
		<result column="tipo_moneda" jdbcType="NVARCHAR" property="tipoMoneda" />	
		<result column="fec_venc" jdbcType="DATE" property="fecVenc" />
		<result column="id_tipodoc_cli" jdbcType="NVARCHAR" property="idTipoDocCli" />
		<result column="numdoc_cli" jdbcType="NVARCHAR" property="numDocCli" />
		<result column="nomcli_razsoc" jdbcType="NVARCHAR" property="nomCliRazSoc" />
		<result column="dir_cli" jdbcType="NVARCHAR" property="dirCli" />
		<result column="departamento" jdbcType="NVARCHAR" property="departamento" />
		<result column="provincia" jdbcType="NVARCHAR" property="provincia" />
		<result column="distrito" jdbcType="NVARCHAR" property="distrito" />
		<result column="telf_cli" jdbcType="NVARCHAR" property="telfCli" />
		<result column="mail_cli" jdbcType="NVARCHAR" property="mailCli" />
		<result column="num_poliza" jdbcType="NVARCHAR" property="numPoliza" />
		<result column="fec_venta" jdbcType="DATE" property="fecVenta" />
		<result column="base_imponible" jdbcType="NUMERIC" property="baseImponible" />
		<result column="imp_exonerado" jdbcType="NUMERIC" property="impExonerado" />
		<result column="imp_inafecto" jdbcType="NUMERIC" property="impInafecto" />
		<result column="igv" jdbcType="NUMERIC" property="igv" />
		<result column="imp_total" jdbcType="NUMERIC" property="impTotal" />
		<result column="open_item" jdbcType="NUMERIC" property="openItem" />
		<result column="open_item_ref" jdbcType="NVARCHAR" property="openItemRef" />
		<result column="colect_indiv" jdbcType="NUMERIC" property="colectIndiv" />
		<result column="fecha_carga" jdbcType="DATE" property="fecCarga" />
		<result column="concepto" jdbcType="NVARCHAR" property="concepto" />
		<result column="cod_prod_sunat" jdbcType="NUMERIC" property="codProdSunat" />
		<result column="val_fact_export" jdbcType="NUMERIC" property="valFactExport" />
		<result column="val_opgratuitas" jdbcType="NUMERIC" property="valOpgratuitas" />
		<result column="isc" jdbcType="NUMERIC" property="isc" />
		<result column="imp_otros" jdbcType="NUMERIC" property="impOtros" />
		<result column="upld_id" jdbcType="NUMERIC" property="upldId" />
	</resultMap>
	
	<resultMap id="rmVentaAgrupadoUpload" type="com.cardif.satelite.cpe.bean.VentaUploadAgrupadoCpeBean">
		<result column="archivo_cardif" jdbcType="NVARCHAR" property="archivoCardif" />
		<result column="archivo_socio_producto" jdbcType="NVARCHAR" property="archivoSocioProducto" />
		<result column="proceso" jdbcType="NUMERIC" property="proceso" />
		<result column="lote" jdbcType="NUMERIC" property="lote" />
		<result column="fecha_carga" jdbcType="DATE" property="fechaCarga" />
		<result column="fecha_carga_str" jdbcType="NVARCHAR" property="fechaCargaStr" />
		<result column="cod_estado" jdbcType="NVARCHAR" property="codEstado" />
		<result column="n_estado" jdbcType="NVARCHAR" property="nEstado" />
		<result column="inicioproceso" jdbcType="NVARCHAR" property="inicioProceso" />
		<result column="terminoproceso" jdbcType="NVARCHAR" property="terminoProceso" />
		<result column="registros" jdbcType="NUMERIC" property="registros" />
		<result column="registros_trama" jdbcType="NUMERIC" property="registrosTrama" />
		<result column="tipo_movimiento" jdbcType="NVARCHAR" property="tipoMovimiento" />
	</resultMap>
	
	<select id="listarVentasDetalladoUpload"
		parameterType="com.cardif.satelite.cpe.bean.VentaUploadCpeBean"
		resultMap="rmVentaUpload">
			
		SELECT
			UPL.UPLD_PRD_COD || TO_CHAR(UPL.UPLD_EFF_DT,'YYYYMMDD')||UPL.UPLD_CTR_PTN_NBR||UPL.UPLD_INT_PND_QTY||TO_CHAR(UPL.UPLD_DUE_DT,'YYYYMMDD') AS LLAVE_UPLOAD,
			'' AS LLAVE_PIMS,
			'' AS ID_SOCIO,
			'' AS NOM_SOCIO, 
		    '' AS ID_PRODUCTO,
			'' AS NOM_PRODUCTO,
			'' AS FEC_EMISION,
			CASE LENGTH(TRIM(UPL.UPLD_AUX_FLD_03)) WHEN 11 THEN '01' ELSE '03' END AS ID_TIPO_COMP,
			'' AS CONCEP_ND,
		    UPL.UPLD_AUX_FLD_17 AS TIPO_MONEDA,
			UPL.UPLD_EXP_DT AS FEC_VENC,    
		    CASE UPL.UPLD_AUX_FLD_04 WHEN '1' THEN '01' WHEN '2' THEN '04' WHEN '4' THEN '06' WHEN '3' THEN '07' ELSE '00' END AS ID_TIPODOC_CLI,
		    UPL.UPLD_AUX_FLD_03 AS NUMDOC_CLI,
			TRIM(UPL.UPLD_NME || ' ' || NVL(UPL.UPLD_AUX_FLD_01,'') || ' ' || NVL(UPL.UPLD_AUX_FLD_02,'')) AS NOMCLI_RAZSOC,
		    UPL.UPLD_ADR AS DIR_CLI,
			UPL.UPLD_CTY AS DEPARTAMENTO,
			UPL.UPLD_NBH AS PROVINCIA,
			UPL.UPLD_AUX_FLD_08 AS DISTRITO,    
		    UPL.UPLD_PHO_CMM_NBR AS TELF_CLI,
			UPL.UPLD_AUX_FLD_05 AS MAIL_CLI,
			UPL.UPLD_CTR_PTN_NBR AS NUM_POLIZA,
			UPL.UPLD_EFF_DT AS FEC_VENTA,
		    '' AS BASE_IMPONIBLE,
			'' AS IMP_EXONERADO,
			'' AS IMP_INAFECTO,
			'' AS IGV,
			UPL.UPLD_PRM_VL AS IMP_TOTAL,
			'' AS OPEN_ITEM,
			'' AS OPEN_ITEM_REF,
		    '' AS COLECT_INDIV,
		    FLE.FILEPRC_RCV_DT AS FECHA_CARGA
		FROM
			UPLOAD.LIFE_UPL UPL 
			INNER JOIN UPLOAD.LIFE_FLE_PRC FLE ON FLE.FILEPRC_ID = UPL.FILEPRC_ID
			INNER JOIN UPLOAD.LIFE_FLE_RUL RUL ON RUL.FILETYPE_ID = FLE.FILETYPE_ID AND RUL.PERSON_ID = FLE.PERSON_ID AND RUL.FILERULE_STCP_COD = SUBSTR(FLE.FILEPRC_PRT_FLE_NME,1,LENGTH(RUL.FILERULE_STCP_COD))
		WHERE
			1=1
			<if test="fecCargaDesde != null and fecCargaHasta != null">
				AND FLE.FILEPRC_RCV_DT BETWEEN #{fecCargaDesde, jdbcType=DATE} AND #{fecCargaHasta, jdbcType=DATE}
			</if>
			<if test="proceso != null">
				AND UPL.FILEPRC_ID = #{proceso, jdbcType=NUMERIC}
			</if>
			<if test="prefijoAlta != null">
				AND RUL.FILERULE_STCP_COD = #{prefijoAlta, jdbcType=VARCHAR}
			</if>
			<if test="numCertificado != null">
				AND UPL.UPLD_CTR_PTN_NBR = #{numCertificado, jdbcType=VARCHAR}
			</if>
			<if test="tipoMoneda != null">
				AND UPL.UPLD_AUX_FLD_17 = #{tipoMoneda, jdbcType=VARCHAR}
			</if>
			<if test="numDocCli != null">
				AND UPL.UPLD_AUX_FLD_03 = #{numDocCli, jdbcType=VARCHAR}
  		  	</if>
	</select>
	
	<select id="listarVentasAgrupadoUpload"
		parameterType="com.cardif.satelite.cpe.bean.VentaUploadAgrupadoCpeBean"
		resultMap="rmVentaAgrupadoUpload">
  		  
  		SELECT
			FLE.FILEPRC_CDF_FLE_NME                                 AS ARCHIVO_CARDIF,
			FILEPRC_PRT_FLE_NME                                     AS ARCHIVO_SOCIO_PRODUCTO,
			FLE.FILEPRC_ID                                          AS PROCESO,
			FILEPRC_SEQ_NBR                                         AS LOTE,
			FILEPRC_RCV_DT                                          AS FECHA_CARGA,
			TO_CHAR(FILEPRC_RCV_DT,'DD/MM/YYYY hh24:mi:ss')         AS FECHA_CARGA_STR,
			FILEPRC_PND_PRC_FLG                                     AS COD_ESTADO,
			FILEPRC_PRC_CMR                                         AS N_ESTADO,
			TO_CHAR(FLE.FILEPRC_PRC_STR_DT,'DD/MM/YYYY hh24:mi:ss') AS INICIOPROCESO,
			TO_CHAR(FLE.FILEPRC_PRC_END_DT,'DD/MM/YYYY hh24:mi:ss') AS TERMINOPROCESO,
			UPL.REGISTROS                                           AS REGISTROS,
			FLE.FILEPRC_REG_QTY                                     AS REGISTROS_TRAMA,
			RUL.FILERULE_STCP_COD                                   AS TIPO_MOVIMIENTO
		FROM
			UPLOAD.LIFE_FLE_PRC FLE 
			INNER JOIN UPLOAD.LIFE_FLE_RUL RUL ON RUL.FILETYPE_ID = FLE.FILETYPE_ID AND RUL.PERSON_ID = FLE.PERSON_ID AND RUL.FILERULE_STCP_COD = SUBSTR(FLE.FILEPRC_PRT_FLE_NME,1,LENGTH(RUL.FILERULE_STCP_COD))
			INNER JOIN (SELECT FILEPRC_ID, COUNT(0) REGISTROS 
		          FROM UPLOAD.LIFE_UPL
		          WHERE UPLD_PRM_VL > 0
		          <!-- TIP_PER0100_CC09_13 INICIO 2019/05/10 - 11:50 - Se recorre la lista de tipo de movimientos -->
		          <if test="listTipoMovimiento != null">
						AND UPLD_OPR_COD IN
						<foreach item="item" collection="listTipoMovimiento" separator="," open="(" close=")">
					        #{item, jdbcType=VARCHAR}
					    </foreach>
				  </if>
		          <!-- TIP_PER0100_CC09_13 FIN -->
		          GROUP BY FILEPRC_ID
		         
		      ) UPL ON FLE.FILEPRC_ID = UPL.FILEPRC_ID
		WHERE
			1=1
			<if test="fecCargaDesde != null and fecCargaHasta != null">
				AND FLE.FILEPRC_RCV_DT BETWEEN #{fecCargaDesde, jdbcType=DATE} AND #{fecCargaHasta, jdbcType=DATE}
			</if>
			<![CDATA[
				AND FLE.FILEPRC_PND_PRC_FLG <> 'R'
			]]>
			<!-- <if test="prefijoAlta != null">
				AND RUL.FILERULE_STCP_COD = #{prefijoAlta, jdbcType=VARCHAR}
			</if> -->
			<if test="listPrefijo != null">
				AND RUL.FILERULE_STCP_COD IN
				<foreach item="item" collection="listPrefijo" separator="," open="(" close=")">
			        #{item, jdbcType=VARCHAR}
			    </foreach>
			</if>
			<if test="proceso != null">
				AND FLE.FILEPRC_ID = #{proceso, jdbcType=NUMERIC}
			</if>
		ORDER BY
			FLE.FILEPRC_ID DESC
			
	</select>
	
	<select id="listaCompletarDatosUpload"
		parameterType="com.cardif.satelite.cpe.bean.VentaUploadCpeBean"
		resultMap="rmVentaUpload">
			
		SELECT
		    *
		FROM
		    (SELECT
			    UPL.UPLD_AUX_FLD_17 AS TIPO_MONEDA,
			    UPL.UPLD_EXP_DT AS FEC_VENC,
			    CASE UPL.UPLD_AUX_FLD_04 WHEN '1' THEN '01' WHEN '2' THEN '04' WHEN '4' THEN '06' WHEN '3' THEN '07' ELSE '00' END AS ID_TIPODOC_CLI,
			    UPL.UPLD_AUX_FLD_03 AS NUMDOC_CLI,
			    TRIM(UPL.UPLD_NME || ' ' || NVL(UPL.UPLD_AUX_FLD_01,'') || ' ' || NVL(UPL.UPLD_AUX_FLD_02,'')) AS NOMCLI_RAZSOC, 
			    UPL.UPLD_ADR AS DIR_CLI,
			    UPL.UPLD_CTY AS DEPARTAMENTO,
			    UPL.UPLD_NBH AS PROVINCIA,
			    UPL.UPLD_AUX_FLD_08 AS DISTRITO,
			    UPL.UPLD_PHO_CMM_NBR AS TELF_CLI, 
			    UPL.UPLD_AUX_FLD_05 AS MAIL_CLI,
			    '' AS CONCEPTO,
			    '' AS COD_PROD_SUNAT,
			    UPL.UPLD_CTR_PTN_NBR AS NUM_POLIZA,
			    0.00 AS VAL_FACT_EXPORT,
			    0.00 AS BASE_IMPONIBLE, 
			    0.00 AS IMP_EXONERADO,
			    0.00 AS IMP_INAFECTO,
			    0.00 AS VAL_OPGRATUITAS,
			    0.00 AS ISC,
			    0.00 AS IGV,
			    0.00 AS IMP_OTROS,
			    UPL.UPLD_PRM_VL AS IMP_TOTAL,
			    MAX(UPL.UPLD_ID) AS UPLD_ID
			FROM
			    UPLOAD.LIFE_UPL UPL 
			    INNER JOIN UPLOAD.LIFE_FLE_PRC FLE ON FLE.FILEPRC_ID = UPL.FILEPRC_ID
			    INNER JOIN UPLOAD.LIFE_FLE_RUL RUL ON RUL.FILETYPE_ID = FLE.FILETYPE_ID AND RUL.PERSON_ID = FLE.PERSON_ID AND RUL.FILERULE_STCP_COD = SUBSTR(FLE.FILEPRC_PRT_FLE_NME,1,LENGTH(RUL.FILERULE_STCP_COD))
			WHERE
			    1=1
			    <if test="prefijoAlta != null">
			    	AND RUL.FILERULE_STCP_COD = #{prefijoAlta, jdbcType=NVARCHAR}
			    </if>
			    <if test="numPoliza != null">
			    	AND UPL.UPLD_CTR_PTN_NBR = #{numPoliza, jdbcType=NVARCHAR}
			    </if>
			    <if test="numDocCli != null">
			    	AND	UPL.UPLD_AUX_FLD_03 = #{numDocCli, jdbcType=NVARCHAR}
			    </if>
			GROUP BY
			    UPL.UPLD_AUX_FLD_17,
			    UPL.UPLD_EXP_DT,
			    UPL.UPLD_AUX_FLD_04,
			    UPL.UPLD_AUX_FLD_03,
			    UPL.UPLD_NME,
			    UPL.UPLD_AUX_FLD_01,
			    UPL.UPLD_AUX_FLD_02,
			    UPL.UPLD_ADR,
			    UPL.UPLD_SSN_NBR,
			    UPL.UPLD_CTY,
			    UPL.UPLD_NBH,
			    UPLD_AUX_FLD_08,
			    UPL.UPLD_PHO_CMM_NBR, 
			    UPL.UPLD_AUX_FLD_05,
			    UPL.UPLD_CTR_PTN_NBR,
			    UPL.UPLD_PRM_VL
			ORDER BY
	        	MAX(UPL.UPLD_ID) DESC)
  		WHERE
    		ROWNUM = 1
	</select>
	
</mapper>