<?xml version="1.0" encoding="UTF-8"?>
<!DOCTYPE mapper PUBLIC "-//mybatis.org//DTD Mapper 3.0//EN" "http://mybatis.org/dtd/mybatis-3-mapper.dtd" >
<mapper namespace="com.cardif.satelite.cpe.dao.VentaPimsCpeMapper">

	<resultMap id="rmVentaPims" type="com.cardif.satelite.cpe.bean.VentaPimsCpeBean">
		<result column="llave_upload" jdbcType="NVARCHAR" property="llaveUpload" />
		<result column="llave_pims" jdbcType="NVARCHAR" property="llavePims" />
		<result column="id_socio" jdbcType="NUMERIC" property="idSocio" />
		<result column="nom_socio" jdbcType="NVARCHAR" property="nomSocio" />
		<result column="id_producto" jdbcType="NUMERIC" property="idProducto" />
		<result column="nom_producto" jdbcType="NVARCHAR" property="nomProducto" />
		<result column="fec_emision" jdbcType="DATE" property="fecEmision" />
		<result column="id_tipo_comp" jdbcType="NVARCHAR" property="idTipoComp" />
		<result column="concep_nd" jdbcType="NVARCHAR" property="concepNd" />
		<result column="tipo_moneda" jdbcType="NVARCHAR" property="tipoMoneda" />	
		<result column="fec_venc" jdbcType="DATE" property="fecVenc" />
		<result column="id_tipodoc_cli" jdbcType="NVARCHAR" property="idTipoDocCli" />
		<result column="numdoc_cli" jdbcType="NVARCHAR" property="numDocCli" />
		<result column="nomcli_razsoc" jdbcType="NVARCHAR" property="nomCliRazSoc" />
		<result column="dir_cli" jdbcType="NVARCHAR" property="dirCli" />
		<result column="departamento" jdbcType="NVARCHAR" property="departamento" />
		<result column="provincia" jdbcType="NVARCHAR" property="provincia" />
		<result column="distrito" jdbcType="NVARCHAR" property="distrito" />
		<result column="telf_cli" jdbcType="NVARCHAR" property="telfCli" />
		<result column="mail_cli" jdbcType="NVARCHAR" property="mailCli" />
		<result column="num_poliza" jdbcType="NVARCHAR" property="numPoliza" />
		<result column="fec_venta" jdbcType="DATE" property="fecVenta" />
		<result column="base_imponible" jdbcType="NUMERIC" property="baseImponible" />
		<result column="imp_exonerado" jdbcType="NUMERIC" property="impExonerado" />
		<result column="imp_inafecto" jdbcType="NUMERIC" property="impInafecto" />
		<result column="igv" jdbcType="NUMERIC" property="igv" />
		<result column="imp_total" jdbcType="NUMERIC" property="impTotal" />
		<result column="open_item" jdbcType="NUMERIC" property="openItem" />
		<result column="open_item_ref" jdbcType="NVARCHAR" property="openItemRef" />
		<result column="colect_indiv" jdbcType="NUMERIC" property="colectIndiv" />
		<result column="fecha_carga" jdbcType="DATE" property="fecCarga" />
		<result column="concepto" jdbcType="NVARCHAR" property="concepto" />
		<result column="cod_prod_sunat" jdbcType="NUMERIC" property="codProdSunat" />
		<result column="val_fact_export" jdbcType="NUMERIC" property="valFactExport" />
		<result column="val_opgratuitas" jdbcType="NUMERIC" property="valOpgratuitas" />
		<result column="isc" jdbcType="NUMERIC" property="isc" />
		<result column="imp_otros" jdbcType="NUMERIC" property="impOtros" />
	</resultMap>
	
	<select id="listarVentasColectivoPims"
		parameterType="com.cardif.satelite.cpe.bean.VentaPimsCpeBean"
		resultMap="rmVentaPims">
			
		SELECT
		  '' AS LLAVE_UPLOAD,
		  AGP.AGREGATEDPOLICYID || PDCO.OPERATIONPK AS LLAVE_PIMS,
		  PV.THIRDPARTYID AS ID_SOCIO,
		  REPLACE(PV.DESCRIPTION,':Partner') AS NOM_SOCIO,
		  AGP.PRODUCTID AS ID_PRODUCTO,
		  AGP.PRODUCT_NAME AS NOM_PRODUCTO,
		  PDCO.TIME_STAMP AS FEC_EMISION,
		  '' AS ID_TIPO_COMP,
		  '' AS CONCEP_ND,
		  CASE OI.CURRENCYID WHEN  105 THEN 'PEN' WHEN 125 THEN 'USD' ELSE '' END AS TIPO_MONEDA,
		  PDCO.FINISHDATE AS FEC_VENC,
		  CASE NP.THIRDPARTYDOCUMENTTYPEVALUE WHEN '1' THEN '01' WHEN '2' THEN '04' WHEN '4' THEN '06' WHEN '3' THEN '07' ELSE '00' END AS ID_TIPODOC_CLI,
		  TP.THIRDPARTYNBINPUT AS NUMDOC_CLI,
		  TP.THIRDPARTYFULLNAMEINPUT AS NOMCLI_RAZSOC,
		  PA.ADDRESSNAMEINPUT AS DIR_CLI,
		  PA.STATENAMEINPUT AS DEPARTAMENTO,
		  PA.TOWNNAMEINPUT AS PROVINCIA,
		  PA.NEIGHBOURHOODNAMEINPUT AS DISTRITO,
		  TP.PHONENBINPUT AS TELF_CLI,
		  TP.ELECTRONICADDRESSNAMEINPUT AS MAIL_CLI,
		  PDCO.POD_POLICYNUMBER AS NUM_POLIZA,
		  PDCO.INITIALDATE AS FEC_VENTA,
		  NVL(TPM4.AMMOUNT,0.00) AS BASE_IMPONIBLE,
		  NVL(TPM4.AMMOUNT,0.00) AS IMP_EXONERADO,
		  NVL(TPM4.AMMOUNT,0.00) AS IMP_INAFECTO,
		  NVL(TPM3.AMMOUNT,0.00) AS IGV,
		  OI.AMOUNT AS IMP_TOTAL,
		  OI.OPENITEMID AS OPEN_ITEM,
		  '' AS OPEN_ITEM_REF,
		  P.PRO_PREMIUMMANAGEMENT AS COLECT_INDIV,
		  PDCO.AUDITDATE AS FECHA_CARGA
		FROM
		  BRAXTS_CFG.POLICYDCO PDCO
		  INNER JOIN BRAXTS_CFG.AGREGATEDPOLICY AGP ON AGP.AGREGATEDPOLICYID = PDCO.AGREGATEDOBJECTID
		  INNER JOIN BRAXTS_CFG.PRODUCT P ON P.PRODUCTID = AGP.PRODUCTID
		  INNER JOIN BRAXTS_CFG.POLICYPARTICIPATION PP ON PP.AGREGATEDPOLICYID = AGP.AGREGATEDPOLICYID
		  INNER JOIN BRAXTS_CFG.PARTICIPATIONVERSION PV ON PV.AGREGATEDOBJECTID = PP.PARTICIPATIONID AND PV.ROL_ID = 120
		  INNER JOIN BRAXTS_CFG.RISKUNITDCO RU ON RU.AGREGATEDPARENTID = PDCO.AGREGATEDOBJECTID AND RU.OPERATIONPK = PDCO.OPERATIONPK
		  INNER JOIN BRAXTS_CFG.INSURANCEOBJECTDCO IOD ON IOD.AGREGATEDPARENTID = RU.AGREGATEDOBJECTID AND IOD.OPERATIONPK = PDCO.OPERATIONPK
		  INNER JOIN BRAXTS_CFG.PARTICIPATIONVERSIONINSURANCE PVI ON PVI.OPERATIONPK = PDCO.OPERATIONPK AND PVI.STATUS=2 AND IOD.AGREGATEDOBJECTID = PVI.AGREGATEDPARENTID
		  INNER JOIN BRAXTS_CFG.CCOPTPTHIRDPARTY TP ON TP.STATIC = PVI.THIRDPARTYID
		  INNER JOIN BRAXTS_CFG.NATURALPERSON NP ON NP.STATIC = PVI.THIRDPARTYID
		  LEFT JOIN BRAXTS_CFG.STTE_THIRDPARTYADDRESSBOOK TAB ON TAB.TPT_ID = NP.STATIC AND TAB.TAB_TYPE = 3
		  LEFT JOIN BRAXTS_CFG.CCOXTPPOSTALADDRESS PA ON PA.STATIC = TAB.TAB_ID
		  INNER JOIN BRAXTS_CFG.OPENITEM OI ON OI.OPERATIONPK = PDCO.OPERATIONPK AND OI.DTY_ID = 513
		  LEFT JOIN	BRAXTS_CFG.THIRDPARTYMOVEMENTPOLICY TPM3 ON TPM3.OPERATIONPK = PDCO.OPERATIONPK AND TPM3.CONCEPT = 'PremiumTax' 
		  LEFT JOIN	BRAXTS_CFG.THIRDPARTYMOVEMENTPOLICY TPM4 ON TPM4.OPERATIONPK = PDCO.OPERATIONPK AND TPM4.CONCEPT = 'NetPremium'
		WHERE
  		  PDCO.STATUS = 2
  		  <if test="fecCargaDesde != null and fecCargaHasta != null">
  		  	AND PDCO.AUDITDATE BETWEEN #{fecCargaDesde, jdbcType=DATE} AND #{fecCargaHasta, jdbcType=DATE}
  		  </if>
  		  <if test="idProductoPims != null">
  		 	AND AGP.PRODUCTID = #{idProductoPims, jdbcType=NUMERIC}
  		  </if>
  		  <if test="numCertificado != null">
	  		  AND PDCO.POD_POLICYNUMBER = #{numCertificado, jdbcType=NUMERIC}
	  	  </if>
	  	  <if test="tipoMonedaPims != null">
			  AND OI.CURRENCYID = 105
		  </if>
		  <if test="numDocCli != null"> 
			  AND TP.THIRDPARTYNBINPUT = #{numDocCli, jdbcType=VARCHAR}
		  </if>
  		  
	</select>
	
	<select id="listarVentasIndividualPims"
		parameterType="com.cardif.satelite.cpe.bean.VentaPimsCpeBean"
		resultMap="rmVentaPims">
		
		SELECT
		    '' AS LLAVE_UPLOAD,
			AGP.AGREGATEDPOLICYID || PDCO.OPERATIONPK AS LLAVE_PIMS,
			PV.THIRDPARTYID AS ID_SOCIO,
			REPLACE(PV.DESCRIPTION,':Partner') AS NOM_SOCIO, 
			AGP.PRODUCTID AS ID_PRODUCTO,
			AGP.PRODUCT_NAME AS NOM_PRODUCTO,
			PDCO.TIME_STAMP AS FEC_EMISION,
			'' AS ID_TIPO_COMP,
			'' AS CONCEP_NC,
			CASE OI.CURRENCYID WHEN  105 THEN 'PEN' WHEN 125 THEN 'USD' ELSE '' END AS TIPO_MONEDA,
			PDCO.FINISHDATE AS FEC_VENC,
			CASE NP.THIRDPARTYDOCUMENTTYPEVALUE WHEN '1' THEN '01' WHEN '2' THEN '04' WHEN '4' THEN '06' WHEN '3' THEN '07' ELSE '00' END AS ID_TIPODOC_CLI,
			TP.THIRDPARTYNBINPUT AS NUMDOC_CLI,
			TP.THIRDPARTYFULLNAMEINPUT AS NOMCLI_RAZSOC,
			PA.ADDRESSNAMEINPUT AS DIR_CLI,
			PA.STATENAMEINPUT AS DEPARTAMENTO,
			PA.TOWNNAMEINPUT AS PROVINCIA,
			PA.NEIGHBOURHOODNAMEINPUT AS DISTRITO,
			TP.PHONENBINPUT AS TELF_CLI,
			TP.ELECTRONICADDRESSNAMEINPUT AS MAIL_CLI,
			PDCO.POD_POLICYNUMBER AS NUM_POLIZA,
			PDCO.INITIALDATE AS FEC_VENTA,
			NVL(TPM4.AMMOUNT,0.00) AS BASE_IMPONIBLE,
			NVL(TPM4.AMMOUNT,0.00) AS IMP_EXONERADO,
			NVL(TPM4.AMMOUNT,0.00) AS IMP_INAFECTO,
			NVL(TPM3.AMMOUNT,0.00) AS IGV,
			OI.AMOUNT AS IMP_TOTAL,
			OI.OPENITEMID AS OPEN_ITEM,
			OI2.OPENITEMID AS OPEN_ITEM_REF,
			P.PRO_PREMIUMMANAGEMENT AS COLECT_INDIV,
			OI2.OPENITEMDATE AS FECHA_CARGA
		FROM
			BRAXTS_CFG.POLICYDCO PDCO
			INNER JOIN BRAXTS_CFG.AGREGATEDPOLICY AGP         ON AGP.AGREGATEDPOLICYID = PDCO.AGREGATEDOBJECTID
			INNER JOIN BRAXTS_CFG.PRODUCT      P              ON P.PRODUCTID = AGP.PRODUCTID
			INNER JOIN BRAXTS_CFG.POLICYPARTICIPATION PP      ON    PP.AGREGATEDPOLICYID  = AGP.AGREGATEDPOLICYID
			INNER JOIN BRAXTS_CFG.PARTICIPATIONVERSION PV 		ON 		PV.AGREGATEDOBJECTID 	= PP.PARTICIPATIONID AND PV.ROL_ID = 120
			INNER JOIN BRAXTS_CFG.RISKUNITDCO RU              ON    RU.AGREGATEDPARENTID  = PDCO.AGREGATEDOBJECTID  AND RU.OPERATIONPK =PDCO.OPERATIONPK
			INNER JOIN BRAXTS_CFG.INSURANCEOBJECTDCO IOD      ON    IOD.AGREGATEDPARENTID = RU.AGREGATEDOBJECTID AND IOD.OPERATIONPK = PDCO.OPERATIONPK
			INNER JOIN BRAXTS_CFG.PARTICIPATIONVERSIONINSURANCE PVI ON 		PVI.OPERATIONPK = PDCO.OPERATIONPK AND PVI.STATUS=2 AND IOD.AGREGATEDOBJECTID = PVI.AGREGATEDPARENTID
			INNER JOIN BRAXTS_CFG.CCOPTPTHIRDPARTY TP 						ON 		TP.STATIC 	  = PVI.THIRDPARTYID
			INNER JOIN BRAXTS_CFG.NATURALPERSON NP 								ON 		NP.STATIC 		  = PVI.THIRDPARTYID
			LEFT JOIN BRAXTS_CFG.STTE_THIRDPARTYADDRESSBOOK TAB 		ON 		TAB.TPT_ID 			= NP.STATIC AND TAB.TAB_TYPE = 3
			LEFT JOIN BRAXTS_CFG.CCOXTPPOSTALADDRESS PA 						ON 		PA.STATIC 			= TAB.TAB_ID
			INNER JOIN BRAXTS_CFG.OPENITEM OI ON OI.OPERATIONPK = PDCO.OPERATIONPK AND OI.DTY_ID = 513
			INNER JOIN BRAXTS_CFG.OPENITEM OI2 ON OI.OPENITEMID = OI2.APPLIEDTO AND OI2.DTY_ID = 534
			LEFT JOIN	BRAXTS_CFG.THIRDPARTYMOVEMENTPOLICY TPM3			ON		TPM3.OPERATIONPK 		= PDCO.OPERATIONPK AND TPM3.CONCEPT 	= 'PremiumTax' 
			LEFT JOIN	BRAXTS_CFG.THIRDPARTYMOVEMENTPOLICY TPM4			ON		TPM4.OPERATIONPK 		= PDCO.OPERATIONPK AND TPM4.CONCEPT 	= 'NetPremium'
		WHERE
			PDCO.STATUS = 2
			<if test="fecCargaDesde != null and fecCargaHasta != null">
				AND OI2.OPENITEMDATE BETWEEN #{fecCargaDesde, jdbcType=DATE} AND #{fecCargaHasta, jdbcType=DATE}
			</if>
			<if test="idProductoPims != null">
				AND AGP.PRODUCTID = #{idProductoPims, jdbcType=NUMERIC}
			</if>
			<if test="numCertificado != null">
				AND PDCO.POD_POLICYNUMBER = #{numCertificado, jdbcType=NUMERIC}
			</if>
			<if test="tipoMonedaPims != null">
				AND OI.CURRENCYID = 105 -- Codigo de moneda
			</if>
			<if test="numDocCli != null"> 
				AND TP.THIRDPARTYNBINPUT = #{numDocCli, jdbcType=VARCHAR}
			</if>
	
	</select>  
	
	<select id="listaCompletarDatosPims"
		parameterType="com.cardif.satelite.cpe.bean.VentaPimsCpeBean"
		resultMap="rmVentaPims">
		
		SELECT
		    *
		FROM
		    (SELECT
			    AGP.PRODUCTID AS ID_PRODUCTO,
			    CASE OI.CURRENCYID WHEN  105 THEN 'PEN' WHEN 125 THEN 'USD' ELSE '' END AS TIPO_MONEDA,
			    PDCO.FINISHDATE AS FEC_VENC,
			    CASE NP.THIRDPARTYDOCUMENTTYPEVALUE WHEN '2' THEN '4' WHEN '4' THEN '6' WHEN '3' THEN '7' ELSE NP.THIRDPARTYDOCUMENTTYPEVALUE END AS ID_TIPODOC_CLI,
			    TP.THIRDPARTYNBINPUT AS NUMDOC_CLI,
			    TP.THIRDPARTYFULLNAMEINPUT AS NOMCLI_RAZSOC,
			    PA.ADDRESSNAMEINPUT AS DIR_CLI,
			    PA.STATENAMEINPUT AS DEPARTAMENTO,
			    PA.TOWNNAMEINPUT AS PROVINCIA , 
			    PA.NEIGHBOURHOODNAMEINPUT AS DISTRITO,
			    TP.PHONENBINPUT AS TELF_CLI,
			    TP.ELECTRONICADDRESSNAMEINPUT AS MAIL_CLI,
			    '' AS CONCEPTO,
			    '' AS COD_PROD_SUNAT,
			    PDCO.POD_POLICYNUMBER AS NUM_POLIZA,
			    0.00 AS VAL_FACT_EXPORT,
			    0.00 AS BASE_IMPONIBLE,
			    0.00 AS IMP_EXONERADO,
			    0.00 AS IMP_INAFECTO,
			    0.00 AS VAL_OPGRATUITAS,
			    0.00 AS ISC,
			    0.00 AS IGV,
			    0.00 AS IMP_OTROS,
			    OI.AMOUNT AS IMP_TOTAL
			FROM
			    BRAXTS_CFG.POLICYDCO PDCO
			    INNER JOIN BRAXTS_CFG.AGREGATEDPOLICY AGP         ON AGP.AGREGATEDPOLICYID = PDCO.AGREGATEDOBJECTID AND AGP.OPERATIONPK = PDCO.OPERATIONPK
			    LEFT JOIN BRAXTS_CFG.OPENITEM OI ON OI.OPERATIONPK = PDCO.OPERATIONPK AND OI.DTY_ID = 513
			    INNER JOIN BRAXTS_CFG.RISKUNITDCO RU              ON    RU.AGREGATEDPARENTID  = PDCO.AGREGATEDOBJECTID  AND RU.OPERATIONPK =PDCO.OPERATIONPK
			    INNER JOIN BRAXTS_CFG.INSURANCEOBJECTDCO IOD      ON    IOD.AGREGATEDPARENTID = RU.AGREGATEDOBJECTID AND IOD.OPERATIONPK = PDCO.OPERATIONPK
			    INNER JOIN BRAXTS_CFG.PARTICIPATIONVERSIONINSURANCE PVI ON 		PVI.OPERATIONPK = PDCO.OPERATIONPK AND PVI.STATUS=2 AND IOD.AGREGATEDOBJECTID = PVI.AGREGATEDPARENTID
			    INNER JOIN BRAXTS_CFG.CCOPTPTHIRDPARTY TP 						ON 		TP.STATIC 	  = PVI.THIRDPARTYID
			    INNER JOIN BRAXTS_CFG.NATURALPERSON NP 								ON 		NP.STATIC 		  = PVI.THIRDPARTYID
			    LEFT JOIN BRAXTS_CFG.STTE_THIRDPARTYADDRESSBOOK TAB 		ON 		TAB.TPT_ID 			= TP.STATIC AND TAB.TAB_TYPE = 3
			    LEFT JOIN BRAXTS_CFG.CCOXTPPOSTALADDRESS PA 						ON 		PA.STATIC 			= TAB.TAB_ID
			WHERE
			    PDCO.STATUS = 2
			    <if test="idProductoPims != null">
			    	AND AGP.PRODUCTID = #{idProductoPims, jdbcType=NUMERIC}
			    </if>
			    <if test="numPoliza != null">
			    	AND PDCO.POD_POLICYNUMBER = #{numPoliza, jdbcType=VARCHAR}
			    </if>
			    <if test="numDocCli != null"> 
			    	AND TP.THIRDPARTYNBINPUT = #{numDocCli, jdbcType=VARCHAR}
			    </if>	
			    )
			    
  		WHERE
    		ROWNUM = 1
	
	</select>  
</mapper>