<?xml version="1.0" encoding="UTF-8"?>
<!DOCTYPE mapper PUBLIC "-//mybatis.org//DTD Mapper 3.0//EN" "http://mybatis.org/dtd/mybatis-3-mapper.dtd" >
<!--****************************************************************************************************-->
<!--	Nombre: 		VentaDataMartCpeMapper.xml 														-->
<!--	Tipo: 			Creación 																		-->
<!--	Proyecto: 		TIP_PER0100_CC14 																-->
<!--	Fecha:			2019/06/20 13:50 																-->
<!--	Autor:			TIPROYEC 																		--> 
<!--	Descripción: 	Clase que implementa los métodos asociados a consultas de ventas en la base de  -->
<!--  					Datos del DataMart. 															-->
<!--****************************************************************************************************-->
<mapper namespace="com.cardif.satelite.cpe.dao.VentaDataMartCpeMapper">
	<resultMap id="rmBuscarVentaDataMart" type="com.cardif.satelite.cpe.bean.VentaCpeBean">
		<result column="TIP_LISTA" jdbcType="VARCHAR" property="tipoLista"/>
		<result column="Id_Producto" jdbcType="NUMERIC" property="idProductoPims" />
		<result column="Tipo_Moneda" jdbcType="VARCHAR" property="tipoMoneda" />
		<result column="Fec_Venc" jdbcType="VARCHAR" property="fechaVenc" />
		<result column="Num_Poliza" jdbcType="VARCHAR" property="numPoliza" />
		<result column="Id_Tipodoc_Cli" jdbcType="VARCHAR" property="idTipoDocCli" />
		<result column="Numdoc_Cli" jdbcType="VARCHAR" property="numDocCli" />
		<result column="Nomcli_Razsoc" jdbcType="VARCHAR" property="nomCliRazSoc" />	
	</resultMap>

	<select id="obtenerListaVentaCpeDataMart"
		parameterType="com.cardif.satelite.cpe.bean.VentaCpeBean"
		resultMap="rmBuscarVentaDataMart">
		<if test="listaConsultaDatamartPorPoliza != null and !listaConsultaDatamartPorPoliza.isEmpty()">
			SELECT 
				'POLIZA' TIP_LISTA
				,PR.COD_PRODUCTO ID_PRODUCTO
				,CASE M.COD_MONEDA WHEN '105' THEN 'PEN' WHEN '125' THEN 'USD' ELSE '' END  TIPO_MONEDA
				,ISC.FEC_FIN_POLIZA FEC_VENC 
				,ISC.NUM_CERTIFICADO NUM_POLIZA
				,CASE ASEG.DES_TIPO_DOCUMENTO WHEN 'DNI' THEN '01' WHEN 'CARNET DE EXTRANJERIA' THEN '04' WHEN 'PASAPORTE' THEN '07' WHEN 'RUC' THEN '06' ELSE '00' END ID_TIPODOC_CLI
				,ASEG.NUM_DOCUMENTO NUMDOC_CLI
				,ASEG.DES_ASEGURADO NOMCLI_RAZSOC
			FROM USER_DM_BDS.BDS_FT_INDIVIDUAL_SUSCRIPCION ISC
			INNER JOIN USER_DM_BDS.BDS_DM_ASEGURADO ASEG ON ASEG.SUK_ASEGURADO = ISC.SUK_ASEGURADO
			INNER JOIN USER_DM_BDS.BDS_DM_PRODUCTO PR ON PR.SUK_PRODUCTO = ISC.SUK_PRODUCTO
			INNER JOIN USER_DM_BDS.BDS_DM_MONEDA M ON M.SUK_MONEDA = ISC.SUK_MONEDA
			WHERE (ASEG.DES_TIPO_DOCUMENTO IS NOT NULL OR ASEG.NUM_DOCUMENTO IS NOT NULL OR ASEG.DES_ASEGURADO IS NOT NULL)
			<foreach collection="listaConsultaDatamartPorPoliza" item="ventaPol" separator=" OR " open=" AND ( " close=" ) ">
				(PR.COD_PRODUCTO = #{ventaPol.idStrProductoPims} AND ISC.NUM_CERTIFICADO = #{ventaPol.numPoliza}) 
			</foreach>
			<if test="listaConsultaDatamartPorDocumento != null and !listaConsultaDatamartPorDocumento.isEmpty()">
			UNION
			</if>
		</if>
		<if test="listaConsultaDatamartPorDocumento != null and !listaConsultaDatamartPorDocumento.isEmpty()" >
			SELECT 
				'NUMDOC' TIP_LISTA
				,PR.COD_PRODUCTO ID_PRODUCTO
				,CASE M.COD_MONEDA WHEN '105' THEN 'PEN' WHEN '125' THEN 'USD' ELSE '' END  TIPO_MONEDA
				,ISC.FEC_FIN_POLIZA FEC_VENC 
				,ISC.NUM_CERTIFICADO NUM_POLIZA
				,CASE ASEG.DES_TIPO_DOCUMENTO WHEN 'DNI' THEN '01' WHEN 'CARNET DE EXTRANJERIA' THEN '04' WHEN 'PASAPORTE' THEN '07' WHEN 'RUC' THEN '06' ELSE '00' END ID_TIPODOC_CLI
				,ASEG.NUM_DOCUMENTO NUMDOC_CLI
				,ASEG.DES_ASEGURADO NOMCLI_RAZSOC
			FROM USER_DM_BDS.BDS_FT_INDIVIDUAL_SUSCRIPCION ISC
			INNER JOIN USER_DM_BDS.BDS_DM_ASEGURADO ASEG ON ASEG.SUK_ASEGURADO = ISC.SUK_ASEGURADO
			INNER JOIN USER_DM_BDS.BDS_DM_PRODUCTO PR ON PR.SUK_PRODUCTO = ISC.SUK_PRODUCTO
			INNER JOIN USER_DM_BDS.BDS_DM_MONEDA M ON M.SUK_MONEDA = ISC.SUK_MONEDA 
			WHERE (ASEG.DES_TIPO_DOCUMENTO IS NOT NULL OR ASEG.DES_ASEGURADO IS NOT NULL)
			<foreach collection="listaConsultaDatamartPorDocumento" item="ventaDoc" separator=" OR " open=" AND ( " close=" ) ">
				(PR.COD_PRODUCTO = #{ventaDoc.idStrProductoPims} AND ASEG.NUM_DOCUMENTO = #{ventaDoc.numDocCli}) 
			</foreach>
		</if>
		
	</select>
	
</mapper>