<?xml version="1.0" encoding="UTF-8" ?>
<!DOCTYPE mapper PUBLIC "-//mybatis.org//DTD Mapper 3.0//EN" "http://mybatis.org/dtd/mybatis-3-mapper.dtd" >
<mapper namespace="com.cardif.satelite.bof.dao.BofConfiguracionMapper">

	<resultMap id="BaseResultMap" type="com.cardif.satelite.bof.bean.BofConfiguracion">
		<id column="COD_REGISTRO" jdbcType="INTEGER" property="codRegistro" />
		<result column="COD_TABLA" jdbcType="INTEGER" property="codTable" />
		<result column="COD_CONFIG" jdbcType="VARCHAR" property="codConfig" />
		<result column="DESCRIPCION" jdbcType="VARCHAR" property="descripcion" />
		<result column="ESTADO" jdbcType="BIT" property="activo" />
		<result column="F_REGISTRO" jdbcType="DATE" property="fechaRegistro" />
		<result column="F_MODIFICACION" jdbcType="DATE" property="fechaModificacion" />
		<result column="USU_REGISTRO" jdbcType="VARCHAR" property="usuarioRegistro" />
		<result column="USU_MODIFICACION" jdbcType="VARCHAR" property="usuarioModificacion" />
	</resultMap>


    <insert id="insertarBofConfiguracion" parameterType="com.cardif.satelite.bof.bean.BofConfiguracion">    

		INSERT INTO [dbo].[BOF_CONFIGURACION]
		           ([COD_TABLA]
		           ,[COD_CONFIG]
		           ,[DESCRIPCION]
		           ,[ESTADO]
		           ,[F_REGISTRO]
		           ,[USU_REGISTRO])
		     VALUES
		           (
		           #{codTable,jdbcType=INTEGER}
		           ,#{codConfig,jdbcType=VARCHAR}
		           ,#{descripcion,jdbcType=VARCHAR}
		           ,#{activo,jdbcType=BIT}
		           ,GETDATE()
		           ,#{usuarioRegistro,jdbcType=VARCHAR})    
    </insert>
    

    <update id="actualizarBofConfiguracion" parameterType="com.cardif.satelite.bof.bean.BofConfiguracion">
		update dbo.BOF_CONFIGURACION
		set DESCRIPCION = #{descripcion,jdbcType=VARCHAR},
		COD_CONFIG = #{codConfig,jdbcType=VARCHAR},
		ESTADO = #{activo,jdbcType=BIT},
		F_MODIFICACION = GETDATE(),
		USU_MODIFICACION = #{usuarioModificacion,jdbcType=VARCHAR}		
		where COD_REGISTRO = #{codRegistro,jdbcType=INTEGER}
	</update>
    
    <delete id="eliminarBofConfiguracion" parameterType="com.cardif.satelite.bof.bean.BofConfiguracion">
		update dbo.BOF_CONFIGURACION
		set ESTADO = 0,
		F_MODIFICACION = GETDATE(),
		USU_MODIFICACION = #{usuarioModificacion,jdbcType=VARCHAR}		
		where COD_REGISTRO = #{codRegistro,jdbcType=INTEGER}    
    </delete>



	<select id="listarTablaConfiguracion" parameterType="java.lang.Integer" resultMap="BaseResultMap">
		SELECT * FROM dbo.BOF_CONFIGURACION WHERE COD_TABLA = #{codTablaConfig}
	</select>
</mapper>