<?xml version="1.0" encoding="UTF-8"?>
<!DOCTYPE mapper PUBLIC "-//mybatis.org//DTD Mapper 3.0//EN" "http://mybatis.org/dtd/mybatis-3-mapper.dtd">
<mapper namespace="com.cardif.satelite.bof.dao.BofCargaDiVariosMapper">
  <resultMap id="BaseResultMap" type="com.cardif.satelite.bof.bean.BofCargaDiVarios">
    <id column="COD_CARDVAR" jdbcType="VARCHAR" property="codCardvar" />
    <result column="PER_CARGA" jdbcType="VARCHAR" property="perCarga" />
    <result column="VER_CARGA" jdbcType="VARCHAR" property="verCarga" />
    <result column="NOM_ARCHIVO" jdbcType="VARCHAR" property="nomArchivo" />
    <result column="TIP_INSTRU" jdbcType="VARCHAR" property="tipInstru" />
    <result column="EMISOR" jdbcType="VARCHAR" property="emisor" />
    <result column="MONEDA" jdbcType="VARCHAR" property="moneda" />
    <result column="EMPRESA" jdbcType="VARCHAR" property="empresa" />
    <result column="F_NEGOCIACION" jdbcType="DATE" property="fNegociacion" />
    <result column="F_LIQUIDACION" jdbcType="DATE" property="fLiquidacion" />
    <result column="F_VENCIMIENTO" jdbcType="DATE" property="fVencimiento" />
    <result column="CONTRAPARTE" jdbcType="VARCHAR" property="contraparte" />
    <result column="NOMINAL" jdbcType="NUMERIC" property="nominal" />
    <result column="MONTOVP_COMIS" jdbcType="NUMERIC" property="montovpComis" />
    <result column="COSTOS_TRANSAC" jdbcType="NUMERIC" property="costosTransac" />
    <result column="PRECSUC_COMVEN" jdbcType="NUMERIC" property="precsucComven" />
    <result column="OPERACION" jdbcType="VARCHAR" property="operacion" />
    <result column="ISIN" jdbcType="VARCHAR" property="isin" />
    <result column="NEMOTECNICO" jdbcType="VARCHAR" property="nemotecnico" />
    <result column="INT_MESANTER_ACUM" jdbcType="NUMERIC" property="intMesanterAcum" />
    <result column="OPER_BANCARIA" jdbcType="NUMERIC" property="operBancaria" />
    <result column="GANAN_VENTA" jdbcType="NUMERIC" property="gananVenta" />
    <result column="GANAN_NO_ACUM" jdbcType="NUMERIC" property="gananNoAcum" />
    <result column="EST_ENVIO" jdbcType="INTEGER" property="estEnvio" />
    <result column="NUM_REGISTRO" jdbcType="INTEGER" property="numRegistro" />
    <result column="FEC_REGISTRO" jdbcType="TIMESTAMP" property="fecRegistro" />
  </resultMap>
  <sql id="Base_Column_List">
    COD_CARDVAR, PER_CARGA, VER_CARGA, NOM_ARCHIVO, TIP_INSTRU, EMISOR, MONEDA, EMPRESA, 
    F_NEGOCIACION, F_LIQUIDACION, F_VENCIMIENTO, CONTRAPARTE, NOMINAL, MONTOVP_COMIS, 
    COSTOS_TRANSAC, PRECSUC_COMVEN, OPERACION, ISIN,NEMOTECNICO, INT_MESANTER_ACUM, OPER_BANCARIA, GANAN_VENTA, GANAN_NO_ACUM, EST_ENVIO, NUM_REGISTRO, FEC_REGISTRO
  </sql>
  <select id="selectByPrimaryKey" parameterType="java.lang.String" resultMap="BaseResultMap">
    select 'true' as QUERYID,
    <include refid="Base_Column_List" />
    from BOF_CARGA_DI_VARIOS
    where COD_CARDVAR = #{codCardvar,jdbcType=VARCHAR}
  </select>
  <delete id="deleteByPrimaryKey" parameterType="java.lang.String">
    delete from BOF_CARGA_DI_VARIOS
    where COD_CARDVAR = #{codCardvar,jdbcType=VARCHAR}
  </delete>
  <insert id="insert" parameterType="com.cardif.satelite.bof.bean.BofCargaDiVarios">
    insert into BOF_CARGA_DI_VARIOS (COD_CARDVAR, PER_CARGA, VER_CARGA, 
      NOM_ARCHIVO, TIP_INSTRU, EMISOR, 
      MONEDA, EMPRESA, F_NEGOCIACION, 
      F_LIQUIDACION, F_VENCIMIENTO, CONTRAPARTE, 
      NOMINAL, MONTOVP_COMIS, COSTOS_TRANSAC, 
      PRECSUC_COMVEN, OPERACION, ISIN, NEMOTECNICO,
      INT_MESANTER_ACUM, OPER_BANCARIA, GANAN_VENTA, GANAN_NO_ACUM, NUM_REGISTRO, FEC_REGISTRO)
    values (#{codCardvar,jdbcType=VARCHAR}, #{perCarga,jdbcType=VARCHAR}, #{verCarga,jdbcType=VARCHAR},
      #{nomArchivo,jdbcType=VARCHAR}, #{tipInstru,jdbcType=VARCHAR}, #{emisor,jdbcType=VARCHAR}, 
      #{moneda,jdbcType=VARCHAR}, #{empresa,jdbcType=VARCHAR}, #{fNegociacion,jdbcType=DATE}, 
      #{fLiquidacion,jdbcType=DATE}, #{fVencimiento,jdbcType=DATE}, #{contraparte,jdbcType=VARCHAR}, 
      #{nominal,jdbcType=NUMERIC}, #{montovpComis,jdbcType=NUMERIC}, #{costosTransac,jdbcType=NUMERIC}, 
      #{precsucComven,jdbcType=NUMERIC}, #{operacion,jdbcType=VARCHAR}, #{isin,jdbcType=VARCHAR}, #{nemotecnico,jdbcType=VARCHAR},
      #{intMesanterAcum,jdbcType=NUMERIC}, #{operBancaria,jdbcType=NUMERIC}, #{gananVenta,jdbcType=NUMERIC}, #{gananNoAcum,jdbcType=NUMERIC}, #{numRegistro,jdbcType=INTEGER}, GETDATE())
  </insert>
  <insert id="insertSelective" parameterType="com.cardif.satelite.bof.bean.BofCargaDiVarios">
    insert into BOF_CARGA_DI_VARIOS
    <trim prefix="(" suffix=")" suffixOverrides=",">
      <if test="codCardvar != null">
        COD_CARDVAR,
      </if>
      <if test="perCarga != null">
        PER_CARGA,
      </if>
      <if test="verCarga != null">
        VER_CARGA,
      </if>
      <if test="nomArchivo != null">
        NOM_ARCHIVO,
      </if>
      <if test="tipInstru != null">
        TIP_INSTRU,
      </if>
      <if test="emisor != null">
        EMISOR,
      </if>
      <if test="moneda != null">
        MONEDA,
      </if>
      <if test="empresa != null">
        EMPRESA,
      </if>
      <if test="fNegociacion != null">
        F_NEGOCIACION,
      </if>
      <if test="fLiquidacion != null">
        F_LIQUIDACION,
      </if>
      <if test="fVencimiento != null">
        F_VENCIMIENTO,
      </if>
      <if test="contraparte != null">
        CONTRAPARTE,
      </if>
      <if test="nominal != null">
        NOMINAL,
      </if>
      <if test="montovpComis != null">
        MONTOVP_COMIS,
      </if>
      <if test="costosTransac != null">
        COSTOS_TRANSAC,
      </if>
      <if test="precsucComven != null">
        PRECSUC_COMVEN,
      </if>
      <if test="operacion != null">
        OPERACION,
      </if>
      <if test="isin != null">
        ISIN,
      </if>
      <if test="intMesanterAcum != null">
        INT_MESANTER_ACUM,
      </if>
    </trim>
    <trim prefix="values (" suffix=")" suffixOverrides=",">
      <if test="codCardvar != null">
        #{codCardvar,jdbcType=VARCHAR},
      </if>
      <if test="perCarga != null">
        #{perCarga,jdbcType=VARCHAR},
      </if>
      <if test="verCarga != null">
        #{verCarga,jdbcType=VARCHAR},
      </if>
      <if test="nomArchivo != null">
        #{nomArchivo,jdbcType=VARCHAR},
      </if>
      <if test="tipInstru != null">
        #{tipInstru,jdbcType=VARCHAR},
      </if>
      <if test="emisor != null">
        #{emisor,jdbcType=VARCHAR},
      </if>
      <if test="moneda != null">
        #{moneda,jdbcType=VARCHAR},
      </if>
      <if test="empresa != null">
        #{empresa,jdbcType=VARCHAR},
      </if>
      <if test="fNegociacion != null">
        #{fNegociacion,jdbcType=DATE},
      </if>
      <if test="fLiquidacion != null">
        #{fLiquidacion,jdbcType=DATE},
      </if>
      <if test="fVencimiento != null">
        #{fVencimiento,jdbcType=DATE},
      </if>
      <if test="contraparte != null">
        #{contraparte,jdbcType=VARCHAR},
      </if>
      <if test="nominal != null">
        #{nominal,jdbcType=NUMERIC},
      </if>
      <if test="montovpComis != null">
        #{montovpComis,jdbcType=NUMERIC},
      </if>
      <if test="costosTransac != null">
        #{costosTransac,jdbcType=NUMERIC},
      </if>
      <if test="precsucComven != null">
        #{precsucComven,jdbcType=NUMERIC},
      </if>
      <if test="operacion != null">
        #{operacion,jdbcType=VARCHAR},
      </if>
      <if test="isin != null">
        #{isin,jdbcType=VARCHAR},
      </if>
      <if test="intMesanterAcum != null">
        #{intMesanterAcum,jdbcType=NUMERIC},
      </if>
    </trim>
  </insert>
  <update id="updateByPrimaryKeySelective" parameterType="com.cardif.satelite.bof.bean.BofCargaDiVarios">
    update BOF_CARGA_DI_VARIOS
    <set>
      <if test="perCarga != null">
        PER_CARGA = #{perCarga,jdbcType=VARCHAR},
      </if>
      <if test="verCarga != null">
        VER_CARGA = #{verCarga,jdbcType=VARCHAR},
      </if>
      <if test="nomArchivo != null">
        NOM_ARCHIVO = #{nomArchivo,jdbcType=VARCHAR},
      </if>
      <if test="tipInstru != null">
        TIP_INSTRU = #{tipInstru,jdbcType=VARCHAR},
      </if>
      <if test="emisor != null">
        EMISOR = #{emisor,jdbcType=VARCHAR},
      </if>
      <if test="moneda != null">
        MONEDA = #{moneda,jdbcType=VARCHAR},
      </if>
      <if test="empresa != null">
        EMPRESA = #{empresa,jdbcType=VARCHAR},
      </if>
      <if test="fNegociacion != null">
        F_NEGOCIACION = #{fNegociacion,jdbcType=DATE},
      </if>
      <if test="fLiquidacion != null">
        F_LIQUIDACION = #{fLiquidacion,jdbcType=DATE},
      </if>
      <if test="fVencimiento != null">
        F_VENCIMIENTO = #{fVencimiento,jdbcType=DATE},
      </if>
      <if test="contraparte != null">
        CONTRAPARTE = #{contraparte,jdbcType=VARCHAR},
      </if>
      <if test="nominal != null">
        NOMINAL = #{nominal,jdbcType=NUMERIC},
      </if>
      <if test="montovpComis != null">
        MONTOVP_COMIS = #{montovpComis,jdbcType=NUMERIC},
      </if>
      <if test="costosTransac != null">
        COSTOS_TRANSAC = #{costosTransac,jdbcType=NUMERIC},
      </if>
      <if test="precsucComven != null">
        PRECSUC_COMVEN = #{precsucComven,jdbcType=NUMERIC},
      </if>
      <if test="operacion != null">
        OPERACION = #{operacion,jdbcType=VARCHAR},
      </if>
      <if test="isin != null">
        ISIN = #{isin,jdbcType=VARCHAR},
      </if>
      <if test="intMesanterAcum != null">
        INT_MESANTER_ACUM = #{intMesanterAcum,jdbcType=NUMERIC},
      </if>
      <if test="estEnvio != null">
        EST_ENVIO = #{estEnvio,jdbcType=INTEGER},
      </if>
    </set>
    where COD_CARDVAR = #{codCardvar,jdbcType=VARCHAR}
  </update>
  <update id="updateByPrimaryKey" parameterType="com.cardif.satelite.bof.bean.BofCargaDiVarios">
    update BOF_CARGA_DI_VARIOS
    set PER_CARGA = #{perCarga,jdbcType=VARCHAR},
      VER_CARGA = #{verCarga,jdbcType=VARCHAR},
      NOM_ARCHIVO = #{nomArchivo,jdbcType=VARCHAR},
      TIP_INSTRU = #{tipInstru,jdbcType=VARCHAR},
      EMISOR = #{emisor,jdbcType=VARCHAR},
      MONEDA = #{moneda,jdbcType=VARCHAR},
      EMPRESA = #{empresa,jdbcType=VARCHAR},
      F_NEGOCIACION = #{fNegociacion,jdbcType=DATE},
      F_LIQUIDACION = #{fLiquidacion,jdbcType=DATE},
      F_VENCIMIENTO = #{fVencimiento,jdbcType=DATE},
      CONTRAPARTE = #{contraparte,jdbcType=VARCHAR},
      NOMINAL = #{nominal,jdbcType=NUMERIC},
      MONTOVP_COMIS = #{montovpComis,jdbcType=NUMERIC},
      COSTOS_TRANSAC = #{costosTransac,jdbcType=NUMERIC},
      PRECSUC_COMVEN = #{precsucComven,jdbcType=NUMERIC},
      OPERACION = #{operacion,jdbcType=VARCHAR},
      ISIN = #{isin,jdbcType=VARCHAR},
      INT_MESANTER_ACUM = #{intMesanterAcum,jdbcType=NUMERIC},
      EST_ENVIO = #{estEnvio,jdbcType=INTEGER}
    where COD_CARDVAR = #{codCardvar,jdbcType=VARCHAR}
  </update>

  <select id="countAll" parameterType="java.lang.String" resultType="java.lang.String">
    select FORMAT(count(*) + 1, '0####') FROM BOF_CARGA_DI_VARIOS WHERE PER_CARGA = #{periodoCarga,jdbcType=VARCHAR}
  </select>

  <select id="obtenerLoteVarios" parameterType="com.cardif.satelite.bof.bean.BofParamsGeneracionAsientos" resultMap="BaseResultMap">
    SELECT COD_CARDVAR, TIP_INSTRU, EMISOR, F_NEGOCIACION, F_LIQUIDACION, OPERACION, NOMINAL, MONTOVP_COMIS, NEMOTECNICO, OPER_BANCARIA, GANAN_VENTA, GANAN_NO_ACUM, INT_MESANTER_ACUM, NUM_REGISTRO, NOM_ARCHIVO, FEC_REGISTRO
    FROM BOF_CARGA_DI_VARIOS WHERE PER_CARGA =  #{periodoCarga, mode=IN,jdbcType=VARCHAR} AND EST_ENVIO = 0
    <if test="tipoOperacion=='MVC'">
      AND OPERACION = 'C'
    </if>
    <if test="tipoOperacion=='MVV'">
      AND OPERACION IN('V','R')
    </if>
  </select>
</mapper>