<?xml version="1.0" encoding="UTF-8"?>
<!DOCTYPE mapper PUBLIC "-//mybatis.org//DTD Mapper 3.0//EN" "http://mybatis.org/dtd/mybatis-3-mapper.dtd">
<mapper namespace="com.cardif.satelite.bof.dao.BofCargasLayoutMapper">

	<resultMap id="bofCargaMensualCampoLayout" type="com.cardif.satelite.bof.bean.BofCargasLayout">
		<id column="ID_TABLA" property="idTabla" jdbcType="NUMERIC" />
		<id column="ID_COLUMNA" property="idColumna" jdbcType="NUMERIC" />
		<result column="NOMBRE_TABLA" property="nombreTabla" jdbcType="VARCHAR" />
		<result column="NOMBRE_COLUMNA" property="nombreColumna" jdbcType="VARCHAR" />
		<result column="NUM_ORDEN_CAMPO" property="numOrdenCampo" jdbcType="NUMERIC" />
		<result column="TIPO_DATO" property="tipoDato" jdbcType="VARCHAR" />
		<result column="FORMATO_COLUMNA" property="formatoColumna" jdbcType="NUMERIC" />
		<result column="CAMPO_OBLIGATORIO" property="campoObligatorio" jdbcType="NUMERIC" />
	</resultMap>

</mapper>