<?xml version="1.0" encoding="UTF-8"?>
<!DOCTYPE mapper PUBLIC "-//mybatis.org//DTD Mapper 3.0//EN" "http://mybatis.org/dtd/mybatis-3-mapper.dtd">
<mapper namespace="com.cardif.satelite.bof.dao.BofCargaDiDpfMapper">
  <resultMap id="BaseResultMap" type="com.cardif.satelite.bof.bean.BofCargaDiDpf">
    <id column="COD_CARDPF" jdbcType="VARCHAR" property="codCardpf" />
    <result column="PER_CARGA" jdbcType="VARCHAR" property="perCarga" />
    <result column="VER_CARGA" jdbcType="VARCHAR" property="verCarga" />
    <result column="NOM_ARCHIVO" jdbcType="VARCHAR" property="nomArchivo" />
    <result column="TIP_INSTRU" jdbcType="VARCHAR" property="tipInstru" />
    <result column="ENTIDAD" jdbcType="VARCHAR" property="entidad" />
    <result column="MONEDA" jdbcType="VARCHAR" property="moneda" />
    <result column="EMPRESA" jdbcType="VARCHAR" property="empresa" />
    <result column="PLAZO" jdbcType="INTEGER" property="plazo" />
    <result column="F_APERTURA" jdbcType="DATE" property="fApertura" />
    <result column="F_VCTO" jdbcType="DATE" property="fVcto" />
    <result column="TASA" jdbcType="NUMERIC" property="tasa" />
    <result column="PRINCIPAL" jdbcType="NUMERIC" property="principal" />
    <result column="MONT_FINAL" jdbcType="NUMERIC" property="montFinal" />
    <result column="INT_MES" jdbcType="NUMERIC" property="intMes" />
    <result column="INTX_COBRAR" jdbcType="NUMERIC" property="intxCobrar" />
    <result column="TIPO_OPER" jdbcType="VARCHAR" property="tipoOper" />
    <result column="ISIN" jdbcType="VARCHAR" property="isin" />
    <result column="INT_MESANTER_ACUM" jdbcType="NUMERIC" property="intMesanterAcum" />
    <result column="OPER_BANCARIA" jdbcType="NUMERIC" property="operBancaria" />
    <result column="EST_ENVIO" jdbcType="INTEGER" property="estEnvio" />
    <result column="NUM_REGISTRO" jdbcType="INTEGER" property="numRegistro" />
    <result column="FEC_REGISTRO" jdbcType="TIMESTAMP" property="fecRegistro" />
  </resultMap>
  <sql id="Base_Column_List">
    COD_CARDPF, PER_CARGA, VER_CARGA, NOM_ARCHIVO, TIP_INSTRU, ENTIDAD, MONEDA, EMPRESA, 
    PLAZO, F_APERTURA, F_VCTO, TASA, PRINCIPAL, MONT_FINAL, INT_MES, INTX_COBRAR, TIPO_OPER, 
    ISIN, INT_MESANTER_ACUM, OPER_BANCARIA, EST_ENVIO, NUM_REGISTRO
  </sql>
  <select id="selectByPrimaryKey" parameterType="java.lang.Long" resultMap="BaseResultMap">
    select 'true' as QUERYID,
    <include refid="Base_Column_List" />
    from BOF_CARGA_DI_DPF
    where COD_CARDPF = #{codCardpf,jdbcType=VARCHAR}
  </select>
  <delete id="deleteByPrimaryKey" parameterType="java.lang.Long">
    delete from BOF_CARGA_DI_DPF
    where COD_CARDPF = #{codCardpf,jdbcType=VARCHAR}
  </delete>
  <insert id="insert" parameterType="com.cardif.satelite.bof.bean.BofCargaDiDpf">
    insert into BOF_CARGA_DI_DPF (COD_CARDPF, PER_CARGA, VER_CARGA, 
      NOM_ARCHIVO, TIP_INSTRU, ENTIDAD, 
      MONEDA, EMPRESA, PLAZO, 
      F_APERTURA, F_VCTO, TASA, PRINCIPAL, 
      MONT_FINAL, INT_MES, INTX_COBRAR, 
      TIPO_OPER, ISIN, INT_MESANTER_ACUM, OPER_BANCARIA, NUM_REGISTRO, FEC_REGISTRO
      )
    values (#{codCardpf,jdbcType=VARCHAR}, #{perCarga,jdbcType=VARCHAR}, #{verCarga,jdbcType=VARCHAR},
      #{nomArchivo,jdbcType=VARCHAR}, #{tipInstru,jdbcType=VARCHAR}, #{entidad,jdbcType=VARCHAR}, 
      #{moneda,jdbcType=VARCHAR}, #{empresa,jdbcType=VARCHAR}, #{plazo,jdbcType=INTEGER}, 
      #{fApertura,jdbcType=DATE}, #{fVcto,jdbcType=DATE}, #{tasa,jdbcType=NUMERIC}, #{principal,jdbcType=NUMERIC}, 
      #{montFinal,jdbcType=NUMERIC}, #{intMes,jdbcType=NUMERIC}, #{intxCobrar,jdbcType=NUMERIC}, 
      #{tipoOper,jdbcType=VARCHAR}, #{isin,jdbcType=VARCHAR}, #{intMesanterAcum,jdbcType=NUMERIC}, #{operBancaria,jdbcType=NUMERIC}, #{numRegistro,jdbcType=INTEGER}, GETDATE()
      )
  </insert>
  <insert id="insertSelective" parameterType="com.cardif.satelite.bof.bean.BofCargaDiDpf">
    insert into BOF_CARGA_DI_DPF
    <trim prefix="(" suffix=")" suffixOverrides=",">
      <if test="codCardpf != null">
        COD_CARDPF,
      </if>
      <if test="perCarga != null">
        PER_CARGA,
      </if>
      <if test="verCarga != null">
        VER_CARGA,
      </if>
      <if test="nomArchivo != null">
        NOM_ARCHIVO,
      </if>
      <if test="tipInstru != null">
        TIP_INSTRU,
      </if>
      <if test="entidad != null">
        ENTIDAD,
      </if>
      <if test="moneda != null">
        MONEDA,
      </if>
      <if test="empresa != null">
        EMPRESA,
      </if>
      <if test="plazo != null">
        PLAZO,
      </if>
      <if test="fApertura != null">
        F_APERTURA,
      </if>
      <if test="fVcto != null">
        F_VCTO,
      </if>
      <if test="tasa != null">
        TASA,
      </if>
      <if test="principal != null">
        PRINCIPAL,
      </if>
      <if test="montFinal != null">
        MONT_FINAL,
      </if>
      <if test="intMes != null">
        INT_MES,
      </if>
      <if test="intxCobrar != null">
        INTX_COBRAR,
      </if>
      <if test="tipoOper != null">
        TIPO_OPER,
      </if>
      <if test="isin != null">
        ISIN,
      </if>
      <if test="intMesanterAcum != null">
        INT_MESANTER_ACUM,
      </if>
    </trim>
    <trim prefix="values (" suffix=")" suffixOverrides=",">
      <if test="codCardpf != null">
        #{codCardpf,jdbcType=NUMERIC},
      </if>
      <if test="perCarga != null">
        #{perCarga,jdbcType=VARCHAR},
      </if>
      <if test="verCarga != null">
        #{verCarga,jdbcType=VARCHAR},
      </if>
      <if test="nomArchivo != null">
        #{nomArchivo,jdbcType=VARCHAR},
      </if>
      <if test="tipInstru != null">
        #{tipInstru,jdbcType=VARCHAR},
      </if>
      <if test="entidad != null">
        #{entidad,jdbcType=VARCHAR},
      </if>
      <if test="moneda != null">
        #{moneda,jdbcType=VARCHAR},
      </if>
      <if test="empresa != null">
        #{empresa,jdbcType=VARCHAR},
      </if>
      <if test="plazo != null">
        #{plazo,jdbcType=INTEGER},
      </if>
      <if test="fApertura != null">
        #{fApertura,jdbcType=DATE},
      </if>
      <if test="fVcto != null">
        #{fVcto,jdbcType=DATE},
      </if>
      <if test="tasa != null">
        #{tasa,jdbcType=NUMERIC},
      </if>
      <if test="principal != null">
        #{principal,jdbcType=NUMERIC},
      </if>
      <if test="montFinal != null">
        #{montFinal,jdbcType=NUMERIC},
      </if>
      <if test="intMes != null">
        #{intMes,jdbcType=NUMERIC},
      </if>
      <if test="intxCobrar != null">
        #{intxCobrar,jdbcType=NUMERIC},
      </if>
      <if test="tipoOper != null">
        #{tipoOper,jdbcType=VARCHAR},
      </if>
      <if test="isin != null">
        #{isin,jdbcType=VARCHAR},
      </if>
      <if test="intMesanterAcum != null">
        #{intMesanterAcum,jdbcType=NUMERIC},
      </if>
    </trim>
  </insert>
  <update id="updateByPrimaryKeySelective" parameterType="com.cardif.satelite.bof.bean.BofCargaDiDpf">
    update BOF_CARGA_DI_DPF
    <set>
      <if test="perCarga != null">
        PER_CARGA = #{perCarga,jdbcType=VARCHAR},
      </if>
      <if test="verCarga != null">
        VER_CARGA = #{verCarga,jdbcType=VARCHAR},
      </if>
      <if test="nomArchivo != null">
        NOM_ARCHIVO = #{nomArchivo,jdbcType=VARCHAR},
      </if>
      <if test="tipInstru != null">
        TIP_INSTRU = #{tipInstru,jdbcType=VARCHAR},
      </if>
      <if test="entidad != null">
        ENTIDAD = #{entidad,jdbcType=VARCHAR},
      </if>
      <if test="moneda != null">
        MONEDA = #{moneda,jdbcType=VARCHAR},
      </if>
      <if test="empresa != null">
        EMPRESA = #{empresa,jdbcType=VARCHAR},
      </if>
      <if test="plazo != null">
        PLAZO = #{plazo,jdbcType=INTEGER},
      </if>
      <if test="fApertura != null">
        F_APERTURA = #{fApertura,jdbcType=DATE},
      </if>
      <if test="fVcto != null">
        F_VCTO = #{fVcto,jdbcType=DATE},
      </if>
      <if test="tasa != null">
        TASA = #{tasa,jdbcType=NUMERIC},
      </if>
      <if test="principal != null">
        PRINCIPAL = #{principal,jdbcType=NUMERIC},
      </if>
      <if test="montFinal != null">
        MONT_FINAL = #{montFinal,jdbcType=NUMERIC},
      </if>
      <if test="intMes != null">
        INT_MES = #{intMes,jdbcType=NUMERIC},
      </if>
      <if test="intxCobrar != null">
        INTX_COBRAR = #{intxCobrar,jdbcType=NUMERIC},
      </if>
      <if test="tipoOper != null">
        TIPO_OPER = #{tipoOper,jdbcType=VARCHAR},
      </if>
      <if test="isin != null">
        ISIN = #{isin,jdbcType=VARCHAR},
      </if>
      <if test="intMesanterAcum != null">
        INT_MESANTER_ACUM = #{intMesanterAcum,jdbcType=NUMERIC},
      </if>
      <if test="estEnvio != null">
        EST_ENVIO = #{estEnvio,jdbcType=INTEGER},
      </if>
    </set>
    where COD_CARDPF = #{codCardpf,jdbcType=VARCHAR}
  </update>
  <update id="updateByPrimaryKey" parameterType="com.cardif.satelite.bof.bean.BofCargaDiDpf">
    update BOF_CARGA_DI_DPF
    set PER_CARGA = #{perCarga,jdbcType=VARCHAR},
      VER_CARGA = #{verCarga,jdbcType=VARCHAR},
      NOM_ARCHIVO = #{nomArchivo,jdbcType=VARCHAR},
      TIP_INSTRU = #{tipInstru,jdbcType=VARCHAR},
      ENTIDAD = #{entidad,jdbcType=VARCHAR},
      MONEDA = #{moneda,jdbcType=VARCHAR},
      EMPRESA = #{empresa,jdbcType=VARCHAR},
      PLAZO = #{plazo,jdbcType=INTEGER},
      F_APERTURA = #{fApertura,jdbcType=DATE},
      F_VCTO = #{fVcto,jdbcType=DATE},
      TASA = #{tasa,jdbcType=NUMERIC},
      PRINCIPAL = #{principal,jdbcType=NUMERIC},
      MONT_FINAL = #{montFinal,jdbcType=NUMERIC},
      INT_MES = #{intMes,jdbcType=NUMERIC},
      INTX_COBRAR = #{intxCobrar,jdbcType=NUMERIC},
      TIPO_OPER = #{tipoOper,jdbcType=VARCHAR},
      ISIN = #{isin,jdbcType=VARCHAR},
      INT_MESANTER_ACUM = #{intMesanterAcum,jdbcType=NUMERIC},
      EST_ENVIO = #{estEnvio,jdbcType=INTEGER}
    where COD_CARDPF = #{codCardpf,jdbcType=VARCHAR}
  </update>

  <select id="countAll" parameterType="java.lang.String" resultType="java.lang.String">
    select FORMAT(count(*) + 1, '0####') FROM BOF_CARGA_DI_DPF WHERE PER_CARGA = #{periodoCarga,jdcType=VARCHAR}
  </select>

  <select id="obtenerLoteDpf" parameterType="com.cardif.satelite.bof.bean.BofParamsGeneracionAsientos" resultMap="BaseResultMap">
    SELECT COD_CARDPF, TIP_INSTRU, ENTIDAD, TIPO_OPER, F_APERTURA, F_VCTO, MONT_FINAL, PRINCIPAL, INT_MESANTER_ACUM, INT_MES, OPER_BANCARIA, NUM_REGISTRO, NOM_ARCHIVO, FEC_REGISTRO
    FROM BOF_CARGA_DI_DPF WHERE PER_CARGA = #{periodoCarga, mode=IN,jdbcType=VARCHAR}  AND EST_ENVIO = 0
    <if test="tipoOperacion=='DPFA'">
      AND TIPO_OPER = 'A'
    </if>
    <if test="tipoOperacion=='DPFV'">
      AND TIPO_OPER IN('V','R')
    </if>
  </select>
</mapper>