<?xml version="1.0" encoding="UTF-8"?>
<!DOCTYPE mapper PUBLIC "-//mybatis.org//DTD Mapper 3.0//EN" "http://mybatis.org/dtd/mybatis-3-mapper.dtd">
<mapper namespace="com.cardif.satelite.bof.dao.BofCargaMensualMapper">
  <resultMap id="BaseResultMap" type="com.cardif.satelite.bof.bean.BofCargaMensual">
    <id column="COD_CARGAM" jdbcType="VARCHAR" property="codCargam" />
    <result column="PER_CARGA" jdbcType="VARCHAR" property="perCarga" />
    <result column="NOM_ARCHIVO" jdbcType="VARCHAR" property="nomArchivo" />
    <result column="VER_CARGA" jdbcType="VARCHAR" property="verCarga" />
    <result column="TIPO_INSTRU" jdbcType="VARCHAR" property="tipoInstru" />
    <result column="EMISOR" jdbcType="VARCHAR" property="emisor" />
    <result column="ISIN" jdbcType="VARCHAR" property="isin" />
    <result column="NEMOTEC" jdbcType="VARCHAR" property="nemotec" />
    <result column="RATING" jdbcType="VARCHAR" property="rating" />
    <result column="F_COMPRA" jdbcType="DATE" property="fCompra" />
    <result column="F_LIQU" jdbcType="DATE" property="fLiqu" />
    <result column="F_VCTO" jdbcType="DATE" property="fVcto" />
    <result column="UNIDADES" jdbcType="NUMERIC" property="unidades" />
    <result column="VAL_NOMIN" jdbcType="NUMERIC" property="valNomin" />
    <result column="VALP_PLIM" jdbcType="NUMERIC" property="valpPlim" />
    <result column="VALP_CUPCOR" jdbcType="NUMERIC" property="valpCupcor" />
    <result column="VALP_AMORCUP" jdbcType="NUMERIC" property="valpAmorcup" />
    <result column="VALP_PRETOT" jdbcType="NUMERIC" property="valpPretot" />
    <result column="INT_AMOR_AJUPRE" jdbcType="NUMERIC" property="intAmorAjupre" />
    <result column="VALM_PLIM" jdbcType="NUMERIC" property="valmPlim" />
    <result column="VALM_VALORMCDO" jdbcType="NUMERIC" property="valmValormcdo" />
    <result column="PROV_FLUC_ACUM" jdbcType="NUMERIC" property="provFlucAcum" />
    <result column="AJUS_VAL_RAZONA" jdbcType="NUMERIC" property="ajusValRazona" />
    <result column="F_PAGOCUP" jdbcType="DATE" property="fPagocup" />
    <result column="VAL_MESPREV" jdbcType="NUMERIC" property="valMesprev" />
    <result column="VAMCDO_MESPREV" jdbcType="NUMERIC" property="vamcdoMesprev" />
    <result column="COL_AA" jdbcType="NUMERIC" property="colAa" />
    <result column="COL_AB" jdbcType="NUMERIC" property="colAb" />
    <result column="DUR" jdbcType="NUMERIC" property="dur" />
    <result column="VP_DUR" jdbcType="NUMERIC" property="vpDur" />
    <result column="TIR_COMP" jdbcType="NUMERIC" property="tirComp" />
    <result column="VP_TIRCOMP" jdbcType="NUMERIC" property="vpTircomp" />
    <result column="VP_DURTIRCOMP" jdbcType="NUMERIC" property="vpDurtircomp" />
    <result column="VP_TIRCOMP2" jdbcType="NUMERIC" property="vpTircomp2" />
    <result column="DUR_MOD" jdbcType="NUMERIC" property="durMod" />
    <result column="VP_DURMODF" jdbcType="NUMERIC" property="vpDurmodf" />
    <result column="TIR_MCDO" jdbcType="NUMERIC" property="tirMcdo" />
    <result column="VM_TIR_MCDO" jdbcType="NUMERIC" property="vmTirMcdo" />
    <result column="VMCDO_DUR" jdbcType="NUMERIC" property="vmcdoDur" />
    <result column="VM_DURMODIF" jdbcType="NUMERIC" property="vmDurmodif" />
    <result column="TASA_CUPON" jdbcType="NUMERIC" property="tasaCupon" />
    <result column="CLASI_RIESGO" jdbcType="VARCHAR" property="clasiRiesgo" />
    <result column="EST_ENVIO" jdbcType="INTEGER" property="estEnvio" />
    <result column="NUM_REGISTRO" jdbcType="INTEGER" property="numRegistro" />
    <result column="FEC_REGISTRO" jdbcType="TIMESTAMP" property="fecRegistro" />
  </resultMap>
  <sql id="Base_Column_List">
    COD_CARGAM, PER_CARGA, NOM_ARCHIVO, VER_CARGA, TIPO_INSTRU, EMISOR, ISIN, NEMOTEC, 
    RATING, F_COMPRA, F_LIQU, F_VCTO, UNIDADES, VAL_NOMIN, VALP_PLIM, VALP_CUPCOR, VALP_AMORCUP, 
    VALP_PRETOT, INT_AMOR_AJUPRE, VALM_PLIM, VALM_VALORMCDO, PROV_FLUC_ACUM, AJUS_VAL_RAZONA, 
    F_PAGOCUP, VAL_MESPREV, VAMCDO_MESPREV, COL_AA, COL_AB, DUR, VP_DUR, TIR_COMP, VP_TIRCOMP, 
    VP_DURTIRCOMP, VP_TIRCOMP2, DUR_MOD, VP_DURMODF, TIR_MCDO, VM_TIR_MCDO, VMCDO_DUR, 
    VM_DURMODIF, TASA_CUPON, CLASI_RIESGO, EST_ENVIO, NUM_REGISTRO
  </sql>
  <select id="selectByPrimaryKey" parameterType="java.lang.String" resultMap="BaseResultMap">
    select 'true' as QUERYID,
    <include refid="Base_Column_List" />
    from BOF_CARGA_MENSUAL
    where COD_CARGAM = #{codCargam,jdbcType=VARCHAR}
  </select>
  <delete id="deleteByPrimaryKey" parameterType="java.lang.String">
    delete from BOF_CARGA_MENSUAL
    where COD_CARGAM = #{codCargam,jdbcType=VARCHAR}
  </delete>
  <insert id="insert" parameterType="com.cardif.satelite.bof.bean.BofCargaMensual">
    insert into BOF_CARGA_MENSUAL (COD_CARGAM, PER_CARGA, NOM_ARCHIVO, 
      VER_CARGA, TIPO_INSTRU, EMISOR, 
      ISIN, NEMOTEC, RATING, 
      F_COMPRA, F_LIQU, F_VCTO, UNIDADES, 
      VAL_NOMIN, VALP_PLIM, VALP_CUPCOR, 
      VALP_AMORCUP, VALP_PRETOT, INT_AMOR_AJUPRE, 
      VALM_PLIM, VALM_VALORMCDO, PROV_FLUC_ACUM, 
      AJUS_VAL_RAZONA, F_PAGOCUP, VAL_MESPREV, 
      VAMCDO_MESPREV, COL_AA, COL_AB, 
      DUR, VP_DUR, TIR_COMP, 
      VP_TIRCOMP, VP_DURTIRCOMP, VP_TIRCOMP2, 
      DUR_MOD, VP_DURMODF, TIR_MCDO, 
      VM_TIR_MCDO, VMCDO_DUR, VM_DURMODIF, 
      TASA_CUPON, CLASI_RIESGO, NUM_REGISTRO, FEC_REGISTRO)
    values (#{codCargam,jdbcType=VARCHAR}, #{perCarga,jdbcType=VARCHAR}, #{nomArchivo,jdbcType=VARCHAR},
      #{verCarga,jdbcType=VARCHAR}, #{tipoInstru,jdbcType=VARCHAR}, #{emisor,jdbcType=VARCHAR}, 
      #{isin,jdbcType=VARCHAR}, #{nemotec,jdbcType=VARCHAR}, #{rating,jdbcType=VARCHAR}, 
      #{fCompra,jdbcType=DATE}, #{fLiqu,jdbcType=DATE}, #{fVcto,jdbcType=DATE}, #{unidades,jdbcType=NUMERIC}, 
      #{valNomin,jdbcType=NUMERIC}, #{valpPlim,jdbcType=NUMERIC}, #{valpCupcor,jdbcType=NUMERIC}, 
      #{valpAmorcup,jdbcType=NUMERIC}, #{valpPretot,jdbcType=NUMERIC}, #{intAmorAjupre,jdbcType=NUMERIC}, 
      #{valmPlim,jdbcType=NUMERIC}, #{valmValormcdo,jdbcType=NUMERIC}, #{provFlucAcum,jdbcType=NUMERIC}, 
      #{ajusValRazona,jdbcType=NUMERIC}, #{fPagocup,jdbcType=DATE}, #{valMesprev,jdbcType=NUMERIC}, 
      #{vamcdoMesprev,jdbcType=NUMERIC}, #{colAa,jdbcType=NUMERIC}, #{colAb,jdbcType=NUMERIC}, 
      #{dur,jdbcType=NUMERIC}, #{vpDur,jdbcType=NUMERIC}, #{tirComp,jdbcType=NUMERIC}, 
      #{vpTircomp,jdbcType=NUMERIC}, #{vpDurtircomp,jdbcType=NUMERIC}, #{vpTircomp2,jdbcType=NUMERIC}, 
      #{durMod,jdbcType=NUMERIC}, #{vpDurmodf,jdbcType=NUMERIC}, #{tirMcdo,jdbcType=NUMERIC}, 
      #{vmTirMcdo,jdbcType=NUMERIC}, #{vmcdoDur,jdbcType=NUMERIC}, #{vmDurmodif,jdbcType=NUMERIC}, 
      #{tasaCupon,jdbcType=NUMERIC}, #{clasiRiesgo,jdbcType=VARCHAR}, #{numRegistro,jdbcType=INTEGER}, GETDATE())
  </insert>
  <insert id="insertSelective" parameterType="com.cardif.satelite.bof.bean.BofCargaMensual">
    insert into BOF_CARGA_MENSUAL
    <trim prefix="(" suffix=")" suffixOverrides=",">
      <if test="codCargam != null">
        COD_CARGAM,
      </if>
      <if test="perCarga != null">
        PER_CARGA,
      </if>
      <if test="nomArchivo != null">
        NOM_ARCHIVO,
      </if>
      <if test="verCarga != null">
        VER_CARGA,
      </if>
      <if test="tipoInstru != null">
        TIPO_INSTRU,
      </if>
      <if test="emisor != null">
        EMISOR,
      </if>
      <if test="isin != null">
        ISIN,
      </if>
      <if test="nemotec != null">
        NEMOTEC,
      </if>
      <if test="rating != null">
        RATING,
      </if>
      <if test="fCompra != null">
        F_COMPRA,
      </if>
      <if test="fLiqu != null">
        F_LIQU,
      </if>
      <if test="fVcto != null">
        F_VCTO,
      </if>
      <if test="unidades != null">
        UNIDADES,
      </if>
      <if test="valNomin != null">
        VAL_NOMIN,
      </if>
      <if test="valpPlim != null">
        VALP_PLIM,
      </if>
      <if test="valpCupcor != null">
        VALP_CUPCOR,
      </if>
      <if test="valpAmorcup != null">
        VALP_AMORCUP,
      </if>
      <if test="valpPretot != null">
        VALP_PRETOT,
      </if>
      <if test="intAmorAjupre != null">
        INT_AMOR_AJUPRE,
      </if>
      <if test="valmPlim != null">
        VALM_PLIM,
      </if>
      <if test="valmValormcdo != null">
        VALM_VALORMCDO,
      </if>
      <if test="provFlucAcum != null">
        PROV_FLUC_ACUM,
      </if>
      <if test="ajusValRazona != null">
        AJUS_VAL_RAZONA,
      </if>
      <if test="fPagocup != null">
        F_PAGOCUP,
      </if>
      <if test="valMesprev != null">
        VAL_MESPREV,
      </if>
      <if test="vamcdoMesprev != null">
        VAMCDO_MESPREV,
      </if>
      <if test="colAa != null">
        COL_AA,
      </if>
      <if test="colAb != null">
        COL_AB,
      </if>
      <if test="dur != null">
        DUR,
      </if>
      <if test="vpDur != null">
        VP_DUR,
      </if>
      <if test="tirComp != null">
        TIR_COMP,
      </if>
      <if test="vpTircomp != null">
        VP_TIRCOMP,
      </if>
      <if test="vpDurtircomp != null">
        VP_DURTIRCOMP,
      </if>
      <if test="vpTircomp2 != null">
        VP_TIRCOMP2,
      </if>
      <if test="durMod != null">
        DUR_MOD,
      </if>
      <if test="vpDurmodf != null">
        VP_DURMODF,
      </if>
      <if test="tirMcdo != null">
        TIR_MCDO,
      </if>
      <if test="vmTirMcdo != null">
        VM_TIR_MCDO,
      </if>
      <if test="vmcdoDur != null">
        VMCDO_DUR,
      </if>
      <if test="vmDurmodif != null">
        VM_DURMODIF,
      </if>
      <if test="tasaCupon != null">
        TASA_CUPON,
      </if>
      <if test="clasiRiesgo != null">
        CLASI_RIESGO,
      </if>
    </trim>
    <trim prefix="values (" suffix=")" suffixOverrides=",">
      <if test="codCargam != null">
        #{codCargam,jdbcType=VARCHAR},
      </if>
      <if test="perCarga != null">
        #{perCarga,jdbcType=VARCHAR},
      </if>
      <if test="nomArchivo != null">
        #{nomArchivo,jdbcType=VARCHAR},
      </if>
      <if test="verCarga != null">
        #{verCarga,jdbcType=VARCHAR},
      </if>
      <if test="tipoInstru != null">
        #{tipoInstru,jdbcType=VARCHAR},
      </if>
      <if test="emisor != null">
        #{emisor,jdbcType=VARCHAR},
      </if>
      <if test="isin != null">
        #{isin,jdbcType=VARCHAR},
      </if>
      <if test="nemotec != null">
        #{nemotec,jdbcType=VARCHAR},
      </if>
      <if test="rating != null">
        #{rating,jdbcType=VARCHAR},
      </if>
      <if test="fCompra != null">
        #{fCompra,jdbcType=DATE},
      </if>
      <if test="fLiqu != null">
        #{fLiqu,jdbcType=DATE},
      </if>
      <if test="fVcto != null">
        #{fVcto,jdbcType=DATE},
      </if>
      <if test="unidades != null">
        #{unidades,jdbcType=NUMERIC},
      </if>
      <if test="valNomin != null">
        #{valNomin,jdbcType=NUMERIC},
      </if>
      <if test="valpPlim != null">
        #{valpPlim,jdbcType=NUMERIC},
      </if>
      <if test="valpCupcor != null">
        #{valpCupcor,jdbcType=NUMERIC},
      </if>
      <if test="valpAmorcup != null">
        #{valpAmorcup,jdbcType=NUMERIC},
      </if>
      <if test="valpPretot != null">
        #{valpPretot,jdbcType=NUMERIC},
      </if>
      <if test="intAmorAjupre != null">
        #{intAmorAjupre,jdbcType=NUMERIC},
      </if>
      <if test="valmPlim != null">
        #{valmPlim,jdbcType=NUMERIC},
      </if>
      <if test="valmValormcdo != null">
        #{valmValormcdo,jdbcType=NUMERIC},
      </if>
      <if test="provFlucAcum != null">
        #{provFlucAcum,jdbcType=NUMERIC},
      </if>
      <if test="ajusValRazona != null">
        #{ajusValRazona,jdbcType=NUMERIC},
      </if>
      <if test="fPagocup != null">
        #{fPagocup,jdbcType=DATE},
      </if>
      <if test="valMesprev != null">
        #{valMesprev,jdbcType=NUMERIC},
      </if>
      <if test="vamcdoMesprev != null">
        #{vamcdoMesprev,jdbcType=NUMERIC},
      </if>
      <if test="colAa != null">
        #{colAa,jdbcType=NUMERIC},
      </if>
      <if test="colAb != null">
        #{colAb,jdbcType=NUMERIC},
      </if>
      <if test="dur != null">
        #{dur,jdbcType=NUMERIC},
      </if>
      <if test="vpDur != null">
        #{vpDur,jdbcType=NUMERIC},
      </if>
      <if test="tirComp != null">
        #{tirComp,jdbcType=NUMERIC},
      </if>
      <if test="vpTircomp != null">
        #{vpTircomp,jdbcType=NUMERIC},
      </if>
      <if test="vpDurtircomp != null">
        #{vpDurtircomp,jdbcType=NUMERIC},
      </if>
      <if test="vpTircomp2 != null">
        #{vpTircomp2,jdbcType=NUMERIC},
      </if>
      <if test="durMod != null">
        #{durMod,jdbcType=NUMERIC},
      </if>
      <if test="vpDurmodf != null">
        #{vpDurmodf,jdbcType=NUMERIC},
      </if>
      <if test="tirMcdo != null">
        #{tirMcdo,jdbcType=NUMERIC},
      </if>
      <if test="vmTirMcdo != null">
        #{vmTirMcdo,jdbcType=NUMERIC},
      </if>
      <if test="vmcdoDur != null">
        #{vmcdoDur,jdbcType=NUMERIC},
      </if>
      <if test="vmDurmodif != null">
        #{vmDurmodif,jdbcType=NUMERIC},
      </if>
      <if test="tasaCupon != null">
        #{tasaCupon,jdbcType=NUMERIC},
      </if>
      <if test="clasiRiesgo != null">
        #{clasiRiesgo,jdbcType=VARCHAR},
      </if>
    </trim>
  </insert>
  <update id="updateByPrimaryKeySelective" parameterType="com.cardif.satelite.bof.bean.BofCargaMensual">
    update BOF_CARGA_MENSUAL
    <set>
      <if test="perCarga != null">
        PER_CARGA = #{perCarga,jdbcType=VARCHAR},
      </if>
      <if test="nomArchivo != null">
        NOM_ARCHIVO = #{nomArchivo,jdbcType=VARCHAR},
      </if>
      <if test="verCarga != null">
        VER_CARGA = #{verCarga,jdbcType=VARCHAR},
      </if>
      <if test="tipoInstru != null">
        TIPO_INSTRU = #{tipoInstru,jdbcType=VARCHAR},
      </if>
      <if test="emisor != null">
        EMISOR = #{emisor,jdbcType=VARCHAR},
      </if>
      <if test="isin != null">
        ISIN = #{isin,jdbcType=VARCHAR},
      </if>
      <if test="nemotec != null">
        NEMOTEC = #{nemotec,jdbcType=VARCHAR},
      </if>
      <if test="rating != null">
        RATING = #{rating,jdbcType=VARCHAR},
      </if>
      <if test="fCompra != null">
        F_COMPRA = #{fCompra,jdbcType=DATE},
      </if>
      <if test="fLiqu != null">
        F_LIQU = #{fLiqu,jdbcType=DATE},
      </if>
      <if test="fVcto != null">
        F_VCTO = #{fVcto,jdbcType=DATE},
      </if>
      <if test="unidades != null">
        UNIDADES = #{unidades,jdbcType=NUMERIC},
      </if>
      <if test="valNomin != null">
        VAL_NOMIN = #{valNomin,jdbcType=NUMERIC},
      </if>
      <if test="valpPlim != null">
        VALP_PLIM = #{valpPlim,jdbcType=NUMERIC},
      </if>
      <if test="valpCupcor != null">
        VALP_CUPCOR = #{valpCupcor,jdbcType=NUMERIC},
      </if>
      <if test="valpAmorcup != null">
        VALP_AMORCUP = #{valpAmorcup,jdbcType=NUMERIC},
      </if>
      <if test="valpPretot != null">
        VALP_PRETOT = #{valpPretot,jdbcType=NUMERIC},
      </if>
      <if test="intAmorAjupre != null">
        INT_AMOR_AJUPRE = #{intAmorAjupre,jdbcType=NUMERIC},
      </if>
      <if test="valmPlim != null">
        VALM_PLIM = #{valmPlim,jdbcType=NUMERIC},
      </if>
      <if test="valmValormcdo != null">
        VALM_VALORMCDO = #{valmValormcdo,jdbcType=NUMERIC},
      </if>
      <if test="provFlucAcum != null">
        PROV_FLUC_ACUM = #{provFlucAcum,jdbcType=NUMERIC},
      </if>
      <if test="ajusValRazona != null">
        AJUS_VAL_RAZONA = #{ajusValRazona,jdbcType=NUMERIC},
      </if>
      <if test="fPagocup != null">
        F_PAGOCUP = #{fPagocup,jdbcType=DATE},
      </if>
      <if test="valMesprev != null">
        VAL_MESPREV = #{valMesprev,jdbcType=NUMERIC},
      </if>
      <if test="vamcdoMesprev != null">
        VAMCDO_MESPREV = #{vamcdoMesprev,jdbcType=NUMERIC},
      </if>
      <if test="colAa != null">
        COL_AA = #{colAa,jdbcType=NUMERIC},
      </if>
      <if test="colAb != null">
        COL_AB = #{colAb,jdbcType=NUMERIC},
      </if>
      <if test="dur != null">
        DUR = #{dur,jdbcType=NUMERIC},
      </if>
      <if test="vpDur != null">
        VP_DUR = #{vpDur,jdbcType=NUMERIC},
      </if>
      <if test="tirComp != null">
        TIR_COMP = #{tirComp,jdbcType=NUMERIC},
      </if>
      <if test="vpTircomp != null">
        VP_TIRCOMP = #{vpTircomp,jdbcType=NUMERIC},
      </if>
      <if test="vpDurtircomp != null">
        VP_DURTIRCOMP = #{vpDurtircomp,jdbcType=NUMERIC},
      </if>
      <if test="vpTircomp2 != null">
        VP_TIRCOMP2 = #{vpTircomp2,jdbcType=NUMERIC},
      </if>
      <if test="durMod != null">
        DUR_MOD = #{durMod,jdbcType=NUMERIC},
      </if>
      <if test="vpDurmodf != null">
        VP_DURMODF = #{vpDurmodf,jdbcType=NUMERIC},
      </if>
      <if test="tirMcdo != null">
        TIR_MCDO = #{tirMcdo,jdbcType=NUMERIC},
      </if>
      <if test="vmTirMcdo != null">
        VM_TIR_MCDO = #{vmTirMcdo,jdbcType=NUMERIC},
      </if>
      <if test="vmcdoDur != null">
        VMCDO_DUR = #{vmcdoDur,jdbcType=NUMERIC},
      </if>
      <if test="vmDurmodif != null">
        VM_DURMODIF = #{vmDurmodif,jdbcType=NUMERIC},
      </if>
      <if test="tasaCupon != null">
        TASA_CUPON = #{tasaCupon,jdbcType=NUMERIC},
      </if>
      <if test="clasiRiesgo != null">
        CLASI_RIESGO = #{clasiRiesgo,jdbcType=VARCHAR},
      </if>
      <if test="estEnvio != null">
        EST_ENVIO = #{estEnvio,jdbcType=INTEGER},
      </if>
    </set>
    where COD_CARGAM = #{codCargam,jdbcType=VARCHAR}
  </update>
  <update id="updateByPrimaryKey" parameterType="com.cardif.satelite.bof.bean.BofCargaMensual">
    update BOF_CARGA_MENSUAL
    set PER_CARGA = #{perCarga,jdbcType=VARCHAR},
      NOM_ARCHIVO = #{nomArchivo,jdbcType=VARCHAR},
      VER_CARGA = #{verCarga,jdbcType=VARCHAR},
      TIPO_INSTRU = #{tipoInstru,jdbcType=VARCHAR},
      EMISOR = #{emisor,jdbcType=VARCHAR},
      ISIN = #{isin,jdbcType=VARCHAR},
      NEMOTEC = #{nemotec,jdbcType=VARCHAR},
      RATING = #{rating,jdbcType=VARCHAR},
      F_COMPRA = #{fCompra,jdbcType=DATE},
      F_LIQU = #{fLiqu,jdbcType=DATE},
      F_VCTO = #{fVcto,jdbcType=DATE},
      UNIDADES = #{unidades,jdbcType=NUMERIC},
      VAL_NOMIN = #{valNomin,jdbcType=NUMERIC},
      VALP_PLIM = #{valpPlim,jdbcType=NUMERIC},
      VALP_CUPCOR = #{valpCupcor,jdbcType=NUMERIC},
      VALP_AMORCUP = #{valpAmorcup,jdbcType=NUMERIC},
      VALP_PRETOT = #{valpPretot,jdbcType=NUMERIC},
      INT_AMOR_AJUPRE = #{intAmorAjupre,jdbcType=NUMERIC},
      VALM_PLIM = #{valmPlim,jdbcType=NUMERIC},
      VALM_VALORMCDO = #{valmValormcdo,jdbcType=NUMERIC},
      PROV_FLUC_ACUM = #{provFlucAcum,jdbcType=NUMERIC},
      AJUS_VAL_RAZONA = #{ajusValRazona,jdbcType=NUMERIC},
      F_PAGOCUP = #{fPagocup,jdbcType=DATE},
      VAL_MESPREV = #{valMesprev,jdbcType=NUMERIC},
      VAMCDO_MESPREV = #{vamcdoMesprev,jdbcType=NUMERIC},
      COL_AA = #{colAa,jdbcType=NUMERIC},
      COL_AB = #{colAb,jdbcType=NUMERIC},
      DUR = #{dur,jdbcType=NUMERIC},
      VP_DUR = #{vpDur,jdbcType=NUMERIC},
      TIR_COMP = #{tirComp,jdbcType=NUMERIC},
      VP_TIRCOMP = #{vpTircomp,jdbcType=NUMERIC},
      VP_DURTIRCOMP = #{vpDurtircomp,jdbcType=NUMERIC},
      VP_TIRCOMP2 = #{vpTircomp2,jdbcType=NUMERIC},
      DUR_MOD = #{durMod,jdbcType=NUMERIC},
      VP_DURMODF = #{vpDurmodf,jdbcType=NUMERIC},
      TIR_MCDO = #{tirMcdo,jdbcType=NUMERIC},
      VM_TIR_MCDO = #{vmTirMcdo,jdbcType=NUMERIC},
      VMCDO_DUR = #{vmcdoDur,jdbcType=NUMERIC},
      VM_DURMODIF = #{vmDurmodif,jdbcType=NUMERIC},
      TASA_CUPON = #{tasaCupon,jdbcType=NUMERIC},
      CLASI_RIESGO = #{clasiRiesgo,jdbcType=VARCHAR},
      EST_ENVIO = #{estEnvio,jdbcType=INTEGER}
    where COD_CARGAM = #{codCargam,jdbcType=VARCHAR}
  </update>

<select id="countAll" resultType="java.lang.String" parameterType="java.lang.String">
  select FORMAT(count(*) + 1, '0####') FROM BOF_CARGA_MENSUAL WHERE PER_CARGA = #{periodoCarga,jdbcType=VARCHAR}
</select>

  <select id="obtenerLoteMensual" resultMap="BaseResultMap" parameterType="java.lang.String">
    SELECT COD_CARGAM, TIPO_INSTRU, NEMOTEC, INT_AMOR_AJUPRE, AJUS_VAL_RAZONA, NOM_ARCHIVO, NUM_REGISTRO, FEC_REGISTRO FROM BOF_CARGA_MENSUAL WHERE PER_CARGA = #{periodoCarga,jdbcType=VARCHAR} AND EST_ENVIO = 0
  </select>

</mapper>