<?xml version="1.0" encoding="UTF-8"?>
<!DOCTYPE mapper PUBLIC "-//mybatis.org//DTD Mapper 3.0//EN" "http://mybatis.org/dtd/mybatis-3-mapper.dtd">
<mapper
	namespace="com.cardif.satelite.bof.dao.BofDinamicaContableMapper">
	<resultMap id="BaseResultMap"
		type="com.cardif.satelite.bof.bean.BofDinamicaContable">
		<id column="COD_DINAMICA" jdbcType="INTEGER" property="codDinamica" />
		<result column="COD_INSTRUMENTO" jdbcType="VARCHAR"
			property="codInstrumento" />
		<result column="COD_EMISOR" jdbcType="VARCHAR"
			property="codEmisor" />
		<result column="COD_OPERACION" jdbcType="VARCHAR"
			property="codOperacion" />
		<result column="NUMERO_CUENTA" jdbcType="VARCHAR"
			property="numeroCuenta" />
		<result column="DEBITO_CREDITO" jdbcType="VARCHAR"
			property="creditoDebito" />
		<result column="ES_VARIABLE" jdbcType="BIT"
			property="esVariable" />
		<result column="LINEA_ASIENTO" jdbcType="INTEGER"
				property="lineaAsiento" />
		<result column="FECHA_REGISTRO" jdbcType="TIMESTAMP"
			property="fechaRegistro" />
		<result column="USUARIO_REGISTRO" jdbcType="VARCHAR"
			property="usuarioRegistro" />
		<result column="FECHA_MODIFICACION" jdbcType="TIMESTAMP"
			property="fechaModificacion" />
		<result column="USUARIO_MODIF" jdbcType="VARCHAR"
			property="usuarioModif" />
		<result column="EST_REGISTRO" jdbcType="BIT"
			property="estRegistro" />
	</resultMap>

	<resultMap id="ConsultaResultMap"
		type="com.cardif.satelite.bof.model.DinamicaContableModel">
		<id column="COD_DINAMICA" jdbcType="INTEGER" property="codDinamica" />
		<result column="INSTRUMENTO" jdbcType="VARCHAR"
			property="instrumento" />
		<result column="EMISOR" jdbcType="VARCHAR" property="emisor" />
		<result column="OPERACION" jdbcType="VARCHAR"
			property="operacion" />
		<result column="NUMERO_CUENTA" jdbcType="VARCHAR"
			property="numeroCuenta" />
		<result column="DEBITO_CREDITO" jdbcType="VARCHAR"
			property="creditoDebito" />
		<result column="ES_VARIABLE" jdbcType="BIT"
			property="esVariable" />
		<result column="LINEA_ASIENTO" jdbcType="INTEGER"
				property="lineaAsiento" />
		<result column="FECHA_REGISTRO" jdbcType="TIMESTAMP"
			property="fechaRegistro" />
		<result column="USUARIO_REGISTRO" jdbcType="VARCHAR"
			property="usuarioRegistro" />
		<result column="FECHA_MODIFICACION" jdbcType="TIMESTAMP"
			property="fechaModificacion" />
		<result column="USUARIO_MODIF" jdbcType="VARCHAR"
			property="usuarioModif" />
		<result column="EST_REGISTRO" jdbcType="BIT"
			property="estRegistro" />
	</resultMap>

	<resultMap id="consultaDinamica" type="com.cardif.satelite.bof.model.DinamicaContableModel">
		<result column="NUMERO_CUENTA" jdbcType="VARCHAR" property="numeroCuenta"/>
		<result column="DESCRIPCION" jdbcType="VARCHAR"	property="descripCuenta"/>
		<result column="DEBITO_CREDITO" jdbcType="VARCHAR"	property="creditoDebito"/>
	</resultMap>
  
  
	<sql id="Base_Column_List">
		COD_DINAMICA, COD_INSTRUMENTO, COD_EMISOR, COD_OPERACION, NUMERO_CUENTA,
		DEBITO_CREDITO,
		ES_VARIABLE, LINEA_ASIENTO, FECHA_REGISTRO, USUARIO_REGISTRO, FECHA_MODIFICACION, USUARIO_MODIF,
		EST_REGISTRO
	</sql>

	<select id="selectByPrimaryKey"
		parameterType="java.lang.Integer" resultMap="BaseResultMap">
		select 'true' as QUERYID,
		<include refid="Base_Column_List" />
		from BOF_DINAMICA_CONTABLE
		where COD_DINAMICA = #{codDinamica,jdbcType=INTEGER}
	</select>



	<delete id="deleteByPrimaryKey"
		parameterType="java.lang.Integer">
		UPDATE BOF_DINAMICA_CONTABLE
		SET EST_REGISTRO = 0
		where COD_DINAMICA = #{codDinamica,jdbcType=INTEGER}
	</delete>
	<insert id="insert"
		parameterType="com.cardif.satelite.bof.bean.BofDinamicaContable">
		insert into BOF_DINAMICA_CONTABLE (COD_INSTRUMENTO,
		COD_EMISOR,
		COD_OPERACION, NUMERO_CUENTA, DEBITO_CREDITO,
		ES_VARIABLE, FECHA_REGISTRO, USUARIO_REGISTRO,
		EST_REGISTRO, LINEA_ASIENTO
		)
		values (#{codInstrumento,jdbcType=VARCHAR},
		#{codEmisor,jdbcType=VARCHAR},
		#{codOperacion,jdbcType=VARCHAR}, #{numeroCuenta,jdbcType=VARCHAR}, #{creditoDebito,jdbcType=VARCHAR},
		#{esVariable,jdbcType=BIT}, GETDATE(),
		#{usuarioRegistro,jdbcType=VARCHAR}, #{estRegistro,jdbcType=BIT}, #{lineaAsiento,jdbcType=INTEGER}
		)
	</insert>
	<insert id="insertSelective"
		parameterType="com.cardif.satelite.bof.bean.BofDinamicaContable">
		insert into BOF_DINAMICA_CONTABLE
		<trim prefix="(" suffix=")" suffixOverrides=",">
			<if test="codDinamica != null">
				COD_DINAMICA,
			</if>
			<if test="codInstrumento != null">
				COD_INSTRUMENTO,
			</if>
			<if test="codEmisor != null">
				COD_EMISOR,
			</if>
			<if test="codOperacion != null">
				COD_OPERACION,
			</if>
			<if test="numeroCuenta != null">
				NUMERO_CUENTA,
			</if>
			<if test="creditoDebito != null">
				DEBITO_CREDITO,
			</if>
			<if test="esVariable != null">
				ES_VARIABLE,
			</if>
			<if test="fechaRegistro != null">
				FECHA_REGISTRO,
			</if>
			<if test="usuarioRegistro != null">
				USUARIO_REGISTRO,
			</if>
			<if test="fechaModificacion != null">
				FECHA_MODIFICACION,
			</if>
			<if test="usuarioModif != null">
				USUARIO_MODIF,
			</if>
			<if test="estRegistro != null">
				EST_REGISTRO,
			</if>
		</trim>
		<trim prefix="values (" suffix=")" suffixOverrides=",">
			<if test="codDinamica != null">
				#{codDinamica,jdbcType=INTEGER},
			</if>
			<if test="codInstrumento != null">
				#{codInstrumento,jdbcType=VARCHAR},
			</if>
			<if test="codEmisor != null">
				#{codEmisor,jdbcType=VARCHAR},
			</if>
			<if test="codOperacion != null">
				#{codOperacion,jdbcType=VARCHAR},
			</if>
			<if test="numeroCuenta != null">
				#{numeroCuenta,jdbcType=VARCHAR},
			</if>
			<if test="creditoDebito != null">
				#{creditoDebito,jdbcType=VARCHAR},
			</if>
			<if test="esVariable != null">
				#{esVariable,jdbcType=BIT},
			</if>
			<if test="fechaRegistro != null">
				#{fechaRegistro,jdbcType=TIMESTAMP},
			</if>
			<if test="usuarioRegistro != null">
				#{usuarioRegistro,jdbcType=VARCHAR},
			</if>
			<if test="fechaModificacion != null">
				#{fechaModificacion,jdbcType=TIMESTAMP},
			</if>
			<if test="usuarioModif != null">
				#{usuarioModif,jdbcType=VARCHAR},
			</if>
			<if test="estRegistro != null">
				#{estRegistro,jdbcType=BIT},
			</if>
		</trim>
	</insert>
	<update id="updateByPrimaryKeySelective"
		parameterType="com.cardif.satelite.bof.bean.BofDinamicaContable">
		update BOF_DINAMICA_CONTABLE
		<set>
			<if test="codInstrumento != null">
				COD_INSTRUMENTO = #{codInstrumento,jdbcType=VARCHAR},
			</if>
			<if test="codEmisor != null">
				COD_EMISOR = #{codEmisor,jdbcType=VARCHAR},
			</if>
			<if test="codOperacion != null">
				COD_OPERACION = #{codOperacion,jdbcType=VARCHAR},
			</if>
			<if test="numeroCuenta != null">
				NUMERO_CUENTA = #{numeroCuenta,jdbcType=VARCHAR},
			</if>
			<if test="creditoDebito != null">
				DEBITO_CREDITO = #{creditoDebito,jdbcType=VARCHAR},
			</if>
			<if test="esVariable != null">
				ES_VARIABLE = #{esVariable,jdbcType=BIT},
			</if>
			<if test="fechaRegistro != null">
				FECHA_REGISTRO = #{fechaRegistro,jdbcType=TIMESTAMP},
			</if>
			<if test="usuarioRegistro != null">
				USUARIO_REGISTRO = #{usuarioRegistro,jdbcType=VARCHAR},
			</if>
			<if test="fechaModificacion != null">
				FECHA_MODIFICACION = #{fechaModificacion,jdbcType=TIMESTAMP},
			</if>
			<if test="usuarioModif != null">
				USUARIO_MODIF = #{usuarioModif,jdbcType=VARCHAR},
			</if>
			<if test="estRegistro != null">
				EST_REGISTRO = #{estRegistro,jdbcType=BIT},
			</if>
		</set>
		where COD_DINAMICA = #{codDinamica,jdbcType=INTEGER}
	</update>
	<update id="updateByPrimaryKey"
		parameterType="com.cardif.satelite.bof.bean.BofDinamicaContable">
		update BOF_DINAMICA_CONTABLE
		set COD_INSTRUMENTO = #{codInstrumento,jdbcType=VARCHAR},
		COD_EMISOR = #{codEmisor,jdbcType=VARCHAR},
		COD_OPERACION = #{codOperacion,jdbcType=VARCHAR},
		NUMERO_CUENTA = #{numeroCuenta,jdbcType=VARCHAR},
		DEBITO_CREDITO = #{creditoDebito,jdbcType=VARCHAR},
		ES_VARIABLE = #{esVariable,jdbcType=BIT},
		FECHA_MODIFICACION = GETDATE(),
		USUARIO_MODIF = #{usuarioModif,jdbcType=VARCHAR},
		EST_REGISTRO = #{estRegistro,jdbcType=BIT},
		LINEA_ASIENTO = #{lineaAsiento,jdbcType=INTEGER}
		where COD_DINAMICA = #{codDinamica,jdbcType=INTEGER}
	</update>

	<select id="selectAll"
			parameterType="com.cardif.satelite.bof.model.ConsultaDinamicaModel"
			resultMap="ConsultaResultMap">
		SELECT
		D.COD_DINAMICA
		,I.DESCRIPCION INSTRUMENTO
		,E.DESCRIPCION EMISOR
		,O.DESCRIPCION OPERACION
		,D.NUMERO_CUENTA
		,D.DEBITO_CREDITO
		,D.ES_VARIABLE
		,D.LINEA_ASIENTO
		,D.EST_REGISTRO
		,D.FECHA_REGISTRO
		,D.USUARIO_REGISTRO
		,D.FECHA_MODIFICACION
		,D.USUARIO_MODIF
		FROM BOF_DINAMICA_CONTABLE D INNER JOIN (SELECT C.COD_CONFIG COD_INSTRUMENTO, C.DESCRIPCION FROM BOF_CONFIGURACION C WHERE C.COD_TABLA = 10) AS I ON D.COD_INSTRUMENTO = I.COD_INSTRUMENTO
		INNER JOIN (SELECT C.COD_CONFIG COD_OPERACION, C.DESCRIPCION FROM BOF_CONFIGURACION C WHERE C.COD_TABLA = 30) O ON D.COD_OPERACION = O.COD_OPERACION
		LEFT JOIN (SELECT C.COD_CONFIG COD_EMISOR, C.DESCRIPCION FROM BOF_CONFIGURACION C WHERE C.COD_TABLA = 40) E ON D.COD_EMISOR = E.COD_EMISOR
		<where>
			<if test="codInstrumento != ''">
				D.COD_INSTRUMENTO = #{codInstrumento,jdbcType=VARCHAR}
			</if>
			<if test="codEmisor != ''">
				AND D.COD_EMISOR = #{codEmisor,jdbcType=VARCHAR}
			</if>
			<if test="codOperacion != ''">
				AND D.COD_OPERACION = #{codOperacion,jdbcType=VARCHAR}
			</if>
			<if test="numeroCuenta != ''">
				AND D.NUMERO_CUENTA = #{numeroCuenta,jdbcType=VARCHAR}
			</if>
			<if test="creditoDebito != ''">
				AND D.DEBITO_CREDITO = #{creditoDebito,jdbcType=VARCHAR}
			</if>
		</where>
		ORDER BY CAST(NUMERO_CUENTA as BIGINT) DESC
	</select>

	<select id="obtenerDinamica" parameterType="com.cardif.satelite.bof.bean.BofDinamicaContable" resultMap="consultaDinamica">
		SELECT
		D.NUMERO_CUENTA
		,C.DESCRIPCION
		,D.DEBITO_CREDITO
		FROM BOF_DINAMICA_CONTABLE D INNER JOIN (SELECT DESCRIPCION, COD_CONFIG FROM BOF_CONFIGURACION WHERE COD_TABLA = 50) AS C ON D.NUMERO_CUENTA = C.COD_CONFIG
		WHERE D.COD_INSTRUMENTO = #{codInstrumento,jdbcType=VARCHAR} AND D.COD_OPERACION = #{codOperacion,jdbcType=VARCHAR}
		AND D.LINEA_ASIENTO = #{lineaAsiento,jdbcType=INTEGER}
	</select>
</mapper>