<?xml version="1.0" encoding="UTF-8"?>
<!DOCTYPE mapper PUBLIC "-//mybatis.org//DTD Mapper 3.0//EN" "http://mybatis.org/dtd/mybatis-3-mapper.dtd">
<mapper namespace="com.cardif.satelite.bof.dao.BofLoteAsientosMapper">
  <resultMap id="BaseResultMap" type="com.cardif.satelite.bof.bean.BofLoteAsientos">
    <id column="COD_DETA" jdbcType="INTEGER" property="codDeta" />
    <result column="ID_CAB_LOTE" jdbcType="VARCHAR" property="idCabLote" />
    <result column="CTA_CONTABLE" jdbcType="VARCHAR" property="ctaContable" />
    <result column="NOM_CTA_CONTABLE" jdbcType="VARCHAR" property="nomCtaContable" />
    <result column="IMPORTE_TRAN" jdbcType="NUMERIC" property="importeTran" />
    <result column="MONEDA" jdbcType="VARCHAR" property="moneda" />
    <result column="REF_TRANSACCION" jdbcType="VARCHAR" property="refTransaccion" />
    <result column="GLOSA" jdbcType="VARCHAR" property="glosa" />
    <result column="CENTRO_COSTO" jdbcType="VARCHAR" property="centroCosto" />
    <result column="SOCIO_PROD" jdbcType="VARCHAR" property="socioProd" />
    <result column="CANAL" jdbcType="VARCHAR" property="canal" />
    <result column="TASA_BASE" jdbcType="NUMERIC" property="tasaBase" />
    <result column="PROVEEDOR_EMPLEADO" jdbcType="VARCHAR" property="proveedorEmpleado" />
    <result column="RUC_DNI" jdbcType="VARCHAR" property="rucDni" />
    <result column="POLIZA_CLIENTE" jdbcType="VARCHAR" property="polizaCliente" />
    <result column="COMPROBANTE_SUNAT" jdbcType="VARCHAR" property="comprobanteSunat" />
    <result column="MEDIO_PAGO" jdbcType="VARCHAR" property="medioPago" />
    <result column="DEBITO_CREDITO" jdbcType="CHAR" property="debitoCredito" />
    <result column="FECHA_VENCIMIENTO" jdbcType="CHAR" property="fechaVencimiento" />
    <result column="TIPO_DIARIO" jdbcType="VARCHAR" property="tipoDiario" />
    <result column="FECHA_TRANSACCION" jdbcType="CHAR" property="fechaTransaccion" />
    <result column="PERIODO" jdbcType="VARCHAR" property="periodo" />
    <result column="EST_ENVIO" jdbcType="INTEGER" property="estEnvio" />
    <result column="FEC_ENVIO" jdbcType="TIMESTAMP" property="fecEnvio" />
    <result column="NUM_DIARIO" jdbcType="VARCHAR" property="numeroDiario" />
    <result column="USU_REGISTRO" jdbcType="VARCHAR" property="usuRegistro" />
    <result column="FEC_REGISTRO" jdbcType="TIMESTAMP" property="fecRegistro" />
    <result column="TAB_ORIGEN" jdbcType="VARCHAR" property="tabOrigen" />
  </resultMap>
  <sql id="Base_Column_List">
    COD_DETA, ID_CAB_LOTE, CTA_CONTABLE, NOM_CTA_CONTABLE, IMPORTE_TRAN, MONEDA, REF_TRANSACCION,
    GLOSA, CENTRO_COSTO, SOCIO_PROD, CANAL, TASA_BASE, PROVEEDOR_EMPLEADO, RUC_DNI, POLIZA_CLIENTE,
    COMPROBANTE_SUNAT, MEDIO_PAGO, DEBITO_CREDITO, FECHA_VENCIMIENTO, TIPO_DIARIO, FECHA_TRANSACCION,
    PERIODO, EST_ENVIO,FEC_ENVIO, NUM_DIARIO, USU_REGISTRO, FEC_REGISTRO, TAB_ORIGEN
  </sql>
  <select id="selectByPrimaryKey" parameterType="java.lang.Integer" resultMap="BaseResultMap">
    select 'true' as QUERYID,
    <include refid="Base_Column_List" />
    from BOF_LOTE_ASIENTOS
    where COD_DETA = #{codDeta,jdbcType=INTEGER}
  </select>
  <delete id="deleteByPrimaryKey" parameterType="java.lang.Integer">
    delete from BOF_LOTE_ASIENTOS
    where COD_DETA = #{codDeta,jdbcType=INTEGER}
  </delete>
  <insert id="insert" parameterType="com.cardif.satelite.bof.bean.BofLoteAsientos">
    insert into BOF_LOTE_ASIENTOS (ID_CAB_LOTE,CTA_CONTABLE,NOM_CTA_CONTABLE,
            IMPORTE_TRAN,MONEDA,REF_TRANSACCION,GLOSA,
            CENTRO_COSTO,SOCIO_PROD,CANAL,TASA_BASE,PROVEEDOR_EMPLEADO,
            RUC_DNI,POLIZA_CLIENTE,COMPROBANTE_SUNAT,MEDIO_PAGO,DEBITO_CREDITO,
            FECHA_VENCIMIENTO,TIPO_DIARIO,FECHA_TRANSACCION,PERIODO,
            EST_ENVIO,TIPO_OPERACION, USU_REGISTRO,FEC_REGISTRO,TAB_ORIGEN)
    values (#{idCabLote,jdbcType=VARCHAR}, #{ctaContable,jdbcType=VARCHAR},
      #{nomCtaContable,jdbcType=VARCHAR}, #{importeTran,jdbcType=NUMERIC}, #{moneda,jdbcType=VARCHAR},
      #{refTransaccion,jdbcType=VARCHAR}, #{glosa,jdbcType=VARCHAR}, #{centroCosto,jdbcType=VARCHAR},
      #{socioProd,jdbcType=VARCHAR}, #{canal,jdbcType=VARCHAR}, #{tasaBase,jdbcType=NUMERIC},
      #{proveedorEmpleado,jdbcType=VARCHAR}, #{rucDni,jdbcType=VARCHAR}, #{polizaCliente,jdbcType=VARCHAR},
      #{comprobanteSunat,jdbcType=VARCHAR}, #{medioPago,jdbcType=VARCHAR}, #{debitoCredito,jdbcType=CHAR},
      #{fechaVencimiento,jdbcType=CHAR}, #{tipoDiario,jdbcType=VARCHAR}, #{fechaTransaccion,jdbcType=CHAR},
      #{periodo,jdbcType=VARCHAR}, #{estEnvio,jdbcType=INTEGER}, #{tipoOperacion,jdbcType=VARCHAR}, #{usuRegistro,jdbcType=VARCHAR},
      Getdate(), #{tabOrigen,jdbcType=VARCHAR})
  </insert>
  <insert id="insertSelective" parameterType="com.cardif.satelite.bof.bean.BofLoteAsientos">
    insert into BOF_LOTE_ASIENTOS
    <trim prefix="(" suffix=")" suffixOverrides=",">
      <if test="codDeta != null">
        COD_DETA,
      </if>
      <if test="idCabLote != null">
        ID_CAB_LOTE,
      </if>
      <if test="ctaContable != null">
        CTA_CONTABLE,
      </if>
      <if test="nomCtaContable != null">
        NOM_CTA_CONTABLE,
      </if>
      <if test="importeTran != null">
        IMPORTE_TRAN,
      </if>
      <if test="moneda != null">
        MONEDA,
      </if>
      <if test="refTransaccion != null">
        REF_TRANSACCION,
      </if>
      <if test="glosa != null">
        GLOSA,
      </if>
      <if test="centroCosto != null">
        CENTRO_COSTO,
      </if>
      <if test="socioProd != null">
        SOCIO_PROD,
      </if>
      <if test="canal != null">
        CANAL,
      </if>
      <if test="tasaBase != null">
        TASA_BASE,
      </if>
      <if test="proveedorEmpleado != null">
        PROVEEDOR_EMPLEADO,
      </if>
      <if test="rucDni != null">
        RUC_DNI,
      </if>
      <if test="polizaCliente != null">
        POLIZA_CLIENTE,
      </if>
      <if test="comprobanteSunat != null">
        COMPROBANTE_SUNAT,
      </if>
      <if test="medioPago != null">
        MEDIO_PAGO,
      </if>
      <if test="debitoCredito != null">
        DEBITO_CREDITO,
      </if>
      <if test="fechaVencimiento != null">
        FECHA_VENCIMIENTO,
      </if>
      <if test="tipoDiario != null">
        TIPO_DIARIO,
      </if>
      <if test="fechaTransaccion != null">
        FECHA_TRANSACCION,
      </if>
      <if test="periodo != null">
        PERIODO,
      </if>
      <if test="estEnvio != null">
        EST_ENVIO,
      </if>
      <if test="usuRegistro != null">
        USU_REGISTRO,
      </if>
      <if test="fecRegistro != null">
        FEC_REGISTRO,
      </if>
    </trim>
    <trim prefix="values (" suffix=")" suffixOverrides=",">
      <if test="codDeta != null">
        #{codDeta,jdbcType=INTEGER},
      </if>
      <if test="idCabLote != null">
        #{idCabLote,jdbcType=VARCHAR},
      </if>
      <if test="ctaContable != null">
        #{ctaContable,jdbcType=VARCHAR},
      </if>
      <if test="nomCtaContable != null">
        #{nomCtaContable,jdbcType=VARCHAR},
      </if>
      <if test="importeTran != null">
        #{importeTran,jdbcType=NUMERIC},
      </if>
      <if test="moneda != null">
        #{moneda,jdbcType=VARCHAR},
      </if>
      <if test="refTransaccion != null">
        #{refTransaccion,jdbcType=VARCHAR},
      </if>
      <if test="glosa != null">
        #{glosa,jdbcType=VARCHAR},
      </if>
      <if test="centroCosto != null">
        #{centroCosto,jdbcType=VARCHAR},
      </if>
      <if test="socioProd != null">
        #{socioProd,jdbcType=VARCHAR},
      </if>
      <if test="canal != null">
        #{canal,jdbcType=VARCHAR},
      </if>
      <if test="tasaBase != null">
        #{tasaBase,jdbcType=NUMERIC},
      </if>
      <if test="proveedorEmpleado != null">
        #{proveedorEmpleado,jdbcType=VARCHAR},
      </if>
      <if test="rucDni != null">
        #{rucDni,jdbcType=VARCHAR},
      </if>
      <if test="polizaCliente != null">
        #{polizaCliente,jdbcType=VARCHAR},
      </if>
      <if test="comprobanteSunat != null">
        #{comprobanteSunat,jdbcType=VARCHAR},
      </if>
      <if test="medioPago != null">
        #{medioPago,jdbcType=VARCHAR},
      </if>
      <if test="debitoCredito != null">
        #{debitoCredito,jdbcType=CHAR},
      </if>
      <if test="fechaVencimiento != null">
        #{fechaVencimiento,jdbcType=CHAR},
      </if>
      <if test="tipoDiario != null">
        #{tipoDiario,jdbcType=VARCHAR},
      </if>
      <if test="fechaTransaccion != null">
        #{fechaTransaccion,jdbcType=CHAR},
      </if>
      <if test="periodo != null">
        #{periodo,jdbcType=VARCHAR},
      </if>
      <if test="estEnvio != null">
        #{estEnvio,jdbcType=INTEGER},
      </if>
      <if test="usuRegistro != null">
        #{usuRegistro,jdbcType=VARCHAR},
      </if>
      <if test="fecRegistro != null">
        #{fecRegistro,jdbcType=TIMESTAMP},
      </if>
    </trim>
  </insert>
  <update id="updateByPrimaryKeySelective" parameterType="com.cardif.satelite.bof.bean.BofLoteAsientos">
    update BOF_LOTE_ASIENTOS
    <set>
      <if test="idCabLote != null">
        ID_CAB_LOTE = #{idCabLote,jdbcType=VARCHAR},
      </if>
      <if test="ctaContable != null">
        CTA_CONTABLE = #{ctaContable,jdbcType=VARCHAR},
      </if>
      <if test="nomCtaContable != null">
        NOM_CTA_CONTABLE = #{nomCtaContable,jdbcType=VARCHAR},
      </if>
      <if test="importeTran != null">
        IMPORTE_TRAN = #{importeTran,jdbcType=NUMERIC},
      </if>
      <if test="moneda != null">
        MONEDA = #{moneda,jdbcType=VARCHAR},
      </if>
      <if test="refTransaccion != null">
        REF_TRANSACCION = #{refTransaccion,jdbcType=VARCHAR},
      </if>
      <if test="glosa != null">
        GLOSA = #{glosa,jdbcType=VARCHAR},
      </if>
      <if test="centroCosto != null">
        CENTRO_COSTO = #{centroCosto,jdbcType=VARCHAR},
      </if>
      <if test="socioProd != null">
        SOCIO_PROD = #{socioProd,jdbcType=VARCHAR},
      </if>
      <if test="canal != null">
        CANAL = #{canal,jdbcType=VARCHAR},
      </if>
      <if test="tasaBase != null">
        TASA_BASE = #{tasaBase,jdbcType=NUMERIC},
      </if>
      <if test="proveedorEmpleado != null">
        PROVEEDOR_EMPLEADO = #{proveedorEmpleado,jdbcType=VARCHAR},
      </if>
      <if test="rucDni != null">
        RUC_DNI = #{rucDni,jdbcType=VARCHAR},
      </if>
      <if test="polizaCliente != null">
        POLIZA_CLIENTE = #{polizaCliente,jdbcType=VARCHAR},
      </if>
      <if test="comprobanteSunat != null">
        COMPROBANTE_SUNAT = #{comprobanteSunat,jdbcType=VARCHAR},
      </if>
      <if test="medioPago != null">
        MEDIO_PAGO = #{medioPago,jdbcType=VARCHAR},
      </if>
      <if test="debitoCredito != null">
        DEBITO_CREDITO = #{debitoCredito,jdbcType=CHAR},
      </if>
      <if test="fechaVencimiento != null">
        FECHA_VENCIMIENTO = #{fechaVencimiento,jdbcType=CHAR},
      </if>
      <if test="tipoDiario != null">
        TIPO_DIARIO = #{tipoDiario,jdbcType=VARCHAR},
      </if>
      <if test="fechaTransaccion != null">
        FECHA_TRANSACCION = #{fechaTransaccion,jdbcType=CHAR},
      </if>
      <if test="periodo != null">
        PERIODO = #{periodo,jdbcType=VARCHAR},
      </if>
      <if test="estEnvio != null">
        EST_ENVIO = #{estEnvio,jdbcType=INTEGER},
      </if>
      <if test="usuRegistro != null">
        USU_REGISTRO = #{usuRegistro,jdbcType=VARCHAR},
      </if>
      <if test="fecRegistro != null">
        FEC_REGISTRO = #{fecRegistro,jdbcType=TIMESTAMP},
      </if>
    </set>
    where COD_DETA = #{codDeta,jdbcType=INTEGER}
  </update>
  <update id="updateByPrimaryKey" parameterType="com.cardif.satelite.bof.bean.BofLoteAsientos">
    update BOF_LOTE_ASIENTOS
    set ID_CAB_LOTE = #{idCabLote,jdbcType=VARCHAR},
      CTA_CONTABLE = #{ctaContable,jdbcType=VARCHAR},
      NOM_CTA_CONTABLE = #{nomCtaContable,jdbcType=VARCHAR},
      IMPORTE_TRAN = #{importeTran,jdbcType=NUMERIC},
      MONEDA = #{moneda,jdbcType=VARCHAR},
      REF_TRANSACCION = #{refTransaccion,jdbcType=VARCHAR},
      GLOSA = #{glosa,jdbcType=VARCHAR},
      CENTRO_COSTO = #{centroCosto,jdbcType=VARCHAR},
      SOCIO_PROD = #{socioProd,jdbcType=VARCHAR},
      CANAL = #{canal,jdbcType=VARCHAR},
      TASA_BASE = #{tasaBase,jdbcType=NUMERIC},
      PROVEEDOR_EMPLEADO = #{proveedorEmpleado,jdbcType=VARCHAR},
      RUC_DNI = #{rucDni,jdbcType=VARCHAR},
      POLIZA_CLIENTE = #{polizaCliente,jdbcType=VARCHAR},
      COMPROBANTE_SUNAT = #{comprobanteSunat,jdbcType=VARCHAR},
      MEDIO_PAGO = #{medioPago,jdbcType=VARCHAR},
      DEBITO_CREDITO = #{debitoCredito,jdbcType=CHAR},
      FECHA_VENCIMIENTO = #{fechaVencimiento,jdbcType=CHAR},
      TIPO_DIARIO = #{tipoDiario,jdbcType=VARCHAR},
      FECHA_TRANSACCION = #{fechaTransaccion,jdbcType=CHAR},
      PERIODO = #{periodo,jdbcType=VARCHAR},
      EST_ENVIO = #{estEnvio,jdbcType=INTEGER},
      NUM_DIARIO = #{numeroDiario,jdbcType=VARCHAR},
      FEC_ENVIO = #{fecEnvio,jdbcType=TIMESTAMP},
      USU_REGISTRO = #{usuRegistro,jdbcType=VARCHAR},
      FEC_REGISTRO = #{fecRegistro,jdbcType=TIMESTAMP},
      TAB_ORIGEN = #{tabOrigen,jdbcType=VARCHAR}
    where COD_DETA = #{codDeta,jdbcType=INTEGER}
  </update>

  <select id="generarAsientos"
          parameterType="com.cardif.satelite.bof.bean.BofParamsGeneracionAsientos"
          resultMap="BaseResultMap">
    select
    <include refid="Base_Column_List" />
    from BOF_LOTE_ASIENTOS
    where PERIODO = #{periodoCarga, mode=IN,jdbcType=VARCHAR} AND TAB_ORIGEN = #{tipoCarga,jdbcType=VARCHAR}
    <if test="tipoOperacion != ''">
      AND TIPO_OPERACION = #{tipoOperacion, mode=IN, jdbcType=VARCHAR}
    </if>
    AND EST_ENVIO = 0
  </select>


</mapper>