<?xml version="1.0" encoding="UTF-8"?>
<!DOCTYPE mapper PUBLIC "-//mybatis.org//DTD Mapper 3.0//EN" "http://mybatis.org/dtd/mybatis-3-mapper.dtd">
<mapper namespace="com.cardif.satelite.acsele.dao.OpenItemReferenceMapper">
	<resultMap id="BaseResultMap" type="com.cardif.satelite.model.acsele.OpenItemReference">
		<!-- WARNING - @mbggenerated This element is automatically generated by MyBatis Generator, do not modify. This element was generated on Tue Jun 17 15:34:18 
			COT 2014. -->
		<id column="OPENITEMREFERENCEID" jdbcType="DECIMAL" property="openitemreferenceid" />
		<result column="OPENITEMID" jdbcType="DECIMAL" property="openitemid" />
		<result column="POLICYID" jdbcType="DECIMAL" property="policyid" />
		<result column="RISKUNITID" jdbcType="DECIMAL" property="riskunitid" />
		<result column="REFERENCE" jdbcType="DECIMAL" property="reference" />
		<result column="ADDITIONALREFERENCE" jdbcType="DECIMAL" property="additionalreference" />
		<result column="PAYMENTSEQUENCE" jdbcType="VARCHAR" property="paymentsequence" />
		<result column="OPR_POLICYNUMBER" jdbcType="VARCHAR" property="oprPolicynumber" />
		<result column="OPR_RISKUNITNUMBER" jdbcType="VARCHAR" property="oprRiskunitnumber" />
		<result column="OPR_CLAIMNUMBER" jdbcType="VARCHAR" property="oprClaimnumber" />
		<result column="OPR_RECOVERYNUMBER" jdbcType="VARCHAR" property="oprRecoverynumber" />
		<result column="OPR_AGGREGATIONCODE" jdbcType="VARCHAR" property="oprAggregationcode" />
		<result column="POR_ID" jdbcType="DECIMAL" property="porId" />
	</resultMap>
	<sql id="Example_Where_Clause">
		<!-- WARNING - @mbggenerated This element is automatically generated by MyBatis Generator, do not modify. This element was generated on Tue Jun 17 15:34:18 
			COT 2014. -->
		<where>
			<foreach collection="oredCriteria" item="criteria" separator="or">
				<if test="criteria.valid">
					<trim prefix="(" prefixOverrides="and" suffix=")">
						<foreach collection="criteria.criteria" item="criterion">
							<choose>
								<when test="criterion.noValue">
									and ${criterion.condition}
								</when>
								<when test="criterion.singleValue">
									and ${criterion.condition} #{criterion.value}
								</when>
								<when test="criterion.betweenValue">
									and ${criterion.condition} #{criterion.value} and #{criterion.secondValue}
								</when>
								<when test="criterion.listValue">
									and ${criterion.condition}
									<foreach close=")" collection="criterion.value" item="listItem" open="(" separator=",">
										#{listItem}
									</foreach>
								</when>
							</choose>
						</foreach>
					</trim>
				</if>
			</foreach>
		</where>
	</sql>
	<sql id="Update_By_Example_Where_Clause">
		<!-- WARNING - @mbggenerated This element is automatically generated by MyBatis Generator, do not modify. This element was generated on Tue Jun 17 15:34:18 
			COT 2014. -->
		<where>
			<foreach collection="example.oredCriteria" item="criteria" separator="or">
				<if test="criteria.valid">
					<trim prefix="(" prefixOverrides="and" suffix=")">
						<foreach collection="criteria.criteria" item="criterion">
							<choose>
								<when test="criterion.noValue">
									and ${criterion.condition}
								</when>
								<when test="criterion.singleValue">
									and ${criterion.condition} #{criterion.value}
								</when>
								<when test="criterion.betweenValue">
									and ${criterion.condition} #{criterion.value} and #{criterion.secondValue}
								</when>
								<when test="criterion.listValue">
									and ${criterion.condition}
									<foreach close=")" collection="criterion.value" item="listItem" open="(" separator=",">
										#{listItem}
									</foreach>
								</when>
							</choose>
						</foreach>
					</trim>
				</if>
			</foreach>
		</where>
	</sql>
	<sql id="Base_Column_List">
		<!-- WARNING - @mbggenerated This element is automatically generated by MyBatis Generator, do not modify. This element was generated on Tue Jun 17 15:34:18 
			COT 2014. -->
		OPENITEMREFERENCEID, OPENITEMID, POLICYID, RISKUNITID, REFERENCE, ADDITIONALREFERENCE,
		PAYMENTSEQUENCE, OPR_POLICYNUMBER, OPR_RISKUNITNUMBER,
		OPR_CLAIMNUMBER, OPR_RECOVERYNUMBER,
		OPR_AGGREGATIONCODE, POR_ID
	</sql>
	<select id="selectByExample" parameterType="com.cardif.satelite.model.acsele.OpenItemReferenceExample" resultMap="BaseResultMap">
		<!-- WARNING - @mbggenerated This element is automatically generated by MyBatis Generator, do not modify. This element was generated on Tue Jun 17 15:34:18 
			COT 2014. -->
		select
		<if test="distinct">
			distinct
		</if>
		<include refid="Base_Column_List" />
		from BRAXTS_CFG.OPENITEMREFERENCE
		<if test="_parameter != null">
			<include refid="Example_Where_Clause" />
		</if>
		<if test="orderByClause != null">
			order by ${orderByClause}
		</if>
	</select>
	<select id="selectByPrimaryKey" parameterType="java.math.BigDecimal" resultMap="BaseResultMap">
		<!-- WARNING - @mbggenerated This element is automatically generated by MyBatis Generator, do not modify. This element was generated on Tue Jun 17 15:34:18 
			COT 2014. -->
		select
		<include refid="Base_Column_List" />
		from BRAXTS_CFG.OPENITEMREFERENCE
		where OPENITEMREFERENCEID = #{openitemreferenceid,jdbcType=DECIMAL}
	</select>
	<delete id="deleteByPrimaryKey" parameterType="java.math.BigDecimal">
		<!-- WARNING - @mbggenerated This element is automatically generated by MyBatis Generator, do not modify. This element was generated on Tue Jun 17 15:34:18 
			COT 2014. -->
		delete from BRAXTS_CFG.OPENITEMREFERENCE
		where OPENITEMREFERENCEID = #{openitemreferenceid,jdbcType=DECIMAL}
	</delete>
	<delete id="deleteByExample" parameterType="com.cardif.satelite.model.acsele.OpenItemReferenceExample">
		<!-- WARNING - @mbggenerated This element is automatically generated by MyBatis Generator, do not modify. This element was generated on Tue Jun 17 15:34:18 
			COT 2014. -->
		delete from BRAXTS_CFG.OPENITEMREFERENCE
		<if test="_parameter != null">
			<include refid="Example_Where_Clause" />
		</if>
	</delete>
	<insert id="insert" parameterType="com.cardif.satelite.model.acsele.OpenItemReference">
		<!-- WARNING - @mbggenerated This element is automatically generated by MyBatis Generator, do not modify. This element was generated on Tue Jun 17 15:34:18 
			COT 2014. -->
		insert into BRAXTS_CFG.OPENITEMREFERENCE (OPENITEMREFERENCEID, OPENITEMID,
		POLICYID, RISKUNITID, REFERENCE,
		ADDITIONALREFERENCE, PAYMENTSEQUENCE,
		OPR_POLICYNUMBER,
		OPR_RISKUNITNUMBER, OPR_CLAIMNUMBER, OPR_RECOVERYNUMBER,
		OPR_AGGREGATIONCODE, POR_ID)
		values
		(#{openitemreferenceid,jdbcType=DECIMAL}, #{openitemid,jdbcType=DECIMAL},
		#{policyid,jdbcType=DECIMAL}, #{riskunitid,jdbcType=DECIMAL},
		#{reference,jdbcType=DECIMAL},
		#{additionalreference,jdbcType=DECIMAL}, #{paymentsequence,jdbcType=VARCHAR}, #{oprPolicynumber,jdbcType=VARCHAR},
		#{oprRiskunitnumber,jdbcType=VARCHAR}, #{oprClaimnumber,jdbcType=VARCHAR}, #{oprRecoverynumber,jdbcType=VARCHAR},
		#{oprAggregationcode,jdbcType=VARCHAR}, #{porId,jdbcType=DECIMAL})
	</insert>
	<insert id="insertSelective" parameterType="com.cardif.satelite.model.acsele.OpenItemReference">
		<!-- WARNING - @mbggenerated This element is automatically generated by MyBatis Generator, do not modify. This element was generated on Tue Jun 17 15:34:18 
			COT 2014. -->
		insert into BRAXTS_CFG.OPENITEMREFERENCE
		<trim prefix="(" suffix=")" suffixOverrides=",">
			<if test="openitemreferenceid != null">
				OPENITEMREFERENCEID,
			</if>
			<if test="openitemid != null">
				OPENITEMID,
			</if>
			<if test="policyid != null">
				POLICYID,
			</if>
			<if test="riskunitid != null">
				RISKUNITID,
			</if>
			<if test="reference != null">
				REFERENCE,
			</if>
			<if test="additionalreference != null">
				ADDITIONALREFERENCE,
			</if>
			<if test="paymentsequence != null">
				PAYMENTSEQUENCE,
			</if>
			<if test="oprPolicynumber != null">
				OPR_POLICYNUMBER,
			</if>
			<if test="oprRiskunitnumber != null">
				OPR_RISKUNITNUMBER,
			</if>
			<if test="oprClaimnumber != null">
				OPR_CLAIMNUMBER,
			</if>
			<if test="oprRecoverynumber != null">
				OPR_RECOVERYNUMBER,
			</if>
			<if test="oprAggregationcode != null">
				OPR_AGGREGATIONCODE,
			</if>
			<if test="porId != null">
				POR_ID,
			</if>
		</trim>
		<trim prefix="values (" suffix=")" suffixOverrides=",">
			<if test="openitemreferenceid != null">
				#{openitemreferenceid,jdbcType=DECIMAL},
			</if>
			<if test="openitemid != null">
				#{openitemid,jdbcType=DECIMAL},
			</if>
			<if test="policyid != null">
				#{policyid,jdbcType=DECIMAL},
			</if>
			<if test="riskunitid != null">
				#{riskunitid,jdbcType=DECIMAL},
			</if>
			<if test="reference != null">
				#{reference,jdbcType=DECIMAL},
			</if>
			<if test="additionalreference != null">
				#{additionalreference,jdbcType=DECIMAL},
			</if>
			<if test="paymentsequence != null">
				#{paymentsequence,jdbcType=VARCHAR},
			</if>
			<if test="oprPolicynumber != null">
				#{oprPolicynumber,jdbcType=VARCHAR},
			</if>
			<if test="oprRiskunitnumber != null">
				#{oprRiskunitnumber,jdbcType=VARCHAR},
			</if>
			<if test="oprClaimnumber != null">
				#{oprClaimnumber,jdbcType=VARCHAR},
			</if>
			<if test="oprRecoverynumber != null">
				#{oprRecoverynumber,jdbcType=VARCHAR},
			</if>
			<if test="oprAggregationcode != null">
				#{oprAggregationcode,jdbcType=VARCHAR},
			</if>
			<if test="porId != null">
				#{porId,jdbcType=DECIMAL},
			</if>
		</trim>
	</insert>
	<select id="countByExample" parameterType="com.cardif.satelite.model.acsele.OpenItemReferenceExample" resultType="java.lang.Integer">
		<!-- WARNING - @mbggenerated This element is automatically generated by MyBatis Generator, do not modify. This element was generated on Tue Jun 17 15:34:18 
			COT 2014. -->
		select count(*) from BRAXTS_CFG.OPENITEMREFERENCE
		<if test="_parameter != null">
			<include refid="Example_Where_Clause" />
		</if>
	</select>
	<update id="updateByExampleSelective" parameterType="map">
		<!-- WARNING - @mbggenerated This element is automatically generated by MyBatis Generator, do not modify. This element was generated on Tue Jun 17 15:34:18 
			COT 2014. -->
		update BRAXTS_CFG.OPENITEMREFERENCE
		<set>
			<if test="record.openitemreferenceid != null">
				OPENITEMREFERENCEID = #{record.openitemreferenceid,jdbcType=DECIMAL},
			</if>
			<if test="record.openitemid != null">
				OPENITEMID = #{record.openitemid,jdbcType=DECIMAL},
			</if>
			<if test="record.policyid != null">
				POLICYID = #{record.policyid,jdbcType=DECIMAL},
			</if>
			<if test="record.riskunitid != null">
				RISKUNITID = #{record.riskunitid,jdbcType=DECIMAL},
			</if>
			<if test="record.reference != null">
				REFERENCE = #{record.reference,jdbcType=DECIMAL},
			</if>
			<if test="record.additionalreference != null">
				ADDITIONALREFERENCE = #{record.additionalreference,jdbcType=DECIMAL},
			</if>
			<if test="record.paymentsequence != null">
				PAYMENTSEQUENCE = #{record.paymentsequence,jdbcType=VARCHAR},
			</if>
			<if test="record.oprPolicynumber != null">
				OPR_POLICYNUMBER = #{record.oprPolicynumber,jdbcType=VARCHAR},
			</if>
			<if test="record.oprRiskunitnumber != null">
				OPR_RISKUNITNUMBER = #{record.oprRiskunitnumber,jdbcType=VARCHAR},
			</if>
			<if test="record.oprClaimnumber != null">
				OPR_CLAIMNUMBER = #{record.oprClaimnumber,jdbcType=VARCHAR},
			</if>
			<if test="record.oprRecoverynumber != null">
				OPR_RECOVERYNUMBER = #{record.oprRecoverynumber,jdbcType=VARCHAR},
			</if>
			<if test="record.oprAggregationcode != null">
				OPR_AGGREGATIONCODE = #{record.oprAggregationcode,jdbcType=VARCHAR},
			</if>
			<if test="record.porId != null">
				POR_ID = #{record.porId,jdbcType=DECIMAL},
			</if>
		</set>
		<if test="_parameter != null">
			<include refid="Update_By_Example_Where_Clause" />
		</if>
	</update>
	<update id="updateByExample" parameterType="map">
		<!-- WARNING - @mbggenerated This element is automatically generated by MyBatis Generator, do not modify. This element was generated on Tue Jun 17 15:34:18 
			COT 2014. -->
		update BRAXTS_CFG.OPENITEMREFERENCE
		set OPENITEMREFERENCEID = #{record.openitemreferenceid,jdbcType=DECIMAL},
		OPENITEMID =
		#{record.openitemid,jdbcType=DECIMAL},
		POLICYID = #{record.policyid,jdbcType=DECIMAL},
		RISKUNITID = #{record.riskunitid,jdbcType=DECIMAL},
		REFERENCE =
		#{record.reference,jdbcType=DECIMAL},
		ADDITIONALREFERENCE = #{record.additionalreference,jdbcType=DECIMAL},
		PAYMENTSEQUENCE =
		#{record.paymentsequence,jdbcType=VARCHAR},
		OPR_POLICYNUMBER = #{record.oprPolicynumber,jdbcType=VARCHAR},
		OPR_RISKUNITNUMBER =
		#{record.oprRiskunitnumber,jdbcType=VARCHAR},
		OPR_CLAIMNUMBER = #{record.oprClaimnumber,jdbcType=VARCHAR},
		OPR_RECOVERYNUMBER =
		#{record.oprRecoverynumber,jdbcType=VARCHAR},
		OPR_AGGREGATIONCODE = #{record.oprAggregationcode,jdbcType=VARCHAR},
		POR_ID =
		#{record.porId,jdbcType=DECIMAL}
		<if test="_parameter != null">
			<include refid="Update_By_Example_Where_Clause" />
		</if>
	</update>
	<update id="updateByPrimaryKeySelective" parameterType="com.cardif.satelite.model.acsele.OpenItemReference">
		<!-- WARNING - @mbggenerated This element is automatically generated by MyBatis Generator, do not modify. This element was generated on Tue Jun 17 15:34:18 
			COT 2014. -->
		update BRAXTS_CFG.OPENITEMREFERENCE
		<set>
			<if test="openitemid != null">
				OPENITEMID = #{openitemid,jdbcType=DECIMAL},
			</if>
			<if test="policyid != null">
				POLICYID = #{policyid,jdbcType=DECIMAL},
			</if>
			<if test="riskunitid != null">
				RISKUNITID = #{riskunitid,jdbcType=DECIMAL},
			</if>
			<if test="reference != null">
				REFERENCE = #{reference,jdbcType=DECIMAL},
			</if>
			<if test="additionalreference != null">
				ADDITIONALREFERENCE = #{additionalreference,jdbcType=DECIMAL},
			</if>
			<if test="paymentsequence != null">
				PAYMENTSEQUENCE = #{paymentsequence,jdbcType=VARCHAR},
			</if>
			<if test="oprPolicynumber != null">
				OPR_POLICYNUMBER = #{oprPolicynumber,jdbcType=VARCHAR},
			</if>
			<if test="oprRiskunitnumber != null">
				OPR_RISKUNITNUMBER = #{oprRiskunitnumber,jdbcType=VARCHAR},
			</if>
			<if test="oprClaimnumber != null">
				OPR_CLAIMNUMBER = #{oprClaimnumber,jdbcType=VARCHAR},
			</if>
			<if test="oprRecoverynumber != null">
				OPR_RECOVERYNUMBER = #{oprRecoverynumber,jdbcType=VARCHAR},
			</if>
			<if test="oprAggregationcode != null">
				OPR_AGGREGATIONCODE = #{oprAggregationcode,jdbcType=VARCHAR},
			</if>
			<if test="porId != null">
				POR_ID = #{porId,jdbcType=DECIMAL},
			</if>
		</set>
		where OPENITEMREFERENCEID = #{openitemreferenceid,jdbcType=DECIMAL}
	</update>
	<update id="updateByPrimaryKey" parameterType="com.cardif.satelite.model.acsele.OpenItemReference">
		<!-- WARNING - @mbggenerated This element is automatically generated by MyBatis Generator, do not modify. This element was generated on Tue Jun 17 15:34:18 
			COT 2014. -->
		update BRAXTS_CFG.OPENITEMREFERENCE
		set OPENITEMID = #{openitemid,jdbcType=DECIMAL},
		POLICYID = #{policyid,jdbcType=DECIMAL},
		RISKUNITID =
		#{riskunitid,jdbcType=DECIMAL},
		REFERENCE = #{reference,jdbcType=DECIMAL},
		ADDITIONALREFERENCE = #{additionalreference,jdbcType=DECIMAL},
		PAYMENTSEQUENCE = #{paymentsequence,jdbcType=VARCHAR},
		OPR_POLICYNUMBER = #{oprPolicynumber,jdbcType=VARCHAR},
		OPR_RISKUNITNUMBER =
		#{oprRiskunitnumber,jdbcType=VARCHAR},
		OPR_CLAIMNUMBER = #{oprClaimnumber,jdbcType=VARCHAR},
		OPR_RECOVERYNUMBER =
		#{oprRecoverynumber,jdbcType=VARCHAR},
		OPR_AGGREGATIONCODE = #{oprAggregationcode,jdbcType=VARCHAR},
		POR_ID = #{porId,jdbcType=DECIMAL}
		where
		OPENITEMREFERENCEID = #{openitemreferenceid,jdbcType=DECIMAL}
	</update>
</mapper>