<?xml version="1.0" encoding="UTF-8" ?>
<!DOCTYPE mapper PUBLIC "-//mybatis.org//DTD Mapper 3.0//EN" "http://mybatis.org/dtd/mybatis-3-mapper.dtd" >
<mapper namespace="com.cardif.satelite.acsele.dao.OpenItemMapper">
	<resultMap id="BaseResultMap" type="com.cardif.satelite.model.acsele.OpenItem">
		<!-- WARNING - @mbggenerated This element is automatically generated by MyBatis Generator, do not modify. This element was generated on Tue Jun 17 15:34:18 
			COT 2014. -->
		<id column="OPENITEMID" property="openitemid" jdbcType="DECIMAL" />
		<result column="THIRDPARTYID" property="thirdpartyid" jdbcType="DECIMAL" />
		<result column="DTY_ID" property="dtyId" jdbcType="DECIMAL" />
		<result column="OPENITEMDATE" property="openitemdate" jdbcType="DATE" />
		<result column="DOCDATE" property="docdate" jdbcType="DATE" />
		<result column="DATEUSERECIPENT" property="dateuserecipent" jdbcType="DATE" />
		<result column="DUEDATE" property="duedate" jdbcType="DATE" />
		<result column="APPLIEDTO" property="appliedto" jdbcType="DECIMAL" />
		<result column="PARENTOPENITEMID" property="parentopenitemid" jdbcType="DECIMAL" />
		<result column="CURRENCYID" property="currencyid" jdbcType="DECIMAL" />
		<result column="AMOUNT" property="amount" jdbcType="FLOAT" />
		<result column="BALANCE" property="balance" jdbcType="FLOAT" />
		<result column="STATUS" property="status" jdbcType="VARCHAR" />
		<result column="OPERATIONPK" property="operationpk" jdbcType="DECIMAL" />
		<result column="REFERENCETYPE" property="referencetype" jdbcType="DECIMAL" />
		<result column="SAPCURRENCYID" property="sapcurrencyid" jdbcType="DECIMAL" />
		<result column="OPM_SUBSTATUS" property="opmSubstatus" jdbcType="VARCHAR" />
		<result column="OPM_MASTEROPENITEMID" property="opmMasteropenitemid" jdbcType="DECIMAL" />
		<result column="QUOTE" property="quote" jdbcType="DECIMAL" />
		<result column="ROL_ID" property="rolId" jdbcType="DECIMAL" />
	</resultMap>

	<resultMap id="ConsultaResultMap" type="com.cardif.satelite.acsele.bean.ConsultaOpenItem">
		<result column="NUM_POLIZA" property="numPoliza" jdbcType="VARCHAR" />
		<result column="TIPO" property="tipo" jdbcType="VARCHAR" />
		<result column="FECHA" property="fecha" jdbcType="TIMESTAMP" />
		<result column="FEC_VENC" property="fecVenc" jdbcType="TIMESTAMP" />
		<result column="MONTO" property="monto" jdbcType="FLOAT" />
		<result column="MONEDA" property="moneda" jdbcType="VARCHAR" />
	</resultMap>
	<sql id="Example_Where_Clause">
		<!-- WARNING - @mbggenerated This element is automatically generated by MyBatis Generator, do not modify. This element was generated on Tue Jun 17 15:34:18 
			COT 2014. -->
		<where>
			<foreach collection="oredCriteria" item="criteria" separator="or">
				<if test="criteria.valid">
					<trim prefix="(" suffix=")" prefixOverrides="and">
						<foreach collection="criteria.criteria" item="criterion">
							<choose>
								<when test="criterion.noValue">
									and ${criterion.condition}
								</when>
								<when test="criterion.singleValue">
									and ${criterion.condition} #{criterion.value}
								</when>
								<when test="criterion.betweenValue">
									and ${criterion.condition} #{criterion.value} and #{criterion.secondValue}
								</when>
								<when test="criterion.listValue">
									and ${criterion.condition}
									<foreach collection="criterion.value" item="listItem" open="(" close=")" separator=",">
										#{listItem}
									</foreach>
								</when>
							</choose>
						</foreach>
					</trim>
				</if>
			</foreach>
		</where>
	</sql>
	<sql id="Update_By_Example_Where_Clause">
		<!-- WARNING - @mbggenerated This element is automatically generated by MyBatis Generator, do not modify. This element was generated on Tue Jun 17 15:34:18 
			COT 2014. -->
		<where>
			<foreach collection="example.oredCriteria" item="criteria" separator="or">
				<if test="criteria.valid">
					<trim prefix="(" suffix=")" prefixOverrides="and">
						<foreach collection="criteria.criteria" item="criterion">
							<choose>
								<when test="criterion.noValue">
									and ${criterion.condition}
								</when>
								<when test="criterion.singleValue">
									and ${criterion.condition} #{criterion.value}
								</when>
								<when test="criterion.betweenValue">
									and ${criterion.condition} #{criterion.value} and #{criterion.secondValue}
								</when>
								<when test="criterion.listValue">
									and ${criterion.condition}
									<foreach collection="criterion.value" item="listItem" open="(" close=")" separator=",">
										#{listItem}
									</foreach>
								</when>
							</choose>
						</foreach>
					</trim>
				</if>
			</foreach>
		</where>
	</sql>
	<sql id="Base_Column_List">
		<!-- WARNING - @mbggenerated This element is automatically generated by MyBatis Generator, do not modify. This element was generated on Tue Jun 17 15:34:18 
			COT 2014. -->
		OPENITEMID, THIRDPARTYID, DTY_ID, OPENITEMDATE, DOCDATE, DATEUSERECIPENT, DUEDATE,
		APPLIEDTO, PARENTOPENITEMID, CURRENCYID, AMOUNT, BALANCE, STATUS,
		OPERATIONPK, REFERENCETYPE,
		SAPCURRENCYID, OPM_SUBSTATUS, OPM_MASTEROPENITEMID, QUOTE, ROL_ID
	</sql>
	<select id="selectByExample" resultMap="BaseResultMap" parameterType="com.cardif.satelite.model.acsele.OpenItemExample">
		<!-- WARNING - @mbggenerated This element is automatically generated by MyBatis Generator, do not modify. This element was generated on Tue Jun 17 15:34:18 
			COT 2014. -->
		select
		<if test="distinct">
			distinct
		</if>
		<include refid="Base_Column_List" />
		from BRAXTS_CFG.OPENITEM
		<if test="_parameter != null">
			<include refid="Example_Where_Clause" />
		</if>
		<if test="orderByClause != null">
			order by ${orderByClause}
		</if>
	</select>
	<select id="selectByPrimaryKey" resultMap="BaseResultMap" parameterType="java.math.BigDecimal">
		<!-- WARNING - @mbggenerated This element is automatically generated by MyBatis Generator, do not modify. This element was generated on Tue Jun 17 15:34:18 
			COT 2014. -->
		select
		<include refid="Base_Column_List" />
		from BRAXTS_CFG.OPENITEM
		where OPENITEMID = #{openitemid,jdbcType=DECIMAL}
	</select>
	<delete id="deleteByPrimaryKey" parameterType="java.math.BigDecimal">
		<!-- WARNING - @mbggenerated This element is automatically generated by MyBatis Generator, do not modify. This element was generated on Tue Jun 17 15:34:18 
			COT 2014. -->
		delete from BRAXTS_CFG.OPENITEM
		where OPENITEMID = #{openitemid,jdbcType=DECIMAL}
	</delete>
	<delete id="deleteByExample" parameterType="com.cardif.satelite.model.acsele.OpenItemExample">
		<!-- WARNING - @mbggenerated This element is automatically generated by MyBatis Generator, do not modify. This element was generated on Tue Jun 17 15:34:18 
			COT 2014. -->
		delete from BRAXTS_CFG.OPENITEM
		<if test="_parameter != null">
			<include refid="Example_Where_Clause" />
		</if>
	</delete>
	<insert id="insert" parameterType="com.cardif.satelite.model.acsele.OpenItem">
		<!-- WARNING - @mbggenerated This element is automatically generated by MyBatis Generator, do not modify. This element was generated on Tue Jun 17 15:34:18 
			COT 2014. -->
		insert into BRAXTS_CFG.OPENITEM (OPENITEMID, THIRDPARTYID, DTY_ID,
		OPENITEMDATE, DOCDATE, DATEUSERECIPENT,
		DUEDATE, APPLIEDTO, PARENTOPENITEMID,
		CURRENCYID, AMOUNT, BALANCE,
		STATUS, OPERATIONPK, REFERENCETYPE,
		SAPCURRENCYID, OPM_SUBSTATUS, OPM_MASTEROPENITEMID,
		QUOTE, ROL_ID)
		values
		(#{openitemid,jdbcType=DECIMAL}, #{thirdpartyid,jdbcType=DECIMAL}, #{dtyId,jdbcType=DECIMAL},
		#{openitemdate,jdbcType=DATE},
		#{docdate,jdbcType=DATE}, #{dateuserecipent,jdbcType=DATE},
		#{duedate,jdbcType=DATE}, #{appliedto,jdbcType=DECIMAL},
		#{parentopenitemid,jdbcType=DECIMAL},
		#{currencyid,jdbcType=DECIMAL}, #{amount,jdbcType=FLOAT}, #{balance,jdbcType=FLOAT},
		#{status,jdbcType=VARCHAR}, #{operationpk,jdbcType=DECIMAL}, #{referencetype,jdbcType=DECIMAL},
		#{sapcurrencyid,jdbcType=DECIMAL},
		#{opmSubstatus,jdbcType=VARCHAR}, #{opmMasteropenitemid,jdbcType=DECIMAL},
		#{quote,jdbcType=DECIMAL}, #{rolId,jdbcType=DECIMAL})
	</insert>
	<insert id="insertSelective" parameterType="com.cardif.satelite.model.acsele.OpenItem">
		<!-- WARNING - @mbggenerated This element is automatically generated by MyBatis Generator, do not modify. This element was generated on Tue Jun 17 15:34:18 
			COT 2014. -->
		insert into BRAXTS_CFG.OPENITEM
		<trim prefix="(" suffix=")" suffixOverrides=",">
			<if test="openitemid != null">
				OPENITEMID,
			</if>
			<if test="thirdpartyid != null">
				THIRDPARTYID,
			</if>
			<if test="dtyId != null">
				DTY_ID,
			</if>
			<if test="openitemdate != null">
				OPENITEMDATE,
			</if>
			<if test="docdate != null">
				DOCDATE,
			</if>
			<if test="dateuserecipent != null">
				DATEUSERECIPENT,
			</if>
			<if test="duedate != null">
				DUEDATE,
			</if>
			<if test="appliedto != null">
				APPLIEDTO,
			</if>
			<if test="parentopenitemid != null">
				PARENTOPENITEMID,
			</if>
			<if test="currencyid != null">
				CURRENCYID,
			</if>
			<if test="amount != null">
				AMOUNT,
			</if>
			<if test="balance != null">
				BALANCE,
			</if>
			<if test="status != null">
				STATUS,
			</if>
			<if test="operationpk != null">
				OPERATIONPK,
			</if>
			<if test="referencetype != null">
				REFERENCETYPE,
			</if>
			<if test="sapcurrencyid != null">
				SAPCURRENCYID,
			</if>
			<if test="opmSubstatus != null">
				OPM_SUBSTATUS,
			</if>
			<if test="opmMasteropenitemid != null">
				OPM_MASTEROPENITEMID,
			</if>
			<if test="quote != null">
				QUOTE,
			</if>
			<if test="rolId != null">
				ROL_ID,
			</if>
		</trim>
		<trim prefix="values (" suffix=")" suffixOverrides=",">
			<if test="openitemid != null">
				#{openitemid,jdbcType=DECIMAL},
			</if>
			<if test="thirdpartyid != null">
				#{thirdpartyid,jdbcType=DECIMAL},
			</if>
			<if test="dtyId != null">
				#{dtyId,jdbcType=DECIMAL},
			</if>
			<if test="openitemdate != null">
				#{openitemdate,jdbcType=DATE},
			</if>
			<if test="docdate != null">
				#{docdate,jdbcType=DATE},
			</if>
			<if test="dateuserecipent != null">
				#{dateuserecipent,jdbcType=DATE},
			</if>
			<if test="duedate != null">
				#{duedate,jdbcType=DATE},
			</if>
			<if test="appliedto != null">
				#{appliedto,jdbcType=DECIMAL},
			</if>
			<if test="parentopenitemid != null">
				#{parentopenitemid,jdbcType=DECIMAL},
			</if>
			<if test="currencyid != null">
				#{currencyid,jdbcType=DECIMAL},
			</if>
			<if test="amount != null">
				#{amount,jdbcType=FLOAT},
			</if>
			<if test="balance != null">
				#{balance,jdbcType=FLOAT},
			</if>
			<if test="status != null">
				#{status,jdbcType=VARCHAR},
			</if>
			<if test="operationpk != null">
				#{operationpk,jdbcType=DECIMAL},
			</if>
			<if test="referencetype != null">
				#{referencetype,jdbcType=DECIMAL},
			</if>
			<if test="sapcurrencyid != null">
				#{sapcurrencyid,jdbcType=DECIMAL},
			</if>
			<if test="opmSubstatus != null">
				#{opmSubstatus,jdbcType=VARCHAR},
			</if>
			<if test="opmMasteropenitemid != null">
				#{opmMasteropenitemid,jdbcType=DECIMAL},
			</if>
			<if test="quote != null">
				#{quote,jdbcType=DECIMAL},
			</if>
			<if test="rolId != null">
				#{rolId,jdbcType=DECIMAL},
			</if>
		</trim>
	</insert>
	<select id="countByExample" parameterType="com.cardif.satelite.model.acsele.OpenItemExample" resultType="java.lang.Integer">
		<!-- WARNING - @mbggenerated This element is automatically generated by MyBatis Generator, do not modify. This element was generated on Tue Jun 17 15:34:18 
			COT 2014. -->
		select count(*) from BRAXTS_CFG.OPENITEM
		<if test="_parameter != null">
			<include refid="Example_Where_Clause" />
		</if>
	</select>
	<update id="updateByExampleSelective" parameterType="map">
		<!-- WARNING - @mbggenerated This element is automatically generated by MyBatis Generator, do not modify. This element was generated on Tue Jun 17 15:34:18 
			COT 2014. -->
		update BRAXTS_CFG.OPENITEM
		<set>
			<if test="record.openitemid != null">
				OPENITEMID = #{record.openitemid,jdbcType=DECIMAL},
			</if>
			<if test="record.thirdpartyid != null">
				THIRDPARTYID = #{record.thirdpartyid,jdbcType=DECIMAL},
			</if>
			<if test="record.dtyId != null">
				DTY_ID = #{record.dtyId,jdbcType=DECIMAL},
			</if>
			<if test="record.openitemdate != null">
				OPENITEMDATE = #{record.openitemdate,jdbcType=DATE},
			</if>
			<if test="record.docdate != null">
				DOCDATE = #{record.docdate,jdbcType=DATE},
			</if>
			<if test="record.dateuserecipent != null">
				DATEUSERECIPENT = #{record.dateuserecipent,jdbcType=DATE},
			</if>
			<if test="record.duedate != null">
				DUEDATE = #{record.duedate,jdbcType=DATE},
			</if>
			<if test="record.appliedto != null">
				APPLIEDTO = #{record.appliedto,jdbcType=DECIMAL},
			</if>
			<if test="record.parentopenitemid != null">
				PARENTOPENITEMID = #{record.parentopenitemid,jdbcType=DECIMAL},
			</if>
			<if test="record.currencyid != null">
				CURRENCYID = #{record.currencyid,jdbcType=DECIMAL},
			</if>
			<if test="record.amount != null">
				AMOUNT = #{record.amount,jdbcType=FLOAT},
			</if>
			<if test="record.balance != null">
				BALANCE = #{record.balance,jdbcType=FLOAT},
			</if>
			<if test="record.status != null">
				STATUS = #{record.status,jdbcType=VARCHAR},
			</if>
			<if test="record.operationpk != null">
				OPERATIONPK = #{record.operationpk,jdbcType=DECIMAL},
			</if>
			<if test="record.referencetype != null">
				REFERENCETYPE = #{record.referencetype,jdbcType=DECIMAL},
			</if>
			<if test="record.sapcurrencyid != null">
				SAPCURRENCYID = #{record.sapcurrencyid,jdbcType=DECIMAL},
			</if>
			<if test="record.opmSubstatus != null">
				OPM_SUBSTATUS = #{record.opmSubstatus,jdbcType=VARCHAR},
			</if>
			<if test="record.opmMasteropenitemid != null">
				OPM_MASTEROPENITEMID = #{record.opmMasteropenitemid,jdbcType=DECIMAL},
			</if>
			<if test="record.quote != null">
				QUOTE = #{record.quote,jdbcType=DECIMAL},
			</if>
			<if test="record.rolId != null">
				ROL_ID = #{record.rolId,jdbcType=DECIMAL},
			</if>
		</set>
		<if test="_parameter != null">
			<include refid="Update_By_Example_Where_Clause" />
		</if>
	</update>
	<update id="updateByExample" parameterType="map">
		<!-- WARNING - @mbggenerated This element is automatically generated by MyBatis Generator, do not modify. This element was generated on Tue Jun 17 15:34:18 
			COT 2014. -->
		update BRAXTS_CFG.OPENITEM
		set OPENITEMID = #{record.openitemid,jdbcType=DECIMAL},
		THIRDPARTYID = #{record.thirdpartyid,jdbcType=DECIMAL},
		DTY_ID =
		#{record.dtyId,jdbcType=DECIMAL},
		OPENITEMDATE = #{record.openitemdate,jdbcType=DATE},
		DOCDATE = #{record.docdate,jdbcType=DATE},
		DATEUSERECIPENT =
		#{record.dateuserecipent,jdbcType=DATE},
		DUEDATE = #{record.duedate,jdbcType=DATE},
		APPLIEDTO = #{record.appliedto,jdbcType=DECIMAL},
		PARENTOPENITEMID
		= #{record.parentopenitemid,jdbcType=DECIMAL},
		CURRENCYID = #{record.currencyid,jdbcType=DECIMAL},
		AMOUNT = #{record.amount,jdbcType=FLOAT},
		BALANCE =
		#{record.balance,jdbcType=FLOAT},
		STATUS = #{record.status,jdbcType=VARCHAR},
		OPERATIONPK = #{record.operationpk,jdbcType=DECIMAL},
		REFERENCETYPE =
		#{record.referencetype,jdbcType=DECIMAL},
		SAPCURRENCYID = #{record.sapcurrencyid,jdbcType=DECIMAL},
		OPM_SUBSTATUS =
		#{record.opmSubstatus,jdbcType=VARCHAR},
		OPM_MASTEROPENITEMID = #{record.opmMasteropenitemid,jdbcType=DECIMAL},
		QUOTE =
		#{record.quote,jdbcType=DECIMAL},
		ROL_ID = #{record.rolId,jdbcType=DECIMAL}
		<if test="_parameter != null">
			<include refid="Update_By_Example_Where_Clause" />
		</if>
	</update>
	<update id="updateByPrimaryKeySelective" parameterType="com.cardif.satelite.model.acsele.OpenItem">
		<!-- WARNING - @mbggenerated This element is automatically generated by MyBatis Generator, do not modify. This element was generated on Tue Jun 17 15:34:18 
			COT 2014. -->
		update BRAXTS_CFG.OPENITEM
		<set>
			<if test="thirdpartyid != null">
				THIRDPARTYID = #{thirdpartyid,jdbcType=DECIMAL},
			</if>
			<if test="dtyId != null">
				DTY_ID = #{dtyId,jdbcType=DECIMAL},
			</if>
			<if test="openitemdate != null">
				OPENITEMDATE = #{openitemdate,jdbcType=DATE},
			</if>
			<if test="docdate != null">
				DOCDATE = #{docdate,jdbcType=DATE},
			</if>
			<if test="dateuserecipent != null">
				DATEUSERECIPENT = #{dateuserecipent,jdbcType=DATE},
			</if>
			<if test="duedate != null">
				DUEDATE = #{duedate,jdbcType=DATE},
			</if>
			<if test="appliedto != null">
				APPLIEDTO = #{appliedto,jdbcType=DECIMAL},
			</if>
			<if test="parentopenitemid != null">
				PARENTOPENITEMID = #{parentopenitemid,jdbcType=DECIMAL},
			</if>
			<if test="currencyid != null">
				CURRENCYID = #{currencyid,jdbcType=DECIMAL},
			</if>
			<if test="amount != null">
				AMOUNT = #{amount,jdbcType=FLOAT},
			</if>
			<if test="balance != null">
				BALANCE = #{balance,jdbcType=FLOAT},
			</if>
			<if test="status != null">
				STATUS = #{status,jdbcType=VARCHAR},
			</if>
			<if test="operationpk != null">
				OPERATIONPK = #{operationpk,jdbcType=DECIMAL},
			</if>
			<if test="referencetype != null">
				REFERENCETYPE = #{referencetype,jdbcType=DECIMAL},
			</if>
			<if test="sapcurrencyid != null">
				SAPCURRENCYID = #{sapcurrencyid,jdbcType=DECIMAL},
			</if>
			<if test="opmSubstatus != null">
				OPM_SUBSTATUS = #{opmSubstatus,jdbcType=VARCHAR},
			</if>
			<if test="opmMasteropenitemid != null">
				OPM_MASTEROPENITEMID = #{opmMasteropenitemid,jdbcType=DECIMAL},
			</if>
			<if test="quote != null">
				QUOTE = #{quote,jdbcType=DECIMAL},
			</if>
			<if test="rolId != null">
				ROL_ID = #{rolId,jdbcType=DECIMAL},
			</if>
		</set>
		where OPENITEMID = #{openitemid,jdbcType=DECIMAL}
	</update>
	<update id="updateByPrimaryKey" parameterType="com.cardif.satelite.model.acsele.OpenItem">
		<!-- WARNING - @mbggenerated This element is automatically generated by MyBatis Generator, do not modify. This element was generated on Tue Jun 17 15:34:18 
			COT 2014. -->
		update BRAXTS_CFG.OPENITEM
		set THIRDPARTYID = #{thirdpartyid,jdbcType=DECIMAL},
		DTY_ID = #{dtyId,jdbcType=DECIMAL},
		OPENITEMDATE =
		#{openitemdate,jdbcType=DATE},
		DOCDATE = #{docdate,jdbcType=DATE},
		DATEUSERECIPENT = #{dateuserecipent,jdbcType=DATE},
		DUEDATE =
		#{duedate,jdbcType=DATE},
		APPLIEDTO = #{appliedto,jdbcType=DECIMAL},
		PARENTOPENITEMID = #{parentopenitemid,jdbcType=DECIMAL},
		CURRENCYID =
		#{currencyid,jdbcType=DECIMAL},
		AMOUNT = #{amount,jdbcType=FLOAT},
		BALANCE = #{balance,jdbcType=FLOAT},
		STATUS = #{status,jdbcType=VARCHAR},
		OPERATIONPK = #{operationpk,jdbcType=DECIMAL},
		REFERENCETYPE = #{referencetype,jdbcType=DECIMAL},
		SAPCURRENCYID = #{sapcurrencyid,jdbcType=DECIMAL},
		OPM_SUBSTATUS = #{opmSubstatus,jdbcType=VARCHAR},
		OPM_MASTEROPENITEMID = #{opmMasteropenitemid,jdbcType=DECIMAL},
		QUOTE = #{quote,jdbcType=DECIMAL},
		ROL_ID = #{rolId,jdbcType=DECIMAL}
		where OPENITEMID = #{openitemid,jdbcType=DECIMAL}
	</update>
</mapper>