<?xml version="1.0" encoding="UTF-8"?>
<!DOCTYPE mapper PUBLIC "-//mybatis.org//DTD Mapper 3.0//EN" "http://mybatis.org/dtd/mybatis-3-mapper.dtd">
<mapper namespace="com.cardif.satelite.acsele.dao.ProductMapper">
	<resultMap id="BaseResultMap" type="com.cardif.satelite.model.acsele.Product">
		<!-- WARNING - @mbggenerated This element is automatically generated by MyBatis Generator, do not modify. This element was generated on Tue Jun 17 15:34:18 
			COT 2014. -->
		<id column="PRODUCTID" jdbcType="DECIMAL" property="productid" />
		<result column="PRODUCTTYPE" jdbcType="DECIMAL" property="producttype" />
		<result column="COTRISKUNITID" jdbcType="DECIMAL" property="cotriskunitid" />
		<result column="DESCRIPTION" jdbcType="VARCHAR" property="description" />
		<result column="PRO_PUBLISHEDDATE" jdbcType="DATE" property="proPublisheddate" />
		<result column="PRO_CLOSEDDATE" jdbcType="DATE" property="proCloseddate" />
		<result column="PRO_VERSIONID" jdbcType="DECIMAL" property="proVersionid" />
		<result column="PRO_DCOID" jdbcType="DECIMAL" property="proDcoid" />
		<result column="PRO_PARENTID" jdbcType="DECIMAL" property="proParentid" />
		<result column="PRO_RUHIERARCHYSTATE" jdbcType="DECIMAL" property="proRuhierarchystate" />
		<result column="PRO_HIERARCHYSTATE" jdbcType="DECIMAL" property="proHierarchystate" />
		<result column="PRO_DELEGATIONLEVEL" jdbcType="DECIMAL" property="proDelegationlevel" />
		<result column="PRO_ISCOMMERCIAL" jdbcType="DECIMAL" property="proIscommercial" />
		<result column="PRO_STATEID" jdbcType="DECIMAL" property="proStateid" />
		<result column="PRO_PREMIUMMANAGEMENT" jdbcType="DECIMAL" property="proPremiummanagement" />
	</resultMap>
	<sql id="Example_Where_Clause">
		<!-- WARNING - @mbggenerated This element is automatically generated by MyBatis Generator, do not modify. This element was generated on Tue Jun 17 15:34:18 
			COT 2014. -->
		<where>
			<foreach collection="oredCriteria" item="criteria" separator="or">
				<if test="criteria.valid">
					<trim prefix="(" prefixOverrides="and" suffix=")">
						<foreach collection="criteria.criteria" item="criterion">
							<choose>
								<when test="criterion.noValue">
									and ${criterion.condition}
								</when>
								<when test="criterion.singleValue">
									and ${criterion.condition} #{criterion.value}
								</when>
								<when test="criterion.betweenValue">
									and ${criterion.condition} #{criterion.value} and #{criterion.secondValue}
								</when>
								<when test="criterion.listValue">
									and ${criterion.condition}
									<foreach close=")" collection="criterion.value" item="listItem" open="(" separator=",">
										#{listItem}
									</foreach>
								</when>
							</choose>
						</foreach>
					</trim>
				</if>
			</foreach>
		</where>
	</sql>
	<sql id="Update_By_Example_Where_Clause">
		<!-- WARNING - @mbggenerated This element is automatically generated by MyBatis Generator, do not modify. This element was generated on Tue Jun 17 15:34:18 
			COT 2014. -->
		<where>
			<foreach collection="example.oredCriteria" item="criteria" separator="or">
				<if test="criteria.valid">
					<trim prefix="(" prefixOverrides="and" suffix=")">
						<foreach collection="criteria.criteria" item="criterion">
							<choose>
								<when test="criterion.noValue">
									and ${criterion.condition}
								</when>
								<when test="criterion.singleValue">
									and ${criterion.condition} #{criterion.value}
								</when>
								<when test="criterion.betweenValue">
									and ${criterion.condition} #{criterion.value} and #{criterion.secondValue}
								</when>
								<when test="criterion.listValue">
									and ${criterion.condition}
									<foreach close=")" collection="criterion.value" item="listItem" open="(" separator=",">
										#{listItem}
									</foreach>
								</when>
							</choose>
						</foreach>
					</trim>
				</if>
			</foreach>
		</where>
	</sql>
	<sql id="Base_Column_List">
		<!-- WARNING - @mbggenerated This element is automatically generated by MyBatis Generator, do not modify. This element was generated on Tue Jun 17 15:34:18 
			COT 2014. -->
		PRODUCTID, PRODUCTTYPE, COTRISKUNITID, DESCRIPTION, PRO_PUBLISHEDDATE, PRO_CLOSEDDATE,
		PRO_VERSIONID, PRO_DCOID, PRO_PARENTID, PRO_RUHIERARCHYSTATE,
		PRO_HIERARCHYSTATE,
		PRO_DELEGATIONLEVEL, PRO_ISCOMMERCIAL, PRO_STATEID, PRO_PREMIUMMANAGEMENT
	</sql>
	<select id="selectByExample" parameterType="com.cardif.satelite.model.acsele.ProductExample" resultMap="BaseResultMap">
		<!-- WARNING - @mbggenerated This element is automatically generated by MyBatis Generator, do not modify. This element was generated on Tue Jun 17 15:34:18 
			COT 2014. -->
		select
		<if test="distinct">
			distinct
		</if>
		<include refid="Base_Column_List" />
		from BRAXTS_CFG.PRODUCT
		<if test="_parameter != null">
			<include refid="Example_Where_Clause" />
		</if>
		<if test="orderByClause != null">
			order by ${orderByClause}
		</if>
	</select>
	<select id="selectByPrimaryKey" parameterType="java.math.BigDecimal" resultMap="BaseResultMap">
		<!-- WARNING - @mbggenerated This element is automatically generated by MyBatis Generator, do not modify. This element was generated on Tue Jun 17 15:34:18 
			COT 2014. -->
		select
		<include refid="Base_Column_List" />
		from BRAXTS_CFG.PRODUCT
		where PRODUCTID = #{productid,jdbcType=DECIMAL}
	</select>
	<delete id="deleteByPrimaryKey" parameterType="java.math.BigDecimal">
		<!-- WARNING - @mbggenerated This element is automatically generated by MyBatis Generator, do not modify. This element was generated on Tue Jun 17 15:34:18 
			COT 2014. -->
		delete from BRAXTS_CFG.PRODUCT
		where PRODUCTID = #{productid,jdbcType=DECIMAL}
	</delete>
	<delete id="deleteByExample" parameterType="com.cardif.satelite.model.acsele.ProductExample">
		<!-- WARNING - @mbggenerated This element is automatically generated by MyBatis Generator, do not modify. This element was generated on Tue Jun 17 15:34:18 
			COT 2014. -->
		delete from BRAXTS_CFG.PRODUCT
		<if test="_parameter != null">
			<include refid="Example_Where_Clause" />
		</if>
	</delete>
	<insert id="insert" parameterType="com.cardif.satelite.model.acsele.Product">
		<!-- WARNING - @mbggenerated This element is automatically generated by MyBatis Generator, do not modify. This element was generated on Tue Jun 17 15:34:18 
			COT 2014. -->
		insert into BRAXTS_CFG.PRODUCT (PRODUCTID, PRODUCTTYPE, COTRISKUNITID,
		DESCRIPTION, PRO_PUBLISHEDDATE, PRO_CLOSEDDATE,
		PRO_VERSIONID, PRO_DCOID,
		PRO_PARENTID,
		PRO_RUHIERARCHYSTATE, PRO_HIERARCHYSTATE,
		PRO_DELEGATIONLEVEL, PRO_ISCOMMERCIAL, PRO_STATEID,
		PRO_PREMIUMMANAGEMENT)
		values
		(#{productid,jdbcType=DECIMAL}, #{producttype,jdbcType=DECIMAL}, #{cotriskunitid,jdbcType=DECIMAL},
		#{description,jdbcType=VARCHAR},
		#{proPublisheddate,jdbcType=DATE}, #{proCloseddate,jdbcType=DATE},
		#{proVersionid,jdbcType=DECIMAL}, #{proDcoid,jdbcType=DECIMAL},
		#{proParentid,jdbcType=DECIMAL},
		#{proRuhierarchystate,jdbcType=DECIMAL}, #{proHierarchystate,jdbcType=DECIMAL},
		#{proDelegationlevel,jdbcType=DECIMAL}, #{proIscommercial,jdbcType=DECIMAL}, #{proStateid,jdbcType=DECIMAL},
		#{proPremiummanagement,jdbcType=DECIMAL})
	</insert>
	<insert id="insertSelective" parameterType="com.cardif.satelite.model.acsele.Product">
		<!-- WARNING - @mbggenerated This element is automatically generated by MyBatis Generator, do not modify. This element was generated on Tue Jun 17 15:34:18 
			COT 2014. -->
		insert into BRAXTS_CFG.PRODUCT
		<trim prefix="(" suffix=")" suffixOverrides=",">
			<if test="productid != null">
				PRODUCTID,
			</if>
			<if test="producttype != null">
				PRODUCTTYPE,
			</if>
			<if test="cotriskunitid != null">
				COTRISKUNITID,
			</if>
			<if test="description != null">
				DESCRIPTION,
			</if>
			<if test="proPublisheddate != null">
				PRO_PUBLISHEDDATE,
			</if>
			<if test="proCloseddate != null">
				PRO_CLOSEDDATE,
			</if>
			<if test="proVersionid != null">
				PRO_VERSIONID,
			</if>
			<if test="proDcoid != null">
				PRO_DCOID,
			</if>
			<if test="proParentid != null">
				PRO_PARENTID,
			</if>
			<if test="proRuhierarchystate != null">
				PRO_RUHIERARCHYSTATE,
			</if>
			<if test="proHierarchystate != null">
				PRO_HIERARCHYSTATE,
			</if>
			<if test="proDelegationlevel != null">
				PRO_DELEGATIONLEVEL,
			</if>
			<if test="proIscommercial != null">
				PRO_ISCOMMERCIAL,
			</if>
			<if test="proStateid != null">
				PRO_STATEID,
			</if>
			<if test="proPremiummanagement != null">
				PRO_PREMIUMMANAGEMENT,
			</if>
		</trim>
		<trim prefix="values (" suffix=")" suffixOverrides=",">
			<if test="productid != null">
				#{productid,jdbcType=DECIMAL},
			</if>
			<if test="producttype != null">
				#{producttype,jdbcType=DECIMAL},
			</if>
			<if test="cotriskunitid != null">
				#{cotriskunitid,jdbcType=DECIMAL},
			</if>
			<if test="description != null">
				#{description,jdbcType=VARCHAR},
			</if>
			<if test="proPublisheddate != null">
				#{proPublisheddate,jdbcType=DATE},
			</if>
			<if test="proCloseddate != null">
				#{proCloseddate,jdbcType=DATE},
			</if>
			<if test="proVersionid != null">
				#{proVersionid,jdbcType=DECIMAL},
			</if>
			<if test="proDcoid != null">
				#{proDcoid,jdbcType=DECIMAL},
			</if>
			<if test="proParentid != null">
				#{proParentid,jdbcType=DECIMAL},
			</if>
			<if test="proRuhierarchystate != null">
				#{proRuhierarchystate,jdbcType=DECIMAL},
			</if>
			<if test="proHierarchystate != null">
				#{proHierarchystate,jdbcType=DECIMAL},
			</if>
			<if test="proDelegationlevel != null">
				#{proDelegationlevel,jdbcType=DECIMAL},
			</if>
			<if test="proIscommercial != null">
				#{proIscommercial,jdbcType=DECIMAL},
			</if>
			<if test="proStateid != null">
				#{proStateid,jdbcType=DECIMAL},
			</if>
			<if test="proPremiummanagement != null">
				#{proPremiummanagement,jdbcType=DECIMAL},
			</if>
		</trim>
	</insert>
	<select id="countByExample" parameterType="com.cardif.satelite.model.acsele.ProductExample" resultType="java.lang.Integer">
		<!-- WARNING - @mbggenerated This element is automatically generated by MyBatis Generator, do not modify. This element was generated on Tue Jun 17 15:34:18 
			COT 2014. -->
		select count(*) from BRAXTS_CFG.PRODUCT
		<if test="_parameter != null">
			<include refid="Example_Where_Clause" />
		</if>
	</select>
	<update id="updateByExampleSelective" parameterType="map">
		<!-- WARNING - @mbggenerated This element is automatically generated by MyBatis Generator, do not modify. This element was generated on Tue Jun 17 15:34:18 
			COT 2014. -->
		update BRAXTS_CFG.PRODUCT
		<set>
			<if test="record.productid != null">
				PRODUCTID = #{record.productid,jdbcType=DECIMAL},
			</if>
			<if test="record.producttype != null">
				PRODUCTTYPE = #{record.producttype,jdbcType=DECIMAL},
			</if>
			<if test="record.cotriskunitid != null">
				COTRISKUNITID = #{record.cotriskunitid,jdbcType=DECIMAL},
			</if>
			<if test="record.description != null">
				DESCRIPTION = #{record.description,jdbcType=VARCHAR},
			</if>
			<if test="record.proPublisheddate != null">
				PRO_PUBLISHEDDATE = #{record.proPublisheddate,jdbcType=DATE},
			</if>
			<if test="record.proCloseddate != null">
				PRO_CLOSEDDATE = #{record.proCloseddate,jdbcType=DATE},
			</if>
			<if test="record.proVersionid != null">
				PRO_VERSIONID = #{record.proVersionid,jdbcType=DECIMAL},
			</if>
			<if test="record.proDcoid != null">
				PRO_DCOID = #{record.proDcoid,jdbcType=DECIMAL},
			</if>
			<if test="record.proParentid != null">
				PRO_PARENTID = #{record.proParentid,jdbcType=DECIMAL},
			</if>
			<if test="record.proRuhierarchystate != null">
				PRO_RUHIERARCHYSTATE = #{record.proRuhierarchystate,jdbcType=DECIMAL},
			</if>
			<if test="record.proHierarchystate != null">
				PRO_HIERARCHYSTATE = #{record.proHierarchystate,jdbcType=DECIMAL},
			</if>
			<if test="record.proDelegationlevel != null">
				PRO_DELEGATIONLEVEL = #{record.proDelegationlevel,jdbcType=DECIMAL},
			</if>
			<if test="record.proIscommercial != null">
				PRO_ISCOMMERCIAL = #{record.proIscommercial,jdbcType=DECIMAL},
			</if>
			<if test="record.proStateid != null">
				PRO_STATEID = #{record.proStateid,jdbcType=DECIMAL},
			</if>
			<if test="record.proPremiummanagement != null">
				PRO_PREMIUMMANAGEMENT = #{record.proPremiummanagement,jdbcType=DECIMAL},
			</if>
		</set>
		<if test="_parameter != null">
			<include refid="Update_By_Example_Where_Clause" />
		</if>
	</update>
	<update id="updateByExample" parameterType="map">
		<!-- WARNING - @mbggenerated This element is automatically generated by MyBatis Generator, do not modify. This element was generated on Tue Jun 17 15:34:18 
			COT 2014. -->
		update BRAXTS_CFG.PRODUCT
		set PRODUCTID = #{record.productid,jdbcType=DECIMAL},
		PRODUCTTYPE = #{record.producttype,jdbcType=DECIMAL},
		COTRISKUNITID =
		#{record.cotriskunitid,jdbcType=DECIMAL},
		DESCRIPTION = #{record.description,jdbcType=VARCHAR},
		PRO_PUBLISHEDDATE =
		#{record.proPublisheddate,jdbcType=DATE},
		PRO_CLOSEDDATE = #{record.proCloseddate,jdbcType=DATE},
		PRO_VERSIONID =
		#{record.proVersionid,jdbcType=DECIMAL},
		PRO_DCOID = #{record.proDcoid,jdbcType=DECIMAL},
		PRO_PARENTID = #{record.proParentid,jdbcType=DECIMAL},
		PRO_RUHIERARCHYSTATE = #{record.proRuhierarchystate,jdbcType=DECIMAL},
		PRO_HIERARCHYSTATE = #{record.proHierarchystate,jdbcType=DECIMAL},
		PRO_DELEGATIONLEVEL = #{record.proDelegationlevel,jdbcType=DECIMAL},
		PRO_ISCOMMERCIAL = #{record.proIscommercial,jdbcType=DECIMAL},
		PRO_STATEID =
		#{record.proStateid,jdbcType=DECIMAL},
		PRO_PREMIUMMANAGEMENT = #{record.proPremiummanagement,jdbcType=DECIMAL}
		<if test="_parameter != null">
			<include refid="Update_By_Example_Where_Clause" />
		</if>
	</update>
	<update id="updateByPrimaryKeySelective" parameterType="com.cardif.satelite.model.acsele.Product">
		<!-- WARNING - @mbggenerated This element is automatically generated by MyBatis Generator, do not modify. This element was generated on Tue Jun 17 15:34:18 
			COT 2014. -->
		update BRAXTS_CFG.PRODUCT
		<set>
			<if test="producttype != null">
				PRODUCTTYPE = #{producttype,jdbcType=DECIMAL},
			</if>
			<if test="cotriskunitid != null">
				COTRISKUNITID = #{cotriskunitid,jdbcType=DECIMAL},
			</if>
			<if test="description != null">
				DESCRIPTION = #{description,jdbcType=VARCHAR},
			</if>
			<if test="proPublisheddate != null">
				PRO_PUBLISHEDDATE = #{proPublisheddate,jdbcType=DATE},
			</if>
			<if test="proCloseddate != null">
				PRO_CLOSEDDATE = #{proCloseddate,jdbcType=DATE},
			</if>
			<if test="proVersionid != null">
				PRO_VERSIONID = #{proVersionid,jdbcType=DECIMAL},
			</if>
			<if test="proDcoid != null">
				PRO_DCOID = #{proDcoid,jdbcType=DECIMAL},
			</if>
			<if test="proParentid != null">
				PRO_PARENTID = #{proParentid,jdbcType=DECIMAL},
			</if>
			<if test="proRuhierarchystate != null">
				PRO_RUHIERARCHYSTATE = #{proRuhierarchystate,jdbcType=DECIMAL},
			</if>
			<if test="proHierarchystate != null">
				PRO_HIERARCHYSTATE = #{proHierarchystate,jdbcType=DECIMAL},
			</if>
			<if test="proDelegationlevel != null">
				PRO_DELEGATIONLEVEL = #{proDelegationlevel,jdbcType=DECIMAL},
			</if>
			<if test="proIscommercial != null">
				PRO_ISCOMMERCIAL = #{proIscommercial,jdbcType=DECIMAL},
			</if>
			<if test="proStateid != null">
				PRO_STATEID = #{proStateid,jdbcType=DECIMAL},
			</if>
			<if test="proPremiummanagement != null">
				PRO_PREMIUMMANAGEMENT = #{proPremiummanagement,jdbcType=DECIMAL},
			</if>
		</set>
		where PRODUCTID = #{productid,jdbcType=DECIMAL}
	</update>
	<update id="updateByPrimaryKey" parameterType="com.cardif.satelite.model.acsele.Product">
		<!-- WARNING - @mbggenerated This element is automatically generated by MyBatis Generator, do not modify. This element was generated on Tue Jun 17 15:34:18 
			COT 2014. -->
		update BRAXTS_CFG.PRODUCT
		set PRODUCTTYPE = #{producttype,jdbcType=DECIMAL},
		COTRISKUNITID = #{cotriskunitid,jdbcType=DECIMAL},
		DESCRIPTION =
		#{description,jdbcType=VARCHAR},
		PRO_PUBLISHEDDATE = #{proPublisheddate,jdbcType=DATE},
		PRO_CLOSEDDATE = #{proCloseddate,jdbcType=DATE},
		PRO_VERSIONID
		= #{proVersionid,jdbcType=DECIMAL},
		PRO_DCOID = #{proDcoid,jdbcType=DECIMAL},
		PRO_PARENTID = #{proParentid,jdbcType=DECIMAL},
		PRO_RUHIERARCHYSTATE =
		#{proRuhierarchystate,jdbcType=DECIMAL},
		PRO_HIERARCHYSTATE = #{proHierarchystate,jdbcType=DECIMAL},
		PRO_DELEGATIONLEVEL =
		#{proDelegationlevel,jdbcType=DECIMAL},
		PRO_ISCOMMERCIAL = #{proIscommercial,jdbcType=DECIMAL},
		PRO_STATEID = #{proStateid,jdbcType=DECIMAL},
		PRO_PREMIUMMANAGEMENT = #{proPremiummanagement,jdbcType=DECIMAL}
		where PRODUCTID = #{productid,jdbcType=DECIMAL}
	</update>
</mapper>