<?xml version="1.0" encoding="UTF-8"?>
<!DOCTYPE mapper PUBLIC "-//mybatis.org//DTD Mapper 3.0//EN" "http://mybatis.org/dtd/mybatis-3-mapper.dtd" >
<mapper namespace="com.cardif.satelite.reportesbs.dao.AsientosMapper">

	<resultMap id="rmAsiento"
		type="com.cardif.satelite.reportesbs.bean.AsientoBean">
		<result column="cod_proceso_archivo" jdbcType="NUMERIC"
			property="codProcesoArchivo" />
		<result column="bo" jdbcType="NUMERIC" property="bo" />
		<result column="planilla" jdbcType="NVARCHAR" property="planilla" />
		<result column="periodo_movimiento" jdbcType="NUMERIC"
			property="periodoMovimiento" />
		<result column="asiento_gen" jdbcType="NUMERIC" property="asientoGen" />
		<result column="asiento_pago" jdbcType="NUMERIC" property="asientoPago" />
		<result column="asiento_rev" jdbcType="NUMERIC" property="asientoRev" />
		<result column="estado_asiento" jdbcType="NVARCHAR" property="estadoAsiento" />
		<result column="anio" jdbcType="NVARCHAR" property="anioPeriodo" />
		<result column="mes" jdbcType="NVARCHAR" property="mesPeriodo" />
		<result column="estado" jdbcType="NVARCHAR" property="estadoPeriodo" />
		<result column="bo_planilla_" jdbcType="NVARCHAR" property="bo_" />
		<result column="nom_empresa" jdbcType="NVARCHAR" property="nomEmpresa" />
		<result column="nom_socio" jdbcType="NVARCHAR" property="nomSocio" />
		<result column="producto" jdbcType="NVARCHAR" property="producto" />
		<result column="tipo_diario" jdbcType="NVARCHAR" property="tipoDiario" />
		<result column="num_diario" jdbcType="NVARCHAR" property="numDiario" />
		<result column="asiento_gen_dependencia" jdbcType="NVARCHAR"
			property="asientoGenDependencia" />
		<result column="asiento_rev_dependencia" jdbcType="NVARCHAR"
			property="asientoRevDependencia" />
		<result column="codParamAnexo" jdbcType="NVARCHAR" property="codParamAnexo" />
		<result column="FEC_ASIENTO_GEN" jdbcType="DATE" property="fecAsientoGen" />
	</resultMap>

	<select id="listarAsientos" parameterType="com.cardif.satelite.reportesbs.bean.AsientoBean"
		resultMap="rmAsiento">
		SELECT
		coa.cod_proceso_archivo, coa.bo, coa.planilla,
		coa.periodo_movimiento, coa.asiento_gen,
		coa.asiento_pago,
		coa.asiento_rev, coa.asiento_gen_dependencia
		FROM
		carga_operaciones_asiento coa
		WHERE
		1=1
		<if test="codProcesoArchivo != 0">
			and coa.cod_proceso_archivo = #{codProcesoArchivo,
			jdbcType=NUMERIC}
		</if>
		<if test="bo != 0">
			and coa.bo = #{bo, jdbcType=NUMERIC}
		</if>
		<if test="planilla != null">
			and coa.planilla = #{planilla, jdbcType=NVARCHAR}
		</if>
		<if test="periodoMovimiento != 0">
			and coa.periodo_movimiento = #{periodoMovimiento,
			jdbcType=NUMERIC}
		</if>
		<if test="asientoGen != 0">
			and coa.asiento_gen = #{asientoGen, jdbcType=NUMERIC}
		</if>
		<if test="asientoPago != 0">
			and coa.asiento_pago = #{asientoPago, jdbcType=NUMERIC}
		</if>
		<if test="asientoRev != 0">
			and coa.asiento_rev = #{asientoPago, jdbcType=NUMERIC}
		</if>
		<if test="estadoAsiento != null">
			and estado_asiento = #{estadoAsiento,jdbcType=VARCHAR}
		</if>
	</select>

	<insert id="insertaAsientos" parameterType="com.cardif.satelite.reportesbs.bean.AsientoBean">
		INSERT INTO
		carga_operaciones_asiento(
		cod_proceso_archivo, bo, planilla,
		periodo_movimiento,
		asiento_gen, fec_asiento_gen, usu_crea_asiento_gen,
		asiento_pago, fec_asiento_pago, usu_crea_asiento_pago,
		asiento_rev,
		fec_asiento_rev, usu_crea_asiento_rev,
		estado_asiento, nom_socio,
		producto, asiento_gen_dependencia,
		asiento_rev_dependencia, nom_empresa
		)
		VALUES(
		#{codProcesoArchivo, jdbcType=NUMERIC},
		#{bo,
		jdbcType=NUMERIC},
		#{planilla, jdbcType=VARCHAR},
		#{periodoMovimiento,
		jdbcType=NUMERIC},
		#{asientoGen, jdbcType=NUMERIC},
		#{fecAsientoGen,
		jdbcType=DATE},
		#{usuCreaAsientoGen, jdbcType=VARCHAR},
		#{asientoPago,
		jdbcType=NUMERIC},
		#{fecAsientoPago, jdbcType=DATE},
		#{usuCreaAsientoPago, jdbcType=VARCHAR},
		#{asientoRev,
		jdbcType=NUMERIC},
		#{fecAsientoRev, jdbcType=DATE},
		#{usuCreaAsientoRev, jdbcType=VARCHAR},
		#{estadoAsiento,
		jdbcType=VARCHAR},
		#{nomSocio, jdbcType=VARCHAR},
		#{producto,
		jdbcType=VARCHAR},
		#{asientoGenDependencia, jdbcType=NUMERIC},
		#{asientoRevDependencia, jdbcType=NUMERIC},
		#{nomEmpresa,
		jdbcType=VARCHAR}
		)
	</insert>

	<update id="actualizaAsientos" parameterType="com.cardif.satelite.reportesbs.bean.AsientoBean">
		update carga_operaciones_asiento
		<set>
			<if test="asientoGen != 0">
				asiento_gen = #{asientoGen,jdbcType=NUMERIC},
			</if>
			<if test="fecAsientoGen != null">
				fec_asiento_gen = #{fecAsientoGen,jdbcType=DATE},
			</if>
			<if test="usuCreaAsientoGen != null">
				usu_crea_asiento_gen =
				#{usuCreaAsientoGen,jdbcType=VARCHAR},
			</if>
			<if test="asientoPago != 0">
				asiento_pago = #{asientoPago,jdbcType=NUMERIC},
			</if>
			<if test="fecAsientoPago != null">
				fec_asiento_pago = #{fecAsientoPago,jdbcType=DATE},
			</if>
			<if test="usuCreaAsientoPago != null">
				usu_crea_asiento_pago =
				#{usuCreaAsientoPago,jdbcType=VARCHAR},
			</if>
			<if test="asientoRev != 0">
				asiento_rev = #{asientoRev,jdbcType=NUMERIC},
			</if>
			<if test="fecAsientoRev != null">
				fec_asiento_rev = #{fecAsientoRev,jdbcType=DATE},
			</if>
			<if test="usuCreaAsientoRev != null">
				usu_crea_asiento_rev =
				#{usuCreaAsientoRev,jdbcType=VARCHAR},
			</if>
			<if test="estadoAsiento != null">
				estado_asiento = #{estadoAsiento,jdbcType=VARCHAR},
			</if>
			<if test="asientoGenDependencia != 0">
				asiento_gen_dependencia =
				#{asientoGenDependencia,jdbcType=NUMERIC},
			</if>
			<if test="asientoRevDependencia != 0">
				asiento_rev_dependencia =
				#{asientoRevDependencia,jdbcType=NUMERIC},
			</if>
			<if test="tipoDiario != null">
				tipo_diario = #{tipoDiario,jdbcType=VARCHAR}
			</if>

		</set>
		where cod_proceso_archivo is not null
		<if test="bo != 0">
			and bo = #{bo, jdbcType=NUMERIC}
		</if>
		<if test="planilla != null">
			and planilla = #{planilla, jdbcType=NVARCHAR}
		</if>
		<if test="periodoMovimiento != 0">
			and periodo_movimiento = #{periodoMovimiento,
			jdbcType=NUMERIC}
		</if>
	</update>

	<select id="listarAsientosMantenimiento" parameterType="com.cardif.satelite.reportesbs.bean.AsientoBean"
		resultMap="rmAsiento">
		SELECT DISTINCT
		COA.COD_PROCESO_ARCHIVO,
		PO.ANIO,
		DECODE(PO.MES,1,'Enero',
		2,'Febrero',
		3,'Marzo',
		4,'Abril',
		5,'Mayo',
		6,'Junio',
		7,'Julio',
		8,'Agosto',
		9,'Septiembre',
		10,'Octubre',
		11,'Noviembre',
		12,'Diciembre') AS MES,
		DECODE(PO.ESTADO,'PEABI','Abierto',
		'PECER','Cerrado',
		'PEREA','Re
		Abierto') AS ESTADO,
		DECODE(COA.BO,0,CONCAT('PL_',COA.PLANILLA),CONCAT('BO_',CAST(COA.BO AS
		VARCHAR2(20 BYTE)))) AS BO_PLANILLA_,
		COA.NOM_EMPRESA,
		COA.NOM_SOCIO,
		COA.PRODUCTO,
		COA.TIPO_DIARIO,
		DECODE(COA.ESTADO_ASIENTO,'ASGEN',COA.ASIENTO_GEN,
		'ASREV',COA.ASIENTO_REV,
		NULL) AS NUM_DIARIO,
		COA.ASIENTO_GEN AS
		ASIENTO_GEN,
		COA.ASIENTO_REV AS ASIENTO_REV,
		COA.ASIENTO_GEN_DEPENDENCIA AS ASIENTO_GEN_DEPENDENCIA,
		COA.ASIENTO_REV_DEPENDENCIA AS ASIENTO_REV_DEPENDENCIA,
		DECODE(COA.ESTADO_ASIENTO,'ASGEN',
		'Generado',
		'ASNGE', 'No Generado',
		'ASREV', 'Reversado') AS
		ESTADO_ASIENTO,
		COA.FEC_ASIENTO_GEN
		FROM CARGA_OPERACIONES_ASIENTO
		COA
		INNER JOIN PERIODO_OPERATIVO PO
		ON PO.MES =
		DECODE(SUBSTR(COA.PERIODO_MOVIMIENTO, 6, 1),0,
		SUBSTR(COA.PERIODO_MOVIMIENTO, 7, 1), SUBSTR(COA.PERIODO_MOVIMIENTO,
		6, 2))
		AND PO.ANIO = SUBSTR(COA.PERIODO_MOVIMIENTO, 0, 4)
		WHERE
		PO.ANIO =
		#{anioPeriodo,jdbcType=VARCHAR}
		AND PO.MES =
		#{mesPeriodo,jdbcType=VARCHAR}
		<if test="estadoPeriodo != null">
			AND PO.ESTADO = #{estadoPeriodo,jdbcType=VARCHAR}
		</if>
		<if test="estadoAsiento != null">
			AND COA.ESTADO_ASIENTO = #{estadoAsiento,jdbcType=VARCHAR}
		</if>
		<if test="tipoDiario != null">
			AND COA.TIPO_DIARIO = #{tipoDiario,jdbcType=VARCHAR}
		</if>
		ORDER BY COA.FEC_ASIENTO_GEN DESC,COA.COD_PROCESO_ARCHIVO DESC
	</select>

	<select id="listarAsientosAnexos" parameterType="com.cardif.satelite.reportesbs.bean.AsientoBean"
		resultMap="rmAsiento">
		SELECT DISTINCT COA.cod_proceso_archivo,COA.bo,
		COA.planilla,COA.periodo_movimiento,COA.asiento_gen,
		COA.estado_asiento,COA.nom_socio,COA.producto,COA.tipo_diario,#{codParamAnexo,jdbcType=VARCHAR}
		as codParamAnexo
		FROM CARGA_OPERACIONES_ASIENTO COA
		INNER JOIN
		CARGA_OPERACIONES CO
		ON CO.COD_PROCESO_ARCHIVO =
		COA.COD_PROCESO_ARCHIVO
		WHERE (COA.periodo_movimiento = #{periodoUno, jdbcType=NUMERIC} 
				OR COA.periodo_movimiento = #{periodoDos, jdbcType=NUMERIC} 
				OR COA.periodo_movimiento = #{periodoTres, jdbcType=NUMERIC})
		AND COA.estado_asiento = #{estadoAsiento,jdbcType=VARCHAR}
		AND COA.tipo_diario = #{tipoDiario,jdbcType=VARCHAR}
		AND CO.TIPO_SEGURO = #{tipoSeguro,jdbcType=VARCHAR}
		AND CO.TIPO_REASEGURO = #{tipoReaseguro,jdbcType=VARCHAR}
		AND CO.TIPO_OPERACION = #{tipoOperacion,jdbcType=VARCHAR}
	</select>
</mapper>