<?xml version="1.0" encoding="UTF-8"?>
<!DOCTYPE mapper PUBLIC "-//mybatis.org//DTD Mapper 3.0//EN" "http://mybatis.org/dtd/mybatis-3-mapper.dtd" >
<mapper namespace="com.cardif.satelite.reportesbs.dao.ClasificadoraMapper">

	<resultMap id="rmTablaClasificadora"
		type="com.cardif.satelite.reportesbs.bean.ClasificadoraBean">
		<result column="COD_CLASIFICADORA" jdbcType="NUMERIC"
			property="codigoClasificadora" />
		<result column="NOM_CLASIFICADORA" jdbcType="VARCHAR"
			property="nombreClasificadora" />
		<result column="CODSBS_CLASIFICADORA" jdbcType="VARCHAR"
			property="codigoSBSClasificadora" />
		<result column="ESTADO_CLASIFICADORA" jdbcType="VARCHAR"
			property="estadoClasificadora" />
	</resultMap>

	<select id="listarClasificadora"
		parameterType="com.cardif.satelite.reportesbs.bean.ClasificadoraBean"
		resultMap="rmTablaClasificadora">
		SELECT
		CLA.COD_CLASIFICADORA,
		CLA.NOM_CLASIFICADORA,
		CLA.CODSBS_CLASIFICADORA,
		CLA.ESTADO_CLASIFICADORA
		FROM
		CLASIFICADORA CLA
		WHERE
		1=1
		<if test="codigoClasificadora != null">
			AND
			CLA.COD_CLASIFICADORA = #{codigoClasificadora, jdbcType=NUMERIC}
		</if>
		<if test="estadoClasificadora != null">
			AND
			CLA.ESTADO_CLASIFICADORA = #{estadoClasificadora, jdbcType=VARCHAR}
		</if>
	</select>

</mapper>