<?xml version="1.0" encoding="UTF-8"?>
<!DOCTYPE mapper PUBLIC "-//mybatis.org//DTD Mapper 3.0//EN" "http://mybatis.org/dtd/mybatis-3-mapper.dtd" >
<mapper namespace="com.cardif.satelite.reportesbs.dao.ClasificadoraRiesgoMapper">

	<resultMap id="rmTablaClasificadoraRiesgo"
		type="com.cardif.satelite.reportesbs.bean.ClasificadoraRiesgoBean">
		<result column="COD_CLASRIESGO" jdbcType="NUMERIC" property="codigoClasifRiesgo" />
		<result column="COD_CLASIFICADORA" jdbcType="NUMERIC"
			property="codigoClasificadora" />
		<result column="DESC_CLASRIESGO" jdbcType="VARCHAR" property="descripcion" />
		<result column="ESTADO_CLASRIESGO" jdbcType="VARCHAR" property="estado" />
	</resultMap>

	<select id="listarClasificadoraRiesgo"
		parameterType="com.cardif.satelite.reportesbs.bean.ClasificadoraRiesgoBean"
		resultMap="rmTablaClasificadoraRiesgo">
		SELECT
		CR.COD_CLASRIESGO,
		CR.COD_CLASIFICADORA,
		CR.DESC_CLASRIESGO,
		CR.ESTADO_CLASRIESGO
		FROM
		CLASIFICADORA_RIESGO CR
		WHERE
		1=1
		<if test="codigoClasificadora != null">
			AND
			COD_CLASIFICADORA = #{codigoClasificadora, jdbcType=NUMERIC}
		</if>
		<if test="estado != null">
			AND
			ESTADO_CLASRIESGO = #{estado, jdbcType=VARCHAR}
		</if>
	</select>

</mapper>