<?xml version="1.0" encoding="UTF-8"?>
<!DOCTYPE mapper PUBLIC "-//mybatis.org//DTD Mapper 3.0//EN" "http://mybatis.org/dtd/mybatis-3-mapper.dtd" >
<mapper namespace="com.cardif.satelite.reportesbs.dao.CodigoSocioProductoMapper">

	<resultMap id="rmCodigoSocioProducto"
		type="com.cardif.satelite.reportesbs.bean.CodigoSocioProductoBean">
		<result column="cod_socio" jdbcType="NUMERIC" property="codSocio" />
		<result column="cod_producto" jdbcType="NUMERIC" property="codProducto" />
		<result column="cod_socio_producto" jdbcType="NVARCHAR"
			property="codSocioProducto" />
		<result column="tipo_reaseguro" jdbcType="NVARCHAR" property="tipoReaseguro" />
	</resultMap>

	<select id="listarCodigosSocioProducto"
		parameterType="com.cardif.satelite.reportesbs.bean.CodigoSocioProductoBean"
		resultMap="rmCodigoSocioProducto">
		SELECT
		cod_socio, cod_producto, cod_socio_producto, tipo_reaseguro
		FROM
		codigo_socio_producto
		WHERE
		cod_socio = #{codSocio, jdbcType=NUMERIC}
		AND cod_producto = #{codProducto, jdbcType=NUMERIC}
		AND tipo_reaseguro = #{tipoReaseguro, jdbcType=VARCHAR}
	</select>

</mapper>