<?xml version="1.0" encoding="UTF-8"?>
<!DOCTYPE mapper PUBLIC "-//mybatis.org//DTD Mapper 3.0//EN" "http://mybatis.org/dtd/mybatis-3-mapper.dtd" >
<mapper namespace="com.cardif.satelite.reportesbs.dao.CorredorMapper">

	<resultMap id="rmTablaCorredor"
		type="com.cardif.satelite.reportesbs.bean.CorredorBean">
		<result column="COD_CORREDOR" jdbcType="NUMERIC" property="codigoCorredor" />
		<result column="NOM_CORREDOR" jdbcType="VARCHAR" property="nombreCorredor" />
		<result column="CODSBS_CORREDOR" jdbcType="VARCHAR" property="codigoSBSCorredor" />
		<result column="ESTADO_CORREDOR" jdbcType="VARCHAR" property="estado" />
	</resultMap>

	<select id="listarCorredor" parameterType="com.cardif.satelite.reportesbs.bean.CorredorBean"
		resultMap="rmTablaCorredor">
		SELECT
		CORR.COD_CORREDOR,
		CORR.NOM_CORREDOR,
		CORR.CODSBS_CORREDOR,
		CORR.ESTADO_CORREDOR
		FROM
		CORREDOR CORR
		WHERE
		1=1
		<if test="codigoCorredor != null">
			AND
			CORR.COD_CORREDOR = #{codigoCorredor, jdbcType=NUMERIC}
		</if>
		<if test="estado != null">
			AND
			CORR.ESTADO_CORREDOR = #{estado, jdbcType=VARCHAR}
		</if>
	</select>

</mapper>