<?xml version="1.0" encoding="UTF-8"?>
<!DOCTYPE mapper PUBLIC "-//mybatis.org//DTD Mapper 3.0//EN" "http://mybatis.org/dtd/mybatis-3-mapper.dtd" >
<mapper namespace="com.cardif.satelite.reportesbs.dao.DinamicaCabMapper">

	<resultMap id="rmDinamicaCab"
		type="com.cardif.satelite.reportesbs.bean.DinamicaCabBean">
		<result column="cod_dinconta" jdbcType="NUMERIC" property="codDinConta" />
		<result column="nom_dinconta" jdbcType="NUMERIC" property="nomDinConta" />
		<result column="fec_crea" jdbcType="NUMERIC" property="fecCrea" />
		<result column="fec_modifica" jdbcType="NUMERIC" property="fecModifica" />
		<result column="nombre_din_concat" jdbcType="VARCHAR"
			property="nombreDinamicaCombinacion" />
	</resultMap>

	<resultMap id="rmDinamica"
		type="com.cardif.satelite.reportesbs.bean.DinamicaDetBean">
		<result column="cod_dinconta" jdbcType="NUMERIC" property="codDinConta" />
		<result column="num_cuenta" jdbcType="NUMERIC" property="numCuenta" />
		<result column="desc_cuenta" jdbcType="NVARCHAR" property="descCuenta" />
		<result column="marcador_cuenta" jdbcType="NVARCHAR" property="marcadorCuenta" />
		<result column="dcto_cuenta" jdbcType="NVARCHAR" property="dctoCuenta" />
		<result column="igv_cuenta" jdbcType="NVARCHAR" property="igvCuenta" />
		<result column="dctoCuentaDesc" jdbcType="NVARCHAR" property="dctoCuentaDesc" />
		<result column="igvCuentaDesc" jdbcType="NVARCHAR" property="igvCuentaDesc" />

		<result column="cod_empresa" jdbcType="NUMERIC" property="codEmpresa" />
		<result column="cod_socio" jdbcType="NUMERIC" property="codSocio" />
		<result column="cod_producto" jdbcType="NUMERIC" property="codProducto" />
		<result column="cod_detcuenta" jdbcType="NVARCHAR" property="codDetCuenta" />
		<result column="cod_tipo" jdbcType="NVARCHAR" property="codTipo" />
		<result column="cod_tiporea" jdbcType="NVARCHAR" property="codTipoRea" />
		<result column="cod_tipomov" jdbcType="NVARCHAR" property="codTipoMov" />
		<result column="cod_moneda" jdbcType="NVARCHAR" property="codMoneda" />
		<result column="nom_dinconta" jdbcType="NVARCHAR" property="nomDinConta" />
		<result column="estado_dinconta" jdbcType="NVARCHAR" property="estadoDinConta" />
		<result column="afecto_igv" jdbcType="NVARCHAR" property="afectoIgv" />
		<result column="afecto_dcto" jdbcType="NVARCHAR" property="afectoDcto" />
		<result column="cod_socioproducto" jdbcType="NVARCHAR"
			property="codSocioProducto" />
		<result column="tipo_diario" jdbcType="NVARCHAR" property="tipoDiario" />
		<result column="canal_dinconta" jdbcType="NVARCHAR" property="canalDinConta" />
		<result column="cc_dinconta" jdbcType="NVARCHAR" property="ccDinConta" />
		<result column="canal_dinconta" jdbcType="NVARCHAR" property="canalDinConta" />
		<result column="spec_dinconta" jdbcType="NVARCHAR" property="specDinConta" />
		<result column="dep_dinconta" jdbcType="NVARCHAR" property="depDinConta" />
		<result column="dep_cod_dinconta" jdbcType="NUMERIC" property="depCodDinConta" />
		<result column="usu_crea" jdbcType="NVARCHAR" property="usuCrea" />
		<result column="usu_modifica" jdbcType="NVARCHAR" property="usuModifica" />
		<result column="fecha_creacion" jdbcType="VARCHAR" property="fecCrea" />
		<result column="fecha_modificacion" jdbcType="VARCHAR"
			property="fecModifica" />
	</resultMap>

	<select id="listarDinamicasContables" parameterType="com.cardif.satelite.reportesbs.bean.DinamicaCabBean"
		resultMap="rmDinamicaCab">
		SELECT
		d.cod_dinconta, d.nom_dinconta, d.fec_crea, d.fec_modifica
		,d.nom_dinconta || '_' || emp.descripcion || '_' || prod.descripcion
		|| '_' || soc.descripcion || '_' || prm_tiporea.descripcion_valor as
		nombre_din_concat
		FROM
		dinamica_cab d inner join empresa emp
		on emp.cod_empresa = d.cod_empresa
		inner join producto prod
		on prod.cod_producto = d.cod_producto
		inner join socio soc
		on soc.cod_socio = d.cod_socio
		inner join parametro prm_tiporea
		on prm_tiporea.cod_valor = d.cod_tiporea and
		substr(prm_tiporea.cod_parametro,1,2) = '03' <!-- cambiar -->
		WHERE
		d.cod_dinconta is not null
		<if test="codTipo != null">
			and d.cod_tipo = #{codTipo, jdbcType=NVARCHAR}
		</if>
		<if test="codSocio != null">
			and d.cod_socio = #{codSocio, jdbcType=NUMERIC}
		</if>
		<if test="codDetCuenta != null">
			and d.cod_detcuenta = #{codDetCuenta, jdbcType=NVARCHAR}
		</if>
		<if test="codTipoMov != null">
			and d.cod_tipomov = #{codTipoMov, jdbcType=NVARCHAR}
		</if>
		<if test="codEmpresa != null">
			and d.cod_empresa = #{codEmpresa, jdbcType=NUMERIC}
		</if>
		<if test="codProducto != null">
			and d.cod_producto = #{codProducto, jdbcType=NUMERIC}
		</if>
		<if test="codTipoRea != null">
			and d.cod_tiporea = #{codTipoRea, jdbcType=NUMERIC}
		</if>
		<if test="nomDinConta != null">
			and UPPER(d.nom_dinconta) like UPPER(#{nomDinConta, jdbcType=NVARCHAR})
		</if>
		<if test="codMoneda != null">
			and d.cod_moneda = #{codMoneda, jdbcType=NVARCHAR}
		</if>
		<if test="codSocioProducto != null">
			and d.cod_socioproducto = #{codSocioProducto, jdbcType=NVARCHAR}
		</if>
		<if test="afectoIgv != null">
			and d.afecto_igv = #{afectoIgv, jdbcType=NVARCHAR}
		</if>
		<if test="tipoDiario != null">
			and d.tipo_diario = #{tipoDiario, jdbcType=NVARCHAR}
		</if>
		<if test="ccDinConta != null">
			and d.cc_dinconta like #{ccDinConta, jdbcType=NVARCHAR}
		</if>
		<if test="canalDinConta != null">
			and d.canal_dinconta like #{canalDinConta, jdbcType=NVARCHAR}
		</if>
		<if test="estadoDinConta != null">
			and d.estado_dinconta = #{estadoDinConta, jdbcType=NVARCHAR}
		</if>
		<if test="depDinConta != null">
			and d.dep_dinconta = #{depDinConta, jdbcType=VARCHAR}
		</if>
		ORDER BY 1 ASC
	</select>

	<insert id="insertDinamicaCab" parameterType="com.cardif.satelite.model.reportesbs.DinamicaCab">

		<selectKey order="BEFORE" keyProperty="codDinConta"
			resultType="java.lang.Long">
			SELECT SEC_DINAMICA_CAB.NEXTVAL FROM DUAL
		</selectKey>

		INSERT INTO
		dinamica_cab(
		cod_dinconta, cod_empresa, cod_socio, cod_producto,
		cod_detcuenta, cod_tipo, cod_tiporea, cod_tipomov,
		cod_moneda, nom_dinconta, estado_dinconta, afecto_igv,
		afecto_dcto, cod_socioproducto, tipo_diario,
		canal_dinconta, cc_dinconta, spec_dinconta,
		dep_dinconta, dep_cod_dinconta, usu_crea, fec_crea,
		usu_modifica, fec_modifica)
		VALUES(
		#{codDinConta, jdbcType=NUMERIC},
		#{codEmpresa, jdbcType=NUMERIC},
		#{codSocio, jdbcType=NUMERIC},
		#{codProducto, jdbcType=NUMERIC},
		#{codDetCuenta, jdbcType=NVARCHAR},
		#{codTipo, jdbcType=VARCHAR},
		#{codTipoRea, jdbcType=VARCHAR},
		#{codTipoMov, jdbcType=VARCHAR},
		#{codMoneda, jdbcType=VARCHAR},
		#{nomDinConta, jdbcType=VARCHAR},
		#{estadoDinConta, jdbcType=VARCHAR},
		#{afectoIgv, jdbcType=VARCHAR},
		#{afectoDcto, jdbcType=VARCHAR},
		#{codSocioProducto, jdbcType=VARCHAR},
		#{tipoDiario, jdbcType=VARCHAR},
		#{canalDinConta, jdbcType=VARCHAR},
		#{ccDinConta, jdbcType=VARCHAR},
		#{specDinConta, jdbcType=VARCHAR},
		#{depDinConta, jdbcType=VARCHAR},
		#{depCodDinConta, jdbcType=NUMERIC},
		#{usuCrea, jdbcType=VARCHAR},
		SYSDATE,
		NULL,
		NULL
		)
	</insert>

	<select id="listarDinamicasContablesDetalle" parameterType="Long"
		resultMap="rmDinamica">
		SELECT
		det.cod_dinconta, det.num_cuenta, det.desc_cuenta, det.marcador_cuenta,
		det.dcto_cuenta, det.igv_cuenta,
		case det.dcto_cuenta when '1' then 'SI' else 'NO' end as dctoCuentaDesc,
		case det.igv_cuenta when '1' then 'SI' else 'NO' end as igvCuentaDesc,
		cab.cod_empresa, cab.cod_socio, cab.cod_producto, cab.cod_detcuenta,
		cab.cod_tipo, cab.cod_tiporea,
		cab.cod_tipomov, cab.cod_moneda, cab.nom_dinconta, cab.estado_dinconta,
		cab.afecto_igv,
		cab.afecto_dcto, cab.cod_socioproducto, cab.tipo_diario, cab.canal_dinconta,
		cab.cc_dinconta, cab.spec_dinconta, cab.dep_dinconta,
		cab.dep_cod_dinconta,
		cab.usu_crea, cab.usu_modifica,
		to_char(cab.fec_crea, 'dd/mm/yyyy hh24:mi:ss') as fecha_creacion,
		to_char(cab.fec_modifica, 'dd/mm/yyyy hh24:mi:ss') as fecha_modificacion
		FROM
		dinamica_det det inner join dinamica_cab cab on det.cod_dinconta =
		cab.cod_dinconta
		WHERE
		det.cod_dinconta = #{codDinConta, jdbcType=NUMERIC}
	</select>

	<update id="actualizarDinamicaCab" parameterType="com.cardif.satelite.model.reportesbs.DinamicaCab">
		UPDATE
		DINAMICA_CAB
		SET
		cod_empresa = #{codEmpresa, jdbcType=NUMERIC},
		cod_socio = #{codSocio, jdbcType=NUMERIC},
		cod_producto = #{codProducto, jdbcType=NUMERIC},
		cod_detcuenta = #{codDetCuenta, jdbcType=VARCHAR},
		cod_tipo = #{codTipo, jdbcType=VARCHAR},
		cod_tiporea = #{codTipoRea, jdbcType=VARCHAR},
		cod_tipomov = #{codTipoMov, jdbcType=VARCHAR},
		cod_moneda = #{codMoneda, jdbcType=VARCHAR},
		nom_dinconta = #{nomDinConta, jdbcType=VARCHAR},
		estado_dinconta = #{estadoDinConta, jdbcType=VARCHAR},
		afecto_igv = #{afectoIgv, jdbcType=VARCHAR},
		afecto_dcto = #{afectoDcto, jdbcType=VARCHAR},
		cod_socioproducto = #{codSocioProducto, jdbcType=VARCHAR},
		tipo_diario = #{tipoDiario, jdbcType=VARCHAR},
		canal_dinconta = #{canalDinConta, jdbcType=VARCHAR},
		cc_dinconta = #{ccDinConta, jdbcType=VARCHAR},
		spec_dinconta = #{specDinConta, jdbcType=VARCHAR},
		dep_dinconta = #{depDinConta, jdbcType=VARCHAR},
		dep_cod_dinconta = #{depCodDinConta, jdbcType=NUMERIC},
		usu_modifica = #{usuModifica, jdbcType=VARCHAR},
		fec_modifica = SYSDATE
		WHERE
		cod_dinconta = #{codDinConta, jdbcType=NUMERIC}
	</update>

</mapper>