<?xml version="1.0" encoding="UTF-8"?>
<!DOCTYPE mapper PUBLIC "-//mybatis.org//DTD Mapper 3.0//EN" "http://mybatis.org/dtd/mybatis-3-mapper.dtd" >
<mapper namespace="com.cardif.satelite.reportesbs.dao.DinamicaDetMapper">

	<resultMap id="rmDinamicaDet"
		type="com.cardif.satelite.reportesbs.bean.DinamicaDetBean">
		<result column="COD_DINCONTA" jdbcType="NUMERIC" property="codDinConta" />
		<result column="NUM_CUENTA" jdbcType="NUMERIC" property="numCuenta" />
		<result column="DESC_CUENTA" jdbcType="NVARCHAR" property="descCuenta" />
		<result column="MARCADOR_CUENTA" jdbcType="NVARCHAR" property="marcadorCuenta" />
		<result column="IGV_CUENTA" jdbcType="NVARCHAR" property="igvCuenta" />
		<result column="DCTO_CUENTA" jdbcType="NVARCHAR" property="dctoCuenta" />
	</resultMap>

	<insert id="insertDinamicaDet" parameterType="com.cardif.satelite.model.reportesbs.DinamicaDet">
		INSERT INTO
		dinamica_det(
		COD_DINCONTA, NUM_CUENTA, DESC_CUENTA,
		MARCADOR_CUENTA, IGV_CUENTA, DCTO_CUENTA)
		VALUES(
		#{codDinConta, jdbcType=NUMERIC},
		#{numCuenta, jdbcType=NUMERIC},
		#{descCuenta, jdbcType=NUMERIC},
		#{marcadorCuenta, jdbcType=NUMERIC},
		#{igvCuenta, jdbcType=NVARCHAR},
		#{dctoCuenta, jdbcType=NVARCHAR}
		)
	</insert>

	<delete id="eliminarDinamicaDet" parameterType="com.cardif.satelite.model.reportesbs.DinamicaDet">
		DELETE FROM
		dinamica_det
		WHERE
		cod_dinconta = #{codDinConta, jdbcType=NUMERIC}
		AND
		num_cuenta = #{numCuenta, jdbcType=NUMERIC}
	</delete>

</mapper>