<?xml version="1.0" encoding="UTF-8"?>
<!DOCTYPE mapper PUBLIC "-//mybatis.org//DTD Mapper 3.0//EN" "http://mybatis.org/dtd/mybatis-3-mapper.dtd" >
<mapper namespace="com.cardif.satelite.reportesbs.dao.EmpresaMapper">

	<resultMap id="BaseResultMapEmpresa" type="com.cardif.satelite.model.reportesbs.Empresa">
		<id column="COD_EMPRESA" jdbcType="NUMERIC" property="codEmpresa" />
		<result column="DESCRIPCION" jdbcType="VARCHAR" property="descripcion" />
		<result column="COD_SBS" jdbcType="VARCHAR" property="codSbs" />
	</resultMap>

	<resultMap id="rmTablaEmpresa" type="com.cardif.satelite.model.reportesbs.Empresa">
		<result column="COD_EMPRESA" jdbcType="NUMERIC" property="codEmpresa" />
		<result column="ESTADO" jdbcType="NUMERIC" property="estado" />
		<result column="COD_SBS" jdbcType="VARCHAR" property="codSbs" />
		<result column="DESCRIPCION" jdbcType="VARCHAR" property="descripcion" />
		<result column="PAIS_ORIGEN" jdbcType="VARCHAR" property="paisOrigen" />
		<result column="CLASIFICADORA_ID" jdbcType="NUMERIC" property="clasificadoraId" />
		<result column="CLASIFICACION_ID" jdbcType="NUMERIC" property="clasificacionId" />
		<result column="FEC_CLASIFICACION" jdbcType="DATE"
			property="fechaClasificacion" />
	</resultMap>

	<select id="obtenerEmpresa" parameterType="com.cardif.satelite.model.reportesbs.Empresa"
		resultMap="rmTablaEmpresa">
		SELECT
		EMP.COD_EMPRESA,
		EMP.ESTADO,
		EMP.COD_SBS,
		EMP.DESCRIPCION,
		EMP.PAIS_ORIGEN,
		EMP.CLASIFICADORA_ID,
		EMP.CLASIFICACION_ID,
		EMP.FEC_CLASIFICACION
		FROM
		EMPRESA EMP
		WHERE
		EMP.COD_EMPRESA = #{codEmpresa, jdbcType=NUMERIC}
	</select>

	<update id="actualizarEmpresaClasif" parameterType="com.cardif.satelite.model.reportesbs.Empresa">
		UPDATE
		EMPRESA
		SET clasificadora_id = #{clasificadoraId, jdbcType=NUMERIC},
		clasificacion_id = #{clasificacionId, jdbcType=NUMERIC},
		fec_clasificacion = #{fechaClasificacion, jdbcType=DATE}
		WHERE
		cod_empresa = #{codEmpresa, jdbcType=NUMERIC}
	</update>

</mapper>