<?xml version="1.0" encoding="UTF-8"?>
<!DOCTYPE mapper PUBLIC "-//mybatis.org//DTD Mapper 3.0//EN" "http://mybatis.org/dtd/mybatis-3-mapper.dtd" >
<mapper namespace="com.cardif.satelite.reportesbs.dao.LayoutTXTSucaveMapper">

	<resultMap id="rmTablaCampoLayoutTXTSucave"
		type="com.cardif.satelite.reportesbs.bean.LayoutTXTSucaveBean">
		<result column="REPORTE_ID" jdbcType="NUMERIC" property="reporteId" />
		<result column="COLUMNA_ID" jdbcType="NUMERIC" property="columnaId" />
		<result column="NOMBRE_REPORTE" jdbcType="VARCHAR" property="nombreReporte" />
		<result column="DESCRIPCION_COLUMNA" jdbcType="VARCHAR"
			property="descripcionColumna" />
		<result column="TIPO_DATO" jdbcType="VARCHAR" property="tipoDato" />
		<result column="POS_INI" jdbcType="NUMERIC" property="posicionInicial" />
		<result column="POS_FIN" jdbcType="NUMERIC" property="posicionFinal" />
		<result column="LONG_COLUMNA" jdbcType="NUMERIC" property="longitudColumna" />
		<result column="LONG_DECIMAL" jdbcType="NUMERIC" property="longitudDecimal" />
	</resultMap>

	<select id="listarLayoutTXTSucave"
		parameterType="com.cardif.satelite.reportesbs.bean.LayoutTXTSucaveBean"
		resultMap="rmTablaCampoLayoutTXTSucave">
		SELECT
		cltxts.REPORTE_ID,
		cltxts.COLUMNA_ID,
		cltxts.NOMBRE_REPORTE,
		cltxts.DESCRIPCION_COLUMNA,
		cltxts.TIPO_DATO,
		cltxts.POS_INI,
		cltxts.POS_FIN,
		cltxts.LONG_COLUMNA,
		cltxts.LONG_DECIMAL
		FROM
		CAMPO_LAYOUT_TXTSUCAVE cltxts
		WHERE
		1=1
		<if test="reporteId != null">
			AND
			cltxts.REPORTE_ID = #{reporteId, jdbcType=NUMERIC}
		</if>
		<if test="columnaId != null">
			AND
			cltxts.COLUMNA_ID = #{columnaId, jdbcType=NUMERIC}
		</if>
	</select>

</mapper>