<?xml version="1.0" encoding="UTF-8" ?>
<!DOCTYPE mapper PUBLIC "-//mybatis.org//DTD Mapper 3.0//EN" "http://mybatis.org/dtd/mybatis-3-mapper.dtd">
<mapper namespace="com.cardif.satelite.reportesbs.dao.MontoAnticuamientoMapper">

	<resultMap id="rmMontoAnticuamiento"
		type="com.cardif.satelite.reportesbs.bean.MontoAnticuamientoBean">
		<result column="ANIO" property="anio" jdbcType="NUMERIC" />
		<result column="TRIMESTRE" property="trimestre" jdbcType="VARCHAR" />
		<result column="TIPOCONTRATO" property="tipoContrato" jdbcType="VARCHAR" />
		<result column="COD_EMPRESA" property="codEmpresa" jdbcType="NUMERIC" />
		<result column="SEISMESESANT" property="seisMesesAnt" jdbcType="NUMERIC" />
		<result column="DOCEMESESANT" property="doceMesesAnt" jdbcType="NUMERIC" />
		<result column="USUARIOCREA" property="usuarioCrea" jdbcType="VARCHAR" />
		<result column="FECHACREA" property="fechaCrea" jdbcType="DATE" />
		<result column="USUARIOMODIFICA" property="usuarioModifica"
			jdbcType="VARCHAR" />
		<result column="FECHAMODIFICA" property="fechaModifica"
			jdbcType="DATE" />
		<result column="trimestreDesc" property="trimestreDesc"
			jdbcType="VARCHAR" />
		<result column="tipoContratoDesc" property="tipoContratoDesc"
			jdbcType="VARCHAR" />
		<result column="empresaDesc" property="empresaDesc" jdbcType="VARCHAR" />
		<result column="cod_sbs" property="codigoSBS" jdbcType="VARCHAR" />
	</resultMap>

	<resultMap id="rmMontosAnticuamiento"
		type="com.cardif.satelite.reportesbs.bean.MontoAnticuamientoBean">
		<result column="ANIO" property="anio" jdbcType="NUMERIC" />
		<result column="TRIMESTRE" property="trimestre" jdbcType="VARCHAR" />
		<result column="DESC_TRIMESTRE" property="trimestreDesc"
			jdbcType="VARCHAR" />
		<result column="COD_TIPO_CONTRATO" property="tipoContrato"
			jdbcType="VARCHAR" />
		<result column="DESC_TIP_CONTRATO" property="tipoContratoDesc"
			jdbcType="VARCHAR" />
		<result column="COD_EMPRESA" property="codEmpresa" jdbcType="NUMERIC" />
		<result column="DESC_EMPRESA" property="empresaDesc" jdbcType="VARCHAR" />
		<result column="SEISMESESANT" property="seisMesesAnt" jdbcType="NUMERIC" />
		<result column="DOCEMESESANT" property="doceMesesAnt" jdbcType="NUMERIC" />
		<result column="FLAG" property="flag" jdbcType="NUMERIC" />
	</resultMap>

	<select id="obtenerMontosAnticuamiento"
		parameterType="com.cardif.satelite.reportesbs.bean.MontoAnticuamientoBean"
		resultMap="rmMontoAnticuamiento">
		SELECT
		p_trim.descripcion_valor as trimestreDesc,
		p_tip_cont.descripcion_valor as tipoContratoDesc,
		em.descripcion as
		empresaDesc,
		m.anio, m.trimestre, m.tipocontrato, m.cod_empresa,
		m.seismesesant, m.docemesesant, m.usuariocrea, m.fechacrea,
		m.usuariomodifica, m.fechamodifica,
		em.cod_sbs
		FROM
		monto_anticuamiento m
		inner join empresa em on m.cod_empresa = em.cod_empresa
		inner join
		parametro p_trim
		on (m.trimestre = p_trim.cod_parametro and
		substr(p_trim.cod_parametro,1,2) = #{codParamTrimestre,
		jdbcType=VARCHAR})
		inner join parametro p_tip_cont
		on (m.tipocontrato =
		p_tip_cont.cod_parametro and
		substr(p_tip_cont.cod_parametro,1,2) =
		#{codParamTipoContrato,
		jdbcType=VARCHAR})
		<where>
			anio is not null
			<if test="anio != null">
				and m.anio = #{anio, jdbcType=NUMERIC}
			</if>
			<if test="trimestre != null">
				and m.trimestre = #{trimestre, jdbcType=VARCHAR}
			</if>
			<if test="tipoContrato != null">
				and m.tipocontrato = #{tipoContrato, jdbcType=VARCHAR}
			</if>
		</where>
	</select>

	<update id="actualizarMontoAnticuamiento"
		parameterType="com.cardif.satelite.model.reportesbs.MontoAnticuamiento">
		UPDATE
		monto_anticuamiento
		SET
		seismesesant =
		#{seisMesesAnt, jdbcType=NUMERIC},
		docemesesant = #{doceMesesAnt,
		jdbcType=NUMERIC},
		USUARIOMODIFICA = #{usuarioModifica,
		jdbcType=VARCHAR},
		FECHAMODIFICA = SYSDATE
		WHERE
		anio = #{anio,
		jdbcType=NUMERIC}
		and trimestre =
		#{trimestre, jdbcType=VARCHAR}
		and
		tipocontrato = #{tipoContrato,
		jdbcType=VARCHAR}
		and cod_empresa =
		#{codEmpresa, jdbcType=NUMERIC}
	</update>

	<select id="obtenerMontoAnticuamiento"
		parameterType="com.cardif.satelite.reportesbs.bean.MontoAnticuamientoBean"
		resultMap="rmMontosAnticuamiento">
		<!-- SELECT p_trim.descripcion_valor as trimestreDesc, p_tip_cont.descripcion_valor 
			as tipoContratoDesc, em.descripcion as empresaDesc, m.anio, m.trimestre, 
			m.tipocontrato, m.cod_empresa, m.otras_cobrar_rea_coa, m.seismesesant, m.docemesesant, 
			m.totalpartidasprovisionar, m.usuariocrea, m.fechacrea, m.usuariomodifica, 
			m.fechamodifica FROM monto_anticuamiento m inner join empresa em on m.cod_empresa 
			= em.cod_empresa inner join parametro p_trim on (m.trimestre = p_trim.cod_parametro 
			and substr(p_trim.cod_parametro,1,2) = #{codParamTrimestre, jdbcType=VARCHAR}) 
			inner join parametro p_tip_cont on (m.tipocontrato = p_tip_cont.cod_parametro 
			and substr(p_tip_cont.cod_parametro,1,2) = #{codParamTipoContrato, jdbcType=VARCHAR}) 
			WHERE m.anio = #{anio, jdbcType=NUMERIC} and m.trimestre = #{trimestre, jdbcType=VARCHAR} 
			and m.tipocontrato = #{tipoContrato, jdbcType=VARCHAR} and m.cod_empresa 
			= #{codEmpresa, jdbcType=NUMERIC} -->

		SELECT NVL(M.ANIO,#{anio, jdbcType=NUMERIC}) ANIO,
		NVL(M.TRIMESTRE,#{trimestre, jdbcType=VARCHAR}) TRIMESTRE,
		P_TRI.DESCRIPCION_VALOR DESC_TRIMESTRE,
		P.COD_TIPO_CONTRATO,
		P_TIP.DESCRIPCION_VALOR DESC_TIP_CONTRATO,
		P.COD_EMPRESA,
		E.DESCRIPCION
		DESC_EMPRESA,
		NVL(M.SEISMESESANT,0) SEISMESESANT,
		NVL(M.DOCEMESESANT,0)
		DOCEMESESANT,
		NVL(M.FLAG,0) FLAG
		FROM PROCESO_PARAMETRO P
		LEFT JOIN
		(SELECT
		ANIO,TRIMESTRE,SEISMESESANT,DOCEMESESANT,COD_EMPRESA,TIPOCONTRATO,'1'
		FLAG FROM MONTO_ANTICUAMIENTO
		WHERE TRIMESTRE = #{trimestre,
		jdbcType=VARCHAR}
		AND ANIO=#{anio, jdbcType=NUMERIC}
		AND TIPOCONTRATO =
		#{tipoContrato, jdbcType=VARCHAR}
		AND COD_EMPRESA = #{codEmpresa,
		jdbcType=NUMERIC}
		) M
		ON M.TIPOCONTRATO = P.COD_TIPO_CONTRATO
		AND
		M.COD_EMPRESA = P.COD_EMPRESA
		INNER JOIN EMPRESA E
		ON E.COD_EMPRESA =
		P.COD_EMPRESA
		INNER JOIN PARAMETRO P_TRI
		ON P_TRI.COD_PARAMETRO =
		#{trimestre, jdbcType=VARCHAR}
		INNER JOIN PARAMETRO P_TIP
		ON
		P_TIP.COD_PARAMETRO = P.COD_TIPO_CONTRATO
		WHERE COD_ESTADO =
		#{estadoActivo, jdbcType=VARCHAR}
		AND P.COD_TIPO_CONTRATO =
		#{tipoContrato, jdbcType=VARCHAR}
		AND P.COD_EMPRESA = #{codEmpresa,
		jdbcType=NUMERIC}
		GROUP BY
		P.COD_TIPO_CONTRATO,P.COD_EMPRESA,M.ANIO,M.TRIMESTRE,M.SEISMESESANT,
		M.DOCEMESESANT,E.DESCRIPCION,P_TRI.DESCRIPCION_VALOR,P_TIP.DESCRIPCION_VALOR,M.FLAG
	</select>

	<select id="obtenerMontosAnticuamientos"
		parameterType="com.cardif.satelite.reportesbs.bean.MontoAnticuamientoBean"
		resultMap="rmMontosAnticuamiento">
		SELECT NVL(M.ANIO,#{anio, jdbcType=NUMERIC}) ANIO,
		NVL(M.TRIMESTRE,#{trimestre, jdbcType=VARCHAR}) TRIMESTRE,
		P_TRI.DESCRIPCION_VALOR DESC_TRIMESTRE,
		P.COD_TIPO_CONTRATO,
		P_TIP.DESCRIPCION_VALOR DESC_TIP_CONTRATO,
		P.COD_EMPRESA,
		E.DESCRIPCION
		DESC_EMPRESA,
		NVL(M.SEISMESESANT,0) SEISMESESANT,
		NVL(M.DOCEMESESANT,0)
		DOCEMESESANT,
		NVL(M.FLAG,0) FLAG
		FROM PROCESO_PARAMETRO P
		LEFT JOIN
		(SELECT
		ANIO,TRIMESTRE,SEISMESESANT,DOCEMESESANT,COD_EMPRESA,TIPOCONTRATO,'1'
		FLAG FROM MONTO_ANTICUAMIENTO
		WHERE TRIMESTRE = #{trimestre,
		jdbcType=VARCHAR}
		AND ANIO=#{anio, jdbcType=NUMERIC}
		) M
		ON
		M.TIPOCONTRATO =
		P.COD_TIPO_CONTRATO
		AND M.COD_EMPRESA = P.COD_EMPRESA
		INNER JOIN EMPRESA
		E
		ON E.COD_EMPRESA = P.COD_EMPRESA
		INNER JOIN
		PARAMETRO P_TRI
		ON
		P_TRI.COD_PARAMETRO = #{trimestre, jdbcType=VARCHAR}
		INNER JOIN
		PARAMETRO P_TIP
		ON P_TIP.COD_PARAMETRO = P.COD_TIPO_CONTRATO
		WHERE
		COD_ESTADO = #{estadoActivo, jdbcType=VARCHAR}
		<if test="tipoContrato != null">
			and P.COD_TIPO_CONTRATO = #{tipoContrato,
			jdbcType=VARCHAR}
		</if>
		GROUP BY
		P.COD_TIPO_CONTRATO,P.COD_EMPRESA,M.ANIO,M.TRIMESTRE,M.SEISMESESANT,
		M.DOCEMESESANT,E.DESCRIPCION,P_TRI.DESCRIPCION_VALOR,P_TIP.DESCRIPCION_VALOR,M.FLAG

	</select>

	<insert id="insertaMontoAnticuamiento"
		parameterType="com.cardif.satelite.model.reportesbs.MontoAnticuamiento">
		INSERT INTO
		MONTO_ANTICUAMIENTO(ANIO,TRIMESTRE,TIPOCONTRATO,COD_EMPRESA,SEISMESESANT,DOCEMESESANT,USUARIOCREA,FECHACREA)
		VALUES(#{anio, jdbcType=NUMERIC},#{trimestre,
		jdbcType=VARCHAR},#{tipoContrato,
		jdbcType=VARCHAR},#{codEmpresa,
		jdbcType=NUMERIC},#{seisMesesAnt, jdbcType=NUMERIC},#{doceMesesAnt,
		jdbcType=NUMERIC},#{usuarioCrea, jdbcType=VARCHAR},SYSDATE)
	</insert>


</mapper>