<?xml version="1.0" encoding="UTF-8"?>
<!DOCTYPE mapper PUBLIC "-//mybatis.org//DTD Mapper 3.0//EN" "http://mybatis.org/dtd/mybatis-3-mapper.dtd" >
<mapper namespace="com.cardif.satelite.reportesbs.dao.RepParametroMapper">

	<resultMap id="BaseResultMap"
		type="com.cardif.satelite.model.reportesbs.Parametro">
		<id column="COD_PARAMETRO" jdbcType="VARCHAR" property="codParametro" />
		<result column="COD_VALOR" jdbcType="VARCHAR" property="codValor" />
		<result column="DESCRIPCION_VALOR" jdbcType="VARCHAR" property="descripcion" />
		<result column="ESTADO" jdbcType="NUMERIC" property="estado" />
		<result column="NUM_ORDEN" jdbcType="NUMERIC" property="numOrden" />
		<result column="DESC_CATEGORIA" jdbcType="VARCHAR" property="descCategoria" />
	</resultMap>

	<select id="listarParamxGrupoOrden" parameterType="com.cardif.satelite.model.reportesbs.Parametro"
		resultMap="BaseResultMap">
		SELECT * FROM PARAMETRO
		WHERE SUBSTR(COD_PARAMETRO,1,2) = #{codParametro, jdbcType=VARCHAR}
		<![CDATA[
		AND COD_PARAMETRO <> #{codParametro, jdbcType=VARCHAR}
		]]>
		AND ESTADO=1 order by NUM_ORDEN asc
	</select>

</mapper>