<?xml version="1.0" encoding="UTF-8"?>
<!DOCTYPE mapper PUBLIC "-//mybatis.org//DTD Mapper 3.0//EN" "http://mybatis.org/dtd/mybatis-3-mapper.dtd" >
<mapper namespace="com.cardif.satelite.reportesbs.dao.ParametroOperacionesMapper">

	<resultMap id="rmParametroOperaciones"
		type="com.cardif.satelite.reportesbs.bean.ParametroOperacionesBean">
		<result column="COD_CONTRATO" jdbcType="NUMERIC" property="codigoContrato" />
		<result column="EMPRESA" jdbcType="VARCHAR" property="descripcionEmpresa" />
		<result column="SOCIO" jdbcType="VARCHAR" property="descripcionSocio" />
		<result column="TIPO" jdbcType="VARCHAR" property="descripcionTipo" />
		<result column="TIPO_REASEGURO" jdbcType="VARCHAR" property="descripcionTipoRea" />
		<result column="TIPO_MOVIMIENTO" jdbcType="VARCHAR" property="descripcionTipoMov" />
		<result column="TIPO_CONTRATO" jdbcType="VARCHAR"
			property="descripcionTipoContrato" />
		<result column="PRODUCTO" jdbcType="VARCHAR" property="descripcionProducto" />
		<result column="DETALLE_CUENTA" jdbcType="VARCHAR" property="descripcionDetCuenta" />
		<result column="TOTAL_SOLES" jdbcType="NUMERIC" property="sumaAsegurada" />
		<result column="NUM_CONTRATO" jdbcType="VARCHAR" property="numContrato" />
		<result column="COD_EMPRESA" jdbcType="NUMERIC" property="codigoEmpresa" />
		<result column="COD_SOCIO" jdbcType="NUMERIC" property="codigoSocio" />
		<result column="COD_PRODUCTO" jdbcType="NUMERIC" property="codigoProducto" />
		<result column="COD_MONEDA" jdbcType="VARCHAR" property="codigoMoneda" />
		<result column="COD_TIPOCONTRATO" jdbcType="VARCHAR" property="codigoTipoContrato" />
		<result column="COD_DETCUENTA" jdbcType="VARCHAR" property="codigoDetalleCuenta" />
		<result column="COD_TIPO" jdbcType="VARCHAR" property="codigoTipo" />
		<result column="COD_TIPOREA" jdbcType="VARCHAR" property="codigoTipoRea" />
		<result column="COD_TIPOMOV" jdbcType="VARCHAR" property="codigoTipoMov" />
		<result column="CONT_ESTADO" jdbcType="VARCHAR" property="estado" />
		<result column="CONT_FECINI" jdbcType="DATE" property="fechaIni" />
		<result column="CONT_FECFIN" jdbcType="DATE" property="fechaFin" />
		<result column="CONT_POLIZA" jdbcType="VARCHAR" property="poliza" />
		<result column="COD_CORREDOR" jdbcType="NUMERIC" property="corredor" />
		<result column="LIMITE_COBER" jdbcType="NUMERIC" property="limiteCober" />
		<result column="COD_MONEDA_LIMITE_COBER" jdbcType="VARCHAR"
			property="codigoMonedaLimiteCober" />
		<result column="PART_CONTRATO" jdbcType="NUMERIC" property="partContrato" />
		<result column="FRONTING" jdbcType="VARCHAR" property="fronting" />
		<result column="CESION_QTA_PARTE" jdbcType="NUMERIC" property="cesionQtaParte" />
		<result column="CESION_EXCED" jdbcType="NUMERIC" property="cesionExced" />
		<result column="COD_DINCONTA" jdbcType="NUMERIC" property="codigoDinConta" />
		<result column="AFECTO_IGV" jdbcType="VARCHAR" property="afectoIGV" />
		<result column="USU_CREA" jdbcType="VARCHAR" property="usuarioCreacion" />
		<result column="FEC_CREA" jdbcType="DATE" property="fechaCreacion" />
		<result column="USU_MODIFICA" jdbcType="VARCHAR" property="usuarioModifica" />
		<result column="FEC_MODIFICA" jdbcType="DATE" property="fechaModifica" />
		<result column="FECHA_CREACION" jdbcType="VARCHAR" property="fecCrea" />
		<result column="FECHA_MODIFICACION" jdbcType="VARCHAR"
			property="fecModif" />
	</resultMap>

	<select id="listarParametroOperaciones"
		parameterType="com.cardif.satelite.reportesbs.bean.ParametroOperacionesBean"
		resultMap="rmParametroOperaciones">
		SELECT
		CON.COD_CONTRATO AS COD_CONTRATO,
		EM.DESCRIPCION AS EMPRESA,
		SO.DESCRIPCION AS SOCIO,
		PRM_TIPO.DESCRIPCION_VALOR AS TIPO,
		PRM_TIPO_REA.DESCRIPCION_VALOR AS TIPO_REASEGURO,
		PRM_TIPO_MOV.DESCRIPCION_VALOR AS TIPO_MOVIMIENTO,
		PRM_TIPO_CONT.DESCRIPCION_VALOR AS TIPO_CONTRATO,
		PROD.DESCRIPCION AS PRODUCTO,
		PRM_DET_CNTA.DESCRIPCION_VALOR AS DETALLE_CUENTA,
		CON.SUM_ASEGURADA AS TOTAL_SOLES,
		CON.NUM_CONTRATO,
		CON.COD_EMPRESA,
		CON.COD_SOCIO,
		CON.COD_PRODUCTO,
		CON.COD_MONEDA,
		CON.COD_TIPOCONTRATO,
		CON.COD_DETCUENTA,
		CON.COD_TIPO,
		CON.COD_TIPOREA,
		CON.COD_TIPOMOV,
		CON.CONT_ESTADO,
		CON.CONT_FECINI,
		CON.CONT_FECFIN,
		CON.CONT_POLIZA,
		CON.COD_CORREDOR,
		CON.LIMITE_COBER,
		CON.COD_MONEDA_LIMITE_COBER,
		CON.PART_CONTRATO,
		CON.FRONTING,
		CON.CESION_QTA_PARTE,
		CON.CESION_EXCED,
		CON.COD_DINCONTA,
		CON.AFECTO_IGV,
		CON.USU_CREA,
		CON.FEC_CREA,
		CON.USU_MODIFICA,
		CON.FEC_MODIFICA,
		TO_CHAR(CON.FEC_CREA, 'dd/mm/yyyy hh24:mi:ss') AS FECHA_CREACION,
		TO_CHAR(CON.FEC_MODIFICA, 'dd/mm/yyyy hh24:mi:ss') AS FECHA_MODIFICACION
		FROM
		CONTRATO CON
		INNER JOIN EMPRESA EM
		ON EM.COD_EMPRESA = CON.COD_EMPRESA
		INNER JOIN SOCIO SO
		ON SO.COD_SOCIO = CON.COD_SOCIO
		INNER JOIN PARAMETRO PRM_TIPO
		ON PRM_TIPO.COD_VALOR = CON.COD_TIPO AND SUBSTR(PRM_TIPO.COD_PARAMETRO,
		1, 2) = #{codParamTipo, jdbcType=VARCHAR}
		INNER JOIN PARAMETRO PRM_TIPO_REA
		ON PRM_TIPO_REA.COD_VALOR = CON.COD_TIPOREA AND
		SUBSTR(PRM_TIPO_REA.COD_PARAMETRO, 1, 2) = #{codParamTipoRea,
		jdbcType=VARCHAR}
		INNER JOIN PARAMETRO PRM_TIPO_MOV
		ON PRM_TIPO_MOV.COD_VALOR = CON.COD_TIPOMOV AND
		SUBSTR(PRM_TIPO_MOV.COD_PARAMETRO, 1, 2) = #{codParamTipoMov,
		jdbcType=VARCHAR}
		INNER JOIN PARAMETRO PRM_TIPO_CONT
		ON PRM_TIPO_CONT.COD_VALOR = CON.COD_TIPOCONTRATO AND
		SUBSTR(PRM_TIPO_CONT.COD_PARAMETRO, 1, 2) = #{codParamTipoCont,
		jdbcType=VARCHAR}
		INNER JOIN PRODUCTO PROD
		ON PROD.COD_PRODUCTO = CON.COD_PRODUCTO
		INNER JOIN PARAMETRO PRM_DET_CNTA
		ON PRM_DET_CNTA.COD_VALOR = CON.COD_DETCUENTA AND
		SUBSTR(PRM_DET_CNTA.COD_PARAMETRO, 1, 2) = #{codParamDetCuenta,
		jdbcType=VARCHAR}
		WHERE
		1=1
		<if test="codigoEmpresa != null">
			AND
			CON.COD_EMPRESA = #{codigoEmpresa, jdbcType=NUMERIC}
		</if>
		<if test="codigoTipoContrato != null">
			AND
			CON.COD_TIPOCONTRATO = #{codigoTipoContrato, jdbcType=VARCHAR}
		</if>
		<if test="codigoTipo != null">
			AND
			CON.COD_TIPO = #{codigoTipo, jdbcType=VARCHAR}
		</if>
		<if test="codigoSocio != null">
			AND
			CON.COD_SOCIO = #{codigoSocio, jdbcType=NUMERIC}
		</if>
		<if test="codigoProducto != null">
			AND
			CON.COD_PRODUCTO = #{codigoProducto, jdbcType=NUMERIC}
		</if>
		<if test="codigoTipoRea != null">
			AND
			CON.COD_TIPOREA = #{codigoTipoRea, jdbcType=VARCHAR}
		</if>
		<if test="codigoDetalleCuenta != null">
			AND
			CON.COD_DETCUENTA = #{codigoDetalleCuenta, jdbcType=VARCHAR}
		</if>
		<if test="afectoIGV != null">
			AND
			CON.AFECTO_IGV = #{afectoIGV, jdbcType=VARCHAR}
		</if>
		<if test="codigoTipoMov != null">
			AND
			CON.COD_TIPOMOV = #{codigoTipoMov, jdbcType=VARCHAR}
		</if>
		<if test="estado != null">
			AND
			CON.CONT_ESTADO = #{estado, jdbcType=VARCHAR}
		</if>
		<if test="codigoMoneda != null">
			AND
			CON.COD_MONEDA = #{codigoMoneda, jdbcType=VARCHAR}
		</if>
	</select>

	<insert id="insertarParametroOperaciones"
		parameterType="com.cardif.satelite.reportesbs.bean.ParametroOperacionesBean">
		INSERT INTO contrato(cod_contrato, num_contrato,
		cod_empresa, cod_socio, cod_producto, cod_moneda, cod_tipocontrato,
		cod_detcuenta
		, cod_tipo, cod_tiporea, cod_tipomov, cont_estado, cont_fecini,
		cont_fecfin, cont_poliza, cod_corredor
		, limite_cober, cod_moneda_limite_cober, part_contrato, fronting,
		cesion_qta_parte, cesion_exced, sum_asegurada
		, cod_dinconta, afecto_igv, usu_crea, fec_crea, usu_modifica,
		fec_modifica)
		VALUES(
		SEC_COD_CONTRATO.NEXTVAL,
		#{numContrato, jdbcType=VARCHAR},
		#{codigoEmpresa, jdbcType=NUMERIC},
		#{codigoSocio, jdbcType=NUMERIC},
		#{codigoProducto, jdbcType=NUMERIC},
		#{codigoMoneda, jdbcType=VARCHAR},
		#{codigoTipoContrato, jdbcType=VARCHAR},
		#{codigoDetalleCuenta, jdbcType=VARCHAR},
		#{codigoTipo, jdbcType=VARCHAR},
		#{codigoTipoRea, jdbcType=VARCHAR},
		#{codigoTipoMov, jdbcType=VARCHAR},
		#{estado, jdbcType=VARCHAR},
		#{fechaIni, jdbcType=DATE},
		#{fechaFin, jdbcType=DATE},
		#{poliza, jdbcType=VARCHAR},
		#{corredor, jdbcType=NUMERIC},
		#{limiteCober, jdbcType=NUMERIC},
		#{codigoMonedaLimiteCober, jdbcType=VARCHAR},
		#{partContrato, jdbcType=NUMERIC},
		#{fronting, jdbcType=VARCHAR},
		#{cesionQtaParte, jdbcType=NUMERIC},
		#{cesionExced, jdbcType=NUMERIC},
		#{sumaAsegurada, jdbcType=NUMERIC},
		#{codigoDinConta, jdbcType=NUMERIC},
		#{afectoIGV, jdbcType=VARCHAR},
		#{usuarioCreacion, jdbcType=VARCHAR},
		SYSDATE,
		NULL,
		NULL
		)
	</insert>

	<update id="actualizarParametroOperaciones"
		parameterType="com.cardif.satelite.reportesbs.bean.ParametroOperacionesBean">
		UPDATE CONTRATO
		SET
		num_contrato = #{numContrato, jdbcType=VARCHAR},
		cod_empresa = #{codigoEmpresa, jdbcType=NUMERIC},
		cod_socio = #{codigoSocio, jdbcType=NUMERIC},
		cod_producto = #{codigoProducto, jdbcType=NUMERIC},
		cod_moneda = #{codigoMoneda, jdbcType=VARCHAR},
		cod_tipocontrato = #{codigoTipoContrato, jdbcType=VARCHAR},
		cod_detcuenta = #{codigoDetalleCuenta, jdbcType=VARCHAR},
		cod_tipo = #{codigoTipo, jdbcType=VARCHAR},
		cod_tiporea = #{codigoTipoRea, jdbcType=VARCHAR},
		cod_tipomov = #{codigoTipoMov, jdbcType=VARCHAR},
		cont_estado = #{estado, jdbcType=VARCHAR},
		cont_fecini = #{fechaIni, jdbcType=DATE},
		cont_fecfin = #{fechaFin, jdbcType=DATE},
		cont_poliza = #{poliza, jdbcType=VARCHAR},
		cod_corredor = #{corredor, jdbcType=NUMERIC},
		limite_cober = #{limiteCober, jdbcType=NUMERIC},
		cod_moneda_limite_cober = #{codigoMonedaLimiteCober, jdbcType=VARCHAR},
		part_contrato = #{partContrato, jdbcType=NUMERIC},
		fronting = #{fronting, jdbcType=VARCHAR},
		cesion_qta_parte = #{cesionQtaParte, jdbcType=NUMERIC},
		cesion_exced = #{cesionExced, jdbcType=NUMERIC},
		sum_asegurada = #{sumaAsegurada, jdbcType=NUMERIC},
		cod_dinconta = #{codigoDinConta, jdbcType=NUMERIC},
		afecto_igv = #{afectoIGV, jdbcType=VARCHAR},
		usu_modifica = #{usuarioModifica, jdbcType=VARCHAR},
		fec_modifica = SYSDATE
		WHERE
		cod_contrato = #{codigoContrato, jdbcType=NUMERIC}
	</update>

	<select id="listarParametroOperacionesAsientos"
		parameterType="com.cardif.satelite.reportesbs.bean.ParametroOperacionesBean"
		resultMap="rmParametroOperaciones">
		SELECT
		COD_DINCONTA, CONT_POLIZA
		FROM
		CONTRATO
		WHERE
		CONT_ESTADO = '1'
		AND COD_EMPRESA = #{codigoEmpresa, jdbcType=NUMERIC}
		AND COD_SOCIO = #{codigoSocio, jdbcType=NUMERIC}
		AND COD_PRODUCTO = #{codigoProducto, jdbcType=NUMERIC}
		AND COD_MONEDA = #{codigoMoneda, jdbcType=VARCHAR}
		AND COD_DETCUENTA = #{codigoDetalleCuenta, jdbcType=VARCHAR}
		AND COD_TIPO = #{codigoTipo, jdbcType=VARCHAR}
		AND COD_TIPOREA = #{codigoTipoRea, jdbcType=VARCHAR}
		AND COD_TIPOMOV = #{codigoTipoMov, jdbcType=VARCHAR}
	</select>

</mapper>