<?xml version="1.0" encoding="UTF-8" ?>
<!DOCTYPE mapper PUBLIC "-//mybatis.org//DTD Mapper 3.0//EN" "http://mybatis.org/dtd/mybatis-3-mapper.dtd">
<mapper namespace="com.cardif.satelite.reportesbs.dao.PeriodoOperativoMapper">

	<resultMap id="rmPeriodoOperativo"
		type="com.cardif.satelite.reportesbs.bean.PeriodoOperativoBean">
		<result column="anio" property="anio" jdbcType="INTEGER" />
		<result column="mes" property="mes" jdbcType="INTEGER" />
		<result column="estado" property="estado" jdbcType="VARCHAR" />
		<result column="fec_apertura" property="fecApertura" jdbcType="DATE" />
		<result column="usu_apertura" property="usuApertura" jdbcType="VARCHAR" />
		<result column="codEstado" property="codEstado" jdbcType="VARCHAR" />
		<result column="accion" property="accion" jdbcType="VARCHAR" />
	</resultMap>

	<select id="obtenerPeriodoOperativo"
		parameterType="com.cardif.satelite.reportesbs.bean.PeriodoOperativoBean"
		resultMap="rmPeriodoOperativo">
		SELECT
		po.anio, po.mes, po.fec_apertura, po.usu_apertura, p.cod_valor as codEstado,
		p.descripcion_valor as estado, po.accion
		FROM
		periodo_operativo po INNER JOIN parametro p ON
		(po.estado = p.cod_valor and substr(p.cod_parametro,1,2) =
		#{codParamEstadoPeriodo, jdbcType=VARCHAR} )
		<where>
			<if test="anio != null">
				po.anio = #{anio, jdbcType=NUMERIC}
			</if>
			<if test="mes != null">
				AND po.mes = #{mes, jdbcType=NUMERIC}
			</if>
			<if test="estado != null">
				AND po.estado = #{estado, jdbcType=VARCHAR}
			</if>
		</where>
	</select>

	<select id="obtenerPeriodosOperativos"
		parameterType="com.cardif.satelite.reportesbs.bean.PeriodoOperativoBean"
		resultMap="rmPeriodoOperativo">
		SELECT
		po.anio, po.mes, po.fec_apertura, po.usu_apertura, p.cod_valor as codEstado,
		p.descripcion_valor as estado, po.accion
		FROM
		periodo_operativo po INNER JOIN parametro p ON
		(po.estado = p.cod_valor and substr(p.cod_parametro,1,2) =
		#{codParamEstadoPeriodo, jdbcType=VARCHAR} )
		<where>
			<if test="anio != null">
				po.anio = #{anio, jdbcType=NUMERIC}
			</if>
			<if test="mes != null">
				AND po.mes = #{mes, jdbcType=NUMERIC}
			</if>
			<if test="estado != null">
				AND po.estado = #{estado, jdbcType=VARCHAR}
			</if>
		</where>
		ORDER BY
		po.anio desc, po.mes asc
	</select>

	<!-- <foreach collection="list" open="(" close=")" separator="),(" item="l"> -->
	<insert id="insertarPeriodoOperativo" parameterType="java.util.List">
		INSERT INTO
		periodo_operativo(anio, mes, estado, fec_apertura, usu_apertura)
		VALUES (
		#{anio, jdbcType=NUMERIC},
		#{mes, jdbcType=NUMERIC},
		#{estado, jdbcType=VARCHAR},
		#{fecApertura, jdbcType=DATE},
		#{usuApertura, jdbcType=VARCHAR})
	</insert>

	<update id="actualizarPeriodoOperativo"
		parameterType="com.cardif.satelite.model.reportesbs.PeriodoOperativo">
		UPDATE
		periodo_operativo
		<set>
			<if test="anio != null">
				anio = #{anio, jdbcType=NUMERIC}
			</if>
			<if test="mes != null">
				, mes = #{mes, jdbcType=NUMERIC}
			</if>
			<if test="estado != null">
				, estado = #{estado, jdbcType=NVARCHAR}
			</if>
			<if test="fecApertura != null">
				, fec_apertura = #{fecApertura, jdbcType=DATE}
			</if>
			<if test="usuApertura != null">
				, usu_apertura = #{usuApertura, jdbcType=NVARCHAR}
			</if>
			<if test="accion != null">
				, accion = #{accion, jdbcType=VARCHAR}
			</if>
		</set>
		WHERE
		anio = #{anio, jdbcType=NUMERIC}
		AND mes = #{mes, jdbcType=NUMERIC}
	</update>

	<select id="ObtienePeriodosPorTrimestre"
		parameterType="com.cardif.satelite.reportesbs.bean.PeriodoOperativoBean"
		resultMap="rmPeriodoOperativo">
		SELECT
		po.anio, po.mes, po.fec_apertura, po.usu_apertura, p.cod_valor as codEstado,
		p.descripcion_valor as estado, po.accion
		FROM
		periodo_operativo po INNER JOIN parametro p ON
		(po.estado = p.cod_valor and substr(p.cod_parametro,1,2) =
		#{codParamEstadoPeriodo, jdbcType=VARCHAR} )
		WHERE po.anio = #{anio,
		jdbcType=NUMERIC}
		AND po.mes > #{mesUltimoAnterios, jdbcType=NUMERIC}
		<![CDATA[
		AND po.mes <= #{mes, jdbcType=NUMERIC}
		]]>
	</select>

</mapper>