<?xml version="1.0" encoding="UTF-8" ?>
<!DOCTYPE mapper PUBLIC "-//mybatis.org//DTD Mapper 3.0//EN" "http://mybatis.org/dtd/mybatis-3-mapper.dtd">
<mapper namespace="com.cardif.satelite.reportesbs.dao.PeriodoOperativoDetMapper">

	<resultMap id="rmPeriodoOperativoDet"
		type="com.cardif.satelite.reportesbs.bean.PeriodoOperativoBean">
		<result column="anio" property="anio" jdbcType="INTEGER" />
		<result column="mes" property="mes" jdbcType="INTEGER" />
		<result column="fec_cierre" property="fecCierre" jdbcType="DATE" />
		<result column="usu_cierre" property="usuCierre" jdbcType="VARCHAR" />
		<result column="fec_reabierto" property="fecReabierto"
			jdbcType="DATE" />
		<result column="usu_reabierto" property="usuReabierto"
			jdbcType="VARCHAR" />
		<result column="reabierto_coment" property="comentarios"
			jdbcType="VARCHAR" />
	</resultMap>

	<insert id="insertarPeriodoOperativoDet"
		parameterType="com.cardif.satelite.model.reportesbs.PeriodoOperativoDet">
		<selectKey order="BEFORE" keyProperty="id" resultType="java.lang.Long">
			SELECT SEC_PERIODO_OPERATIVO_DET.NEXTVAL FROM DUAL
		</selectKey>
		INSERT INTO
		periodo_operativo_det(id, anio, mes, fec_cierre, usu_cierre, fec_reabierto, usu_reabierto,
		reabierto_coment)
		VALUES(
		#{id,jdbcType=NUMERIC},
		#{anio, jdbcType=NUMERIC},
		#{mes, jdbcType=NUMERIC},
		#{fecCierre, jdbcType=DATE},
		#{usuCierre, jdbcType=VARCHAR},
		#{fecReabierto, jdbcType=DATE},
		#{usuReabierto, jdbcType=VARCHAR},
		#{reabiertoComent, jdbcType=VARCHAR})
	</insert>

	<update id="actualizarPeriodoOperativoDet"
		parameterType="com.cardif.satelite.model.reportesbs.PeriodoOperativoDet">
		UPDATE
		periodo_operativo_det
		<set>
			<if test="anio != null">
				anio = #{anio, jdbcType=NUMERIC}
			</if>
			<if test="mes != null">
				, mes = #{mes, jdbcType=NUMERIC}
			</if>
			<if test="usuReabierto != null">
				, usu_reabierto = #{usuReabierto, jdbcType=VARCHAR}
			</if>
			<if test="fecReabierto != null">
				, fec_reabierto = #{fecReabierto, jdbcType=DATE}
			</if>
			<if test="reabiertoComent != null">
				, reabierto_coment = #{reabiertoComent, jdbcType=VARCHAR}
			</if>
		</set>
		WHERE
		anio = #{anio, jdbcType=NUMERIC}
		AND mes = #{mes, jdbcType=NUMERIC}
	</update>

	<select id="obtenerUltimoCierre"
		parameterType="com.cardif.satelite.model.reportesbs.PeriodoOperativoDet"
		resultMap="rmPeriodoOperativoDet">
		SELECT t1.* FROM (
		SELECT
		pod.id, pod.anio, pod.mes, pod.fec_cierre, pod.usu_cierre
		FROM
		periodo_operativo_det pod
		WHERE
		pod.anio = #{anio, jdbcType=NUMERIC}
		and pod.mes = #{mes, jdbcType=NUMERIC}
		and fec_cierre is not null
		and usu_cierre is not null
		ORDER BY id DESC) t1
		WHERE rownum = 1
	</select>

	<select id="obtenerUltimaReapertura"
		parameterType="com.cardif.satelite.model.reportesbs.PeriodoOperativoDet"
		resultMap="rmPeriodoOperativoDet">
		SELECT t1.* FROM (
		SELECT
		pod.id, pod.anio, pod.mes, pod.fec_reabierto, pod.usu_reabierto,
		pod.reabierto_coment
		FROM
		periodo_operativo_det pod
		WHERE
		pod.anio = #{anio, jdbcType=NUMERIC}
		and pod.mes = #{mes, jdbcType=NUMERIC}
		and pod.fec_reabierto is not null
		and pod.usu_reabierto is not null
		ORDER BY id DESC) t1
		WHERE rownum = 1
	</select>

</mapper>