<?xml version="1.0" encoding="UTF-8"?>
<!DOCTYPE mapper PUBLIC "-//mybatis.org//DTD Mapper 3.0//EN" "http://mybatis.org/dtd/mybatis-3-mapper.dtd" >
<mapper namespace="com.cardif.satelite.reportesbs.dao.ReportesAnexosSbsMapper">

	<resultMap id="rmAnexo18A"
		type="com.cardif.satelite.reportesbs.bean.ReporteAnexo18ABean">
		<result column="NUMERO_CONTRATO" jdbcType="VARCHAR" property="numeroContrato" />
		<result column="CODIGO_SBS" jdbcType="VARCHAR" property="codigoSbs" />
		<result column="PAIS_ORIGEN" jdbcType="VARCHAR" property="paisOrigen" />
		<result column="EMPRESA_CLASIFICADORA" jdbcType="VARCHAR"
			property="empresaClasificadora" />
		<result column="CLASIFICACION_RIESGO" jdbcType="NUMERIC"
			property="clasificacionRiesgo" />
		<result column="CLASIFICADORA" jdbcType="VARCHAR" property="clasificadora" />
		<result column="FEC_CLASIFICACION" jdbcType="DATE" property="fecClasificacion" />
		<result column="COD_CORREDOR" jdbcType="NUMERIC" property="codCorredor" />
		<result column="NOM_CORREDOR" jdbcType="VARCHAR" property="nomCorredor" />
		<result column="CODSBS_CORREDOR" jdbcType="VARCHAR" property="codSbsCorredor" />
		<result column="COD_TIPO_CONTRATO" jdbcType="VARCHAR" property="codtipoContrato" />
		<result column="TIPO_CONTRATO" jdbcType="VARCHAR" property="tipoContrato" />
		<result column="VALOR_TIPO_CONTRATO" jdbcType="VARCHAR"
			property="valorTipoContrato" />
		<result column="RIESGO" jdbcType="NUMERIC" property="riesgo" />
		<result column="FEC_INI_VIGENCIA" jdbcType="DATE" property="fecIniVigencia" />
		<result column="FEC_FIN_VIGENCIA" jdbcType="DATE" property="fecFinVigencia" />
		<result column="PRIMAS_CEDIDAS_BRUTAS" jdbcType="NUMERIC"
			property="primasCedidasBrutas" />
		<result column="PRIMAS_CEDIDAS_NETAS" jdbcType="NUMERIC"
			property="primasCedidasNetas" />
		<result column="CODSBS_CLASIFICADORA" jdbcType="VARCHAR" property="codSbsClasificadora" />	
	</resultMap>

	<resultMap id="rmAnexo18E"
		type="com.cardif.satelite.reportesbs.bean.ReporteAnexo18EBean">
		<result column="COD_SBS" jdbcType="VARCHAR" property="codSbs" />
		<result column="DESC_EMPRESA" jdbcType="VARCHAR" property="descEmpresa" />
		<result column="COD_PRODUCTO" jdbcType="NUMERIC" property="codProducto" />
		<result column="NOMBRE_ASEGURADO" jdbcType="VARCHAR" property="nombreAsegurado" />
		<result column="NUM_SINIESTRO" jdbcType="VARCHAR" property="numSiniestro" />
		<result column="FEC_OCUSINIESTRO" jdbcType="DATE" property="fecOcuSiniestro" />
		<result column="IMPORTE_SINIESTRO" jdbcType="NUMERIC" property="importeSiniestro" />
		<result column="MERCADO_TOTAL" jdbcType="NUMERIC" property="mercadoTotal" />
		<result column="MERCADO_EXTRANJERO" jdbcType="NUMERIC"
			property="mercadoExtranjero" />
		<result column="TOTAL" jdbcType="NUMERIC" property="total" />
		<result column="COD_CARGA_OPERACIONES" jdbcType="NUMERIC"
			property="codCargaOperaciones" />
		<result column="CLASIFICACION_RIESGO" jdbcType="VARCHAR"
			property="clasificacionRiesgo" />
		<result column="FECHA_CLASIFICACION_RIESGO" jdbcType="DATE"
			property="fechaClasificacionRiesgo" />
		<result column="CODIGO_RAMO_ACT" jdbcType="NUMERIC" property="ramoAct" />
		<result column="RAMO_TXT" jdbcType="NUMERIC" property="ramoTXT" />
		<result column="EMP_CLASIFICADORA" jdbcType="VARCHAR" property="empresaClasificadora" />
		<result column="SBS_CLASIFICADORA" jdbcType="VARCHAR" property="idEmpresaClasif" />
	</resultMap>

	<resultMap id="rmAnexo18F"
		type="com.cardif.satelite.reportesbs.bean.ReporteAnexo18FBean">
		<result column="cod_riesgo" jdbcType="NUMERIC" property="codRiesgo" />
		<result column="prima_pagar_reacedidos" jdbcType="NUMERIC"
			property="primaPagarReacedidos" />
		<result column="siniestro_pagar_reaceptados" jdbcType="NUMERIC"
			property="siniestroPagarReaceptados" />
		<result column="descuentos_comisiones_acep" jdbcType="NUMERIC"
			property="descuentosComisionesAcep" />
		<result column="prima_pagar_reaceptados" jdbcType="NUMERIC"
			property="primaPagarReaceptados" />
		<result column="siniestro_pagar_reasedidos" jdbcType="NUMERIC"
			property="siniestroPagarReasedidos" />
		<result column="descuentos_comisiones_ced" jdbcType="NUMERIC"
			property="descuentosComisionesCed" />
		<result column="saldo" jdbcType="NUMERIC" property="saldo" />
	</resultMap>

	<resultMap id="rmAnexo18G"
		type="com.cardif.satelite.reportesbs.bean.ReporteAnexo18GBean">
		<result column="NUM_CONTRATO" jdbcType="VARCHAR" property="numContrato" />
		<result column="COD_SBS" jdbcType="VARCHAR" property="codSbs" />
		<result column="PAIS_ORIGEN" jdbcType="VARCHAR" property="paisOrigen" />
		<result column="PRODUCTO" jdbcType="VARCHAR" property="producto" />
		<result column="CONT_FECINI" jdbcType="DATE" property="contFecIni" />
		<result column="CONT_FECFIN" jdbcType="DATE" property="contFecFin" />
		<result column="TIPO_CONTRATO" jdbcType="VARCHAR" property="tipoContrato" />
		<result column="VALOR_TIPO_CONTRATO" jdbcType="VARCHAR"
			property="valorTipoContrato" />
		<result column="limite_cober" jdbcType="NUMERIC" property="limiteCober" />
		<result column="part_contrato" jdbcType="NUMERIC" property="partContrato" />
		<result column="prima_pagar_reaceptados" jdbcType="NUMERIC"
			property="primaPagarReaceptados" />
		<result column="CODSBS_CLASIFICADORA" jdbcType="VARCHAR"
			property="codSbsClasificadora" />
		<result column="DESC_CLASRIESGO" jdbcType="VARCHAR" property="desClasRiesgo" />
		<result column="COD_PRODUCTO" jdbcType="NUMERIC" property="codProducto" />
	</resultMap>

	<resultMap id="rmAnexo18H"
		type="com.cardif.satelite.reportesbs.bean.ReporteAnexo18HBean">
		<result column="NUMERO_CONTRATO" jdbcType="VARCHAR" property="numContrado" />
		<result column="CODIGO_SBS" jdbcType="VARCHAR" property="codSbs" />
		<result column="COD_EMPRESA" jdbcType="VARCHAR" property="codEmpresa" />
		<result column="EMPRESA_CEDENTE" jdbcType="VARCHAR" property="empresaCedente" />
		<result column="RIESGO" jdbcType="VARCHAR" property="riesgo" />
		<result column="NOMBRE_ASEGURADO" jdbcType="VARCHAR" property="nomAsegurado" />
		<result column="NUMERO_SINIESTRO" jdbcType="VARCHAR" property="numSiniestro" />
		<result column="FECHA_OCURRENCIA" jdbcType="DATE" property="fechaOcurrencia" />
		<result column="LUGAR_OCURRENCIA" jdbcType="VARCHAR" property="lugarProcedencia" />
		<result column="IMPORTE_SINIESTRO_PAGAR" jdbcType="NUMERIC"
			property="importeSiniestroPagar" />
		<result column="IMPORTE_RETENCION" jdbcType="NUMERIC" property="importeRetencion" />
		<result column="IMPORTE_CESION" jdbcType="NUMERIC" property="importeCesion" />
		<result column="CODIGO_RAMO_ACT" jdbcType="NUMERIC" property="ramoAct" />
		<result column="RAMO_TXT" jdbcType="NUMERIC" property="ramoTXT" />
		<result column="COD_CARGA_OPERACIONES" jdbcType="NUMERIC" property="codCargaOperaciones" />
		<result column="SINIESTRO_UPDATE" jdbcType="VARCHAR" property="siniestroUpdate" />
	</resultMap>

	<resultMap id="rmAnexo18J"
		type="com.cardif.satelite.reportesbs.bean.ReporteAnexo18JBean">
		<result column="PAIS_ORIGEN" jdbcType="VARCHAR" property="paisOrigen" />
		<result column="PRIMA_PAGAR_REACEDIDOS" jdbcType="NUMERIC"
			property="primaPagarReacedidos" />
		<result column="SINIESTRO_PAGAR_REACEPTADOS" jdbcType="NUMERIC"
			property="siniestroPagarReaceptados" />
		<result column="DESCUENTOS_COMISIONES_ACEP" jdbcType="NUMERIC"
			property="descuentosComisionesAcep" />
		<result column="PRIMA_PAGAR_REACEPTADOS" jdbcType="NUMERIC"
			property="primaPagarReaceptados" />
		<result column="SINIESTRO_PAGAR_REASEDIDOS" jdbcType="NUMERIC"
			property="siniestroPagarReasedidos" />
		<result column="DESCUENTOS_COMISIONES_CED" jdbcType="NUMERIC"
			property="descuentosComisionesCed" />
		<result column="SALDO" jdbcType="NUMERIC" property="saldo" />
		<result column="VALOR_PAIS" jdbcType="VARCHAR" property="codPais" />
	</resultMap>

	<select id="listarAnexo18A"
		parameterType="com.cardif.satelite.reportesbs.bean.ReporteAnexo18ABean"
		resultMap="rmAnexo18A">
		SELECT C.NUM_CONTRATO AS NUMERO_CONTRATO,
		E.COD_SBS AS CODIGO_SBS,
		PAIS.DESCRIPCION_VALOR PAIS_ORIGEN,
		CL.NOM_CLASIFICADORA AS
		EMPRESA_CLASIFICADORA,
		CL.COD_CLASIFICADORA AS CLASIFICACION_RIESGO,
		CLR.DESC_CLASRIESGO AS CLASIFICADORA,
		CL.CODSBS_CLASIFICADORA AS CODSBS_CLASIFICADORA,
		E.FEC_CLASIFICACION,
		COR.COD_CORREDOR,
		COR.NOM_CORREDOR,
		COR.CODSBS_CORREDOR,
		C.COD_TIPOCONTRATO COD_TIPO_CONTRATO,
		P_TIPCONTRATO.DESCRIPCION_VALOR
		AS TIPO_CONTRATO,
		NVL(P_TIPCONTRATO.DESC_CATEGORIA, ' ') AS
		VALOR_TIPO_CONTRATO,
		P.COD_PRODUCTO AS
		RIESGO,
		C.CONT_FECINI AS
		FEC_INI_VIGENCIA,
		C.CONT_FECFIN AS
		FEC_FIN_VIGENCIA,
		NVL(ROUND(SUM(CASE
		WHEN CO.TIPO_REASEGURO =
		#{tipoReaseguro, jdbcType=NVARCHAR}
		THEN (CASE
		WHEN CO.MONEDA = #{moneda, jdbcType=NVARCHAR}
		THEN
		CO.PRIMA_PAGAR_REACEDIDOS
		ELSE PRIMA_PAGAR_REACEDIDOS /#{tipoCambioSun,
		jdbcType=NUMERIC}
		END)
		END),2),0)
		PRIMAS_CEDIDAS_BRUTAS,
		(NVL(ROUND(SUM(CASE WHEN CO.TIPO_REASEGURO
		=
		#{tipoReaseguro,
		jdbcType=NVARCHAR} THEN
		(CASE WHEN CO.MONEDA =
		#{moneda,
		jdbcType=NVARCHAR} THEN
		CO.PRIMA_PAGAR_REACEDIDOS ELSE
		PRIMA_PAGAR_REACEDIDOS
		/#{tipoCambioSun, jdbcType=NUMERIC}
		END)
		END),2),0)
		- NVL(ROUND(SUM(CASE WHEN CO.TIPO_REASEGURO =
		#{tipoReaseguro,
		jdbcType=NVARCHAR} THEN (CASE WHEN CO.MONEDA =
		#{moneda,
		jdbcType=NVARCHAR} THEN CO.DESCUENTOS_COMISIONES_REA ELSE
		CO.DESCUENTOS_COMISIONES_REA /#{tipoCambioSun,
		jdbcType=NUMERIC} END)
		END),2),0)) AS PRIMAS_CEDIDAS_NETAS
		FROM CARGA_OPERACIONES CO
		LEFT JOIN
		EMPRESA E ON CO.COD_SBS = E.COD_SBS
		LEFT JOIN CLASIFICADORA CL ON
		E.CLASIFICADORA_ID = CL.COD_CLASIFICADORA
		LEFT JOIN
		CLASIFICADORA_RIESGO CLR ON CLR.COD_CLASRIESGO =
		E.CLASIFICACION_ID
		INNER JOIN CONTRATO C
		ON CO.COD_PRODUCTO = C.COD_PRODUCTO
		AND
		CO.TIPO_SEGURO = C.COD_TIPO
		AND CO.MONEDA = C.COD_MONEDA
		AND
		CO.COD_PRODUCTO = C.COD_PRODUCTO
		AND CO.TIPO_REASEGURO = C.COD_TIPOREA
		AND CO.TIPO_OPERACION = C.COD_DETCUENTA
		LEFT JOIN CORREDOR COR ON
		C.COD_CORREDOR = COR.COD_CORREDOR
		LEFT JOIN PARAMETRO P_TIPCONTRATO ON
		P_TIPCONTRATO.COD_PARAMETRO =
		C.COD_TIPOCONTRATO
		LEFT JOIN PRODUCTO P ON
		C.COD_PRODUCTO = P.COD_PRODUCTO
		LEFT JOIN SOCIO CS ON CS.COD_SOCIO =
		C.COD_SOCIO
		LEFT JOIN PARAMETRO PAIS ON PAIS.COD_PARAMETRO =
		E.PAIS_ORIGEN
		WHERE
		C.COD_TIPOREA = #{tipoReaseguro, jdbcType=NVARCHAR}
		AND
		C.COD_DETCUENTA = #{tipoOperacionC, jdbcType=NVARCHAR} AND
		CO.TIPO_SEGURO = #{tipoSeguro, jdbcType=NVARCHAR}
			<![CDATA[
			AND CO.FECHA_MOVIMIENTO >= TO_DATE(#{primerDiaTrimestre, jdbcType=NVARCHAR}, 'dd/MM/yyyy')
			AND CO.FECHA_MOVIMIENTO < TO_DATE(#{primerDiaSgteTrimestre, jdbcType=NVARCHAR}, 'dd/MM/yyyy')
			]]>
		GROUP BY C.NUM_CONTRATO, E.COD_SBS, E.PAIS_ORIGEN,
		PAIS.DESCRIPCION_VALOR, COR.COD_CORREDOR,CL.NOM_CLASIFICADORA,
		CL.COD_CLASIFICADORA,CLR.DESC_CLASRIESGO,
		E.FEC_CLASIFICACION,
		COR.NOM_CORREDOR,COR.CODSBS_CORREDOR,C.COD_TIPOCONTRATO,
		P_TIPCONTRATO.DESCRIPCION_VALOR,
		P.COD_PRODUCTO, C.CONT_FECINI,
		C.CONT_FECFIN, P_TIPCONTRATO.DESC_CATEGORIA, CODSBS_CLASIFICADORA
		ORDER BY C.NUM_CONTRATO
	</select>

	<select id="listarAnexo18ECardif"
		parameterType="com.cardif.satelite.reportesbs.bean.ReporteAnexo18EBean"
		resultMap="rmAnexo18E">
		SELECT
		CLASIF.codsbs_clasificadora AS SBS_CLASIFICADORA,
		CLASIF.NOM_CLASIFICADORA AS EMP_CLASIFICADORA,
		(SELECT COD_SBS FROM EMPRESA WHERE COD_SBS = #{codSbs,
		jdbcType=NVARCHAR}) AS COD_SBS,
		(SELECT DESCRIPCION FROM EMPRESA WHERE
		COD_SBS = #{codSbs, jdbcType=NVARCHAR}) AS DESC_EMPRESA,
		CO.COD_PRODUCTO,
		CO.NOMBRE_ASEGURADO,
		CO.NUM_SINIESTRO,
		CO.FEC_OCUSINIESTRO,
		<!-- ROUND(CO.MONTO_TOTALASEG,2) AS IMPORTE_SINIESTRO, -->
		ROUND((CASE WHEN CO.MONEDA = #{moneda, jdbcType=VARCHAR} THEN 
			CO.MONTO_TOTALASEG ELSE CO.MONTO_TOTALASEG / #{tipoCambioSun, jdbcType=NUMERIC} END),2) AS IMPORTE_SINIESTRO,
		0 AS MERCADO_TOTAL,
		0 AS MERCADO_EXTRANJERO,
		<!-- ROUND(CO.MONTO_TOTALASEG,2) AS TOTAL, -->
		0 AS TOTAL,
		CO.COD_CARGA_OPERACIONES,
		CLR.DESC_CLASRIESGO AS CLASIFICACION_RIESGO,
		E.FEC_CLASIFICACION AS FECHA_CLASIFICACION_RIESGO,
		PRO.COD_RAMO AS CODIGO_RAMO_ACT,
		PRM_RAMO.DESC_CATEGORIA AS RAMO_TXT
		FROM CARGA_OPERACIONES CO 
		INNER JOIN PRODUCTO PRO ON PRO.COD_PRODUCTO = CO.COD_PRODUCTO
		INNER JOIN PARAMETRO PRM_RAMO ON substr(PRM_RAMO.COD_PARAMETRO, 1, 2) = #{prmRiesgoRamo, jdbcType=VARCHAR} 
					AND PRM_RAMO.COD_VALOR = PRO.COD_RAMO
		INNER JOIN CONTRATO C
		ON CO.COD_PRODUCTO = C.COD_PRODUCTO
		AND CO.TIPO_SEGURO = C.COD_TIPO
		AND CO.TIPO_REASEGURO = C.COD_TIPOREA
		AND CO.TIPO_OPERACION =
		C.COD_DETCUENTA
		AND CO.MONEDA = C.COD_MONEDA
		LEFT JOIN EMPRESA E ON CO.COD_SBS = E.COD_SBS
		LEFT JOIN CLASIFICADORA_RIESGO CLR ON CLR.COD_CLASRIESGO = E.CLASIFICACION_ID
		LEFT JOIN CLASIFICADORA CLASIF ON CLASIF.COD_CLASIFICADORA = E.CLASIFICADORA_ID
		WHERE CO.TIPO_SEGURO = #{tipoSeguro, jdbcType=NVARCHAR}
		AND CO.TIPO_REASEGURO
		=
		#{tipoReaseguro, jdbcType=NVARCHAR}
		AND CO.TIPO_OPERACION =
		#{tipoOperacion, jdbcType=NVARCHAR}
		AND CO.COD_PROCESO_ARCHIVO =
		#{codProcesoArchivo,jdbcType=NUMERIC}
		<if test="bo != null">
			AND CO.BO = #{bo,jdbcType=NUMERIC}
		</if>
		<if test="planilla != null">
			AND CO.PLANILLA = #{planilla,jdbcType=VARCHAR}
		</if>
		ORDER BY CO.FEC_OCUSINIESTRO ASC
	</select>

	<select id="listarAnexo18E"
		parameterType="com.cardif.satelite.reportesbs.bean.ReporteAnexo18EBean"
		resultMap="rmAnexo18E">
		SELECT
		CLASIF.codsbs_clasificadora AS SBS_CLASIFICADORA,
		CLASIF.NOM_CLASIFICADORA AS EMP_CLASIFICADORA,
		E.COD_SBS,E.DESCRIPCION AS DESC_EMPRESA,
		CO.COD_PRODUCTO,
		CO.NOMBRE_ASEGURADO,
		CO.NUM_SINIESTRO,
		CO.FEC_OCUSINIESTRO,
		0 AS IMPORTE_SINIESTRO,
		<!-- ROUND(NVL((CASE WHEN E.PAIS_ORIGEN = #{paisOrigen,jdbcType=NVARCHAR} THEN 
			CO.SINIESTRO_PAGAR_REASEDIDOS ELSE 0 END ),0),2) AS MERCADO_TOTAL, -->
		ROUND(NVL((CASE WHEN E.PAIS_ORIGEN = #{paisOrigen,jdbcType=NVARCHAR} THEN 
			(CASE WHEN CO.MONEDA = #{moneda, jdbcType=VARCHAR} THEN CO.SINIESTRO_PAGAR_REASEDIDOS 
			ELSE CO.SINIESTRO_PAGAR_REASEDIDOS / #{tipoCambioSun, jdbcType=NUMERIC} END) ELSE 0 END ),0),2) AS MERCADO_TOTAL,
		<!-- ROUND(NVL((CASE WHEN E.PAIS_ORIGEN != #{paisOrigen, jdbcType=NVARCHAR} THEN 
			CO.SINIESTRO_PAGAR_REASEDIDOS ELSE 0 END ), 0),2) AS MERCADO_EXTRANJERO, -->
		ROUND(NVL((CASE WHEN E.PAIS_ORIGEN != #{paisOrigen, jdbcType=NVARCHAR} THEN 
			(CASE WHEN CO.MONEDA = #{moneda, jdbcType=VARCHAR} THEN CO.SINIESTRO_PAGAR_REASEDIDOS 
			ELSE CO.SINIESTRO_PAGAR_REASEDIDOS / #{tipoCambioSun, jdbcType=NUMERIC} END) ELSE 0 END ), 0),2) AS MERCADO_EXTRANJERO,
		<!-- ROUND(NVL(CO.SINIESTRO_PAGAR_REASEDIDOS, 0),2) AS TOTAL, -->
		ROUND(NVL((CASE WHEN CO.MONEDA = #{moneda, jdbcType=VARCHAR} THEN 
			CO.SINIESTRO_PAGAR_REASEDIDOS ELSE CO.SINIESTRO_PAGAR_REASEDIDOS / #{tipoCambioSun, jdbcType=NUMERIC} END), 0),2) AS TOTAL,
		CO.COD_CARGA_OPERACIONES,
		CLR.DESC_CLASRIESGO AS CLASIFICACION_RIESGO,
		E.FEC_CLASIFICACION AS FECHA_CLASIFICACION_RIESGO,
		PRO.COD_RAMO AS CODIGO_RAMO_ACT,
		PRM_RAMO.DESC_CATEGORIA AS RAMO_TXT
		FROM
		CARGA_OPERACIONES CO
		INNER JOIN PRODUCTO PRO ON PRO.COD_PRODUCTO = CO.COD_PRODUCTO
		INNER JOIN PARAMETRO PRM_RAMO ON substr(PRM_RAMO.COD_PARAMETRO, 1, 2) = #{prmRiesgoRamo, jdbcType=VARCHAR} 
					AND PRM_RAMO.COD_VALOR = PRO.COD_RAMO
		LEFT JOIN EMPRESA E ON CO.COD_SBS = E.COD_SBS
		LEFT JOIN CLASIFICADORA_RIESGO CLR ON CLR.COD_CLASRIESGO = E.CLASIFICACION_ID
		LEFT JOIN CLASIFICADORA CLASIF ON CLASIF.COD_CLASIFICADORA = E.CLASIFICADORA_ID
		INNER JOIN CONTRATO C
		ON CO.COD_PRODUCTO =
		C.COD_PRODUCTO
		AND CO.TIPO_SEGURO = C.COD_TIPO
		AND CO.TIPO_REASEGURO =
		C.COD_TIPOREA
		AND CO.TIPO_OPERACION = C.COD_DETCUENTA
		AND CO.MONEDA =
		C.COD_MONEDA
		WHERE CO.TIPO_SEGURO = #{tipoSeguro,
		jdbcType=NVARCHAR}
		AND
		CO.TIPO_REASEGURO
		= #{tipoReaseguro,
		jdbcType=NVARCHAR}
		AND
		CO.TIPO_OPERACION =
		#{tipoOperacion,
		jdbcType=NVARCHAR}
		AND
		CO.COD_PROCESO_ARCHIVO =
		#{codProcesoArchivo,jdbcType=NUMERIC}
		<if test="bo != null">
			AND CO.BO = #{bo,jdbcType=NUMERIC}
		</if>
		<if test="planilla != null">
			AND CO.PLANILLA = #{planilla,jdbcType=VARCHAR}
		</if>
		ORDER BY CO.FEC_OCUSINIESTRO ASC
	</select>

	<select id="listarAnexo18F"
		parameterType="com.cardif.satelite.reportesbs.bean.ReporteAnexo18FBean"
		resultMap="rmAnexo18F">
		SELECT C.COD_PRODUCTO AS COD_RIESGO,
		NVL(ROUND(SUM(CASE WHEN
		CO.TIPO_REASEGURO = #{tipoReaseguroCedido, jdbcType=NVARCHAR}
		THEN
		(CASE WHEN CO.MONEDA = #{moneda, jdbcType=NVARCHAR} THEN
		CO.PRIMA_PAGAR_REACEDIDOS ELSE PRIMA_PAGAR_REACEDIDOS /
		#{tipoCambioSun, jdbcType=NUMERIC} END) END),2),0)
		PRIMA_PAGAR_REACEDIDOS,
		NVL(ROUND(SUM(CASE WHEN CO.TIPO_REASEGURO =
		#{tipoReaseguroRecibido, jdbcType=NVARCHAR}
		THEN (CASE WHEN CO.MONEDA =
		#{moneda, jdbcType=NVARCHAR} THEN
		CO.SINIESTRO_PAGAR_REAACEPTADOS ELSE
		CO.SINIESTRO_PAGAR_REAACEPTADOS / #{tipoCambioSun,
		jdbcType=NUMERIC}
		END) END),2),0) SINIESTRO_PAGAR_REACEPTADOS,
		0
		DESCUENTOS_COMISIONES_ACEP,
		NVL(ROUND(SUM(CASE WHEN CO.TIPO_REASEGURO =
		#{tipoReaseguroRecibido, jdbcType=NVARCHAR}
		THEN (CASE WHEN CO.MONEDA =
		#{moneda, jdbcType=NVARCHAR} THEN
		CO.PRIMA_PAGAR_REACEPTADOS ELSE
		CO.PRIMA_PAGAR_REACEPTADOS /
		#{tipoCambioSun,
		jdbcType=NUMERIC} END)
		END),2),0)
		PRIMA_PAGAR_REACEPTADOS,
		NVL(ROUND(SUM(CASE
		WHEN
		CO.TIPO_REASEGURO = #{tipoReaseguroCedido, jdbcType=NVARCHAR}
		THEN
		(CASE WHEN CO.MONEDA = #{moneda, jdbcType=NVARCHAR} THEN
		CO.SINIESTRO_PAGAR_REASEDIDOS ELSE CO.SINIESTRO_PAGAR_REASEDIDOS
		/
		#{tipoCambioSun, jdbcType=NUMERIC} END) END),2),0)
		SINIESTRO_PAGAR_REASEDIDOS,
		NVL(ROUND(SUM(CASE WHEN CO.TIPO_REASEGURO =
		#{tipoReaseguroCedido, jdbcType=NVARCHAR}
		THEN (CASE WHEN CO.MONEDA =
		#{moneda, jdbcType=NVARCHAR} THEN
		CO.DESCUENTOS_COMISIONES_REA ELSE
		CO.DESCUENTOS_COMISIONES_REA /
		#{tipoCambioSun,
		jdbcType=NUMERIC} END)
		END),2),0)DESCUENTOS_COMISIONES_CED,

		((NVL(ROUND(SUM(CASE WHEN
		CO.TIPO_REASEGURO = #{tipoReaseguroRecibido,
		jdbcType=NVARCHAR}
		THEN
		(CASE WHEN CO.MONEDA = #{moneda,
		jdbcType=NVARCHAR} THEN
		CO.PRIMA_PAGAR_REACEPTADOS ELSE
		CO.PRIMA_PAGAR_REACEPTADOS /
		#{tipoCambioSun,
		jdbcType=NUMERIC} END) END),2),0) +
		NVL(ROUND(SUM(CASE
		WHEN CO.TIPO_REASEGURO
		= #{tipoReaseguroCedido, jdbcType=NVARCHAR}
		THEN
		(CASE WHEN CO.MONEDA =
		#{moneda, jdbcType=NVARCHAR} THEN
		CO.SINIESTRO_PAGAR_REASEDIDOS ELSE
		CO.SINIESTRO_PAGAR_REASEDIDOS
		/
		#{tipoCambioSun,
		jdbcType=NUMERIC} END) END),2),0) +
		NVL(ROUND(SUM(CASE
		WHEN CO.TIPO_REASEGURO
		= #{tipoReaseguroCedido, jdbcType=NVARCHAR}
		THEN
		(CASE WHEN CO.MONEDA =
		#{moneda, jdbcType=NVARCHAR} THEN
		CO.DESCUENTOS_COMISIONES_REA ELSE
		CO.DESCUENTOS_COMISIONES_REA /
		#{tipoCambioSun,
		jdbcType=NUMERIC} END) END),2),0))
		-
		(NVL(ROUND(SUM(CASE WHEN
		CO.TIPO_REASEGURO = #{tipoReaseguroCedido,
		jdbcType=NVARCHAR}
		THEN
		(CASE WHEN CO.MONEDA = #{moneda,
		jdbcType=NVARCHAR} THEN
		CO.PRIMA_PAGAR_REACEDIDOS ELSE
		PRIMA_PAGAR_REACEDIDOS /
		#{tipoCambioSun, jdbcType=NUMERIC} END)
		END),2),0) +
		NVL(ROUND(SUM(CASE WHEN
		CO.TIPO_REASEGURO =
		#{tipoReaseguroRecibido, jdbcType=NVARCHAR}
		THEN
		(CASE WHEN CO.MONEDA =
		#{moneda, jdbcType=NVARCHAR} THEN
		CO.SINIESTRO_PAGAR_REAACEPTADOS ELSE
		CO.SINIESTRO_PAGAR_REAACEPTADOS / #{tipoCambioSun,
		jdbcType=NUMERIC}
		END) END),2),0)))
		AS SALDO
		FROM CARGA_OPERACIONES CO
		LEFT JOIN EMPRESA E
		ON CO.COD_SBS = E.COD_SBS
		INNER JOIN CONTRATO C
		ON CO.COD_PRODUCTO =
		C.COD_PRODUCTO
		AND CO.TIPO_SEGURO = C.COD_TIPO
		AND CO.TIPO_REASEGURO =
		C.COD_TIPOREA
		AND CO.TIPO_OPERACION = C.COD_DETCUENTA
		AND CO.MONEDA =
		C.COD_MONEDA
		LEFT JOIN SOCIO CS ON CS.COD_SOCIO = C.COD_SOCIO
		WHERE
		CO.TIPO_SEGURO =
		#{tipoSeguro, jdbcType=NVARCHAR}
			<![CDATA[
			AND CO.FECHA_MOVIMIENTO >= TO_DATE(#{primerDiaTrimestre, jdbcType=NVARCHAR},'dd/MM/yyyy')
			AND CO.FECHA_MOVIMIENTO < TO_DATE(#{primerDiaSgteTrimestre, jdbcType=NVARCHAR},'dd/MM/yyyy')
			]]>
		GROUP BY C.COD_PRODUCTO,0
	</select>

	<select id="listarAnexo18G"
		parameterType="com.cardif.satelite.reportesbs.bean.ReporteAnexo18GBean"
		resultMap="rmAnexo18G">
		SELECT C.NUM_CONTRATO,
		E.COD_SBS,
		PAIS.DESCRIPCION_VALOR PAIS_ORIGEN,
		P.DESCRIPCION AS PRODUCTO,
		C.CONT_FECINI,
		C.CONT_FECFIN,
		P_TPCNTRTO.DESCRIPCION_VALOR AS TIPO_CONTRATO,
		NVL(P_TPCNTRTO.DESC_CATEGORIA, '') AS VALOR_TIPO_CONTRATO,
		C.LIMITE_COBER,
		C.PART_CONTRATO,
		NVL(ROUND(SUM(CASE WHEN CO.MONEDA =
		#{moneda, jdbcType=NVARCHAR} THEN CO.PRIMA_PAGAR_REACEPTADOS ELSE
		CO.PRIMA_PAGAR_REACEPTADOS / #{tipoCambioSun, jdbcType=NUMERIC} END)
		,2),0) PRIMA_PAGAR_REACEPTADOS,
		CL.CODSBS_CLASIFICADORA,
		CLR.DESC_CLASRIESGO,
		C.COD_PRODUCTO
		FROM CARGA_OPERACIONES CO
		LEFT JOIN
		EMPRESA E ON CO.COD_SBS = E.COD_SBS
		LEFT JOIN CLASIFICADORA CL ON
		E.CLASIFICADORA_ID = CL.COD_CLASIFICADORA
		LEFT JOIN
		CLASIFICADORA_RIESGO CLR ON CLR.COD_CLASRIESGO =
		E.CLASIFICACION_ID
		INNER JOIN CONTRATO C
		ON CO.COD_PRODUCTO = C.COD_PRODUCTO
		AND
		CO.TIPO_SEGURO = C.COD_TIPO
		AND CO.TIPO_REASEGURO = C.COD_TIPOREA
		AND
		CO.TIPO_OPERACION = C.COD_DETCUENTA
		AND CO.MONEDA = C.COD_MONEDA
		LEFT
		JOIN SOCIO SC ON SC.COD_SOCIO = C.COD_SOCIO
		LEFT JOIN PARAMETRO
		P_TPCNTRTO
		ON P_TPCNTRTO.COD_PARAMETRO = C.COD_TIPOCONTRATO
		LEFT JOIN
		PARAMETRO PAIS ON PAIS.COD_PARAMETRO = E.PAIS_ORIGEN
		LEFT JOIN PRODUCTO
		P ON P.COD_PRODUCTO = C.COD_PRODUCTO
		WHERE
		CO.TIPO_SEGURO =
		#{tipoSeguro, jdbcType=NVARCHAR}
		AND CO.TIPO_REASEGURO
		=
		#{tipoReaseguro, jdbcType=NVARCHAR}
				<![CDATA[
				       AND CO.FECHA_MOVIMIENTO >= TO_DATE(#{primerDiaTrimestre, jdbcType=NVARCHAR},'dd/MM/yyyy')
				       AND CO.FECHA_MOVIMIENTO < TO_DATE(#{primerDiaSgteTrimestre, jdbcType=NVARCHAR},'dd/MM/yyyy')
				]]>
		AND (CO.TIPO_OPERACION = #{tipoOperacionPrima, jdbcType=NVARCHAR}
		OR
		CO.TIPO_OPERACION = #{tipoOperacionEstimacion, jdbcType=NVARCHAR})
		GROUP BY
		C.NUM_CONTRATO,E.COD_SBS,PAIS.DESCRIPCION_VALOR,P.DESCRIPCION,C.CONT_FECINI,C.CONT_FECFIN,
		P_TPCNTRTO.DESCRIPCION_VALOR,C.LIMITE_COBER,C.PART_CONTRATO,CL.CODSBS_CLASIFICADORA,CLR.DESC_CLASRIESGO,
		C.COD_PRODUCTO, P_TPCNTRTO.DESC_CATEGORIA
		ORDER BY C.NUM_CONTRATO
	</select>

	<select id="listarAnexo18H"
		parameterType="com.cardif.satelite.reportesbs.bean.ReporteAnexo18HBean"
		resultMap="rmAnexo18H">
		SELECT
		SINIESTRO_UPDATE,
		COD_CARGA_OPERACIONES,
		CODIGO_RAMO_ACT,
		RAMO_TXT,
		NUMERO_CONTRATO,CODIGO_SBS,COD_EMPRESA,EMPRESA_CEDENTE,RIESGO,NOMBRE_ASEGURADO,
		PLANILLA || '-' || LPAD(ROW_NUMBER() OVER (PARTITION BY PLANILLA ORDER
		BY COD_CARGA_OPERACIONES DESC),2,'0') NUMERO_SINIESTRO,
		FECHA_OCURRENCIA,LUGAR_OCURRENCIA,IMPORTE_SINIESTRO_PAGAR,IMPORTE_RETENCION,IMPORTE_CESION
		FROM (SELECT DISTINCT C.NUM_CONTRATO AS NUMERO_CONTRATO,E.COD_SBS AS
		CODIGO_SBS,E.COD_EMPRESA,
		E.DESCRIPCION AS
		EMPRESA_CEDENTE,CO.RIESGO,CO.NOMBRE_ASEGURADO,CO.PLANILLA,CO.FEC_OCUSINIESTRO AS FECHA_OCURRENCIA,
		'PERÚ' AS LUGAR_OCURRENCIA,
		<!-- ROUND(NVL(CO.MONTO_TOTALASEG,0),2) AS IMPORTE_SINIESTRO_PAGAR, -->
		ROUND(NVL((CASE WHEN CO.MONEDA = #{moneda, jdbcType=VARCHAR} THEN 
			CO.MONTO_TOTALASEG ELSE CO.MONTO_TOTALASEG / #{tipoCambioSun, jdbcType=NUMERIC} END),0),2) AS IMPORTE_SINIESTRO_PAGAR,
		<!-- ROUND((NVL(CO.MONTO_TOTALASEG,0) - NVL(CO.SINIESTRO_PAGAR_REAACEPTADOS,0)),2) AS IMPORTE_RETENCION, -->
		ROUND((CASE WHEN CO.MONEDA = #{moneda, jdbcType=VARCHAR} THEN 
			(NVL(CO.MONTO_TOTALASEG,0) - NVL(CO.SINIESTRO_PAGAR_REAACEPTADOS,0)) 
			ELSE (NVL(CO.MONTO_TOTALASEG,0) - NVL(CO.SINIESTRO_PAGAR_REAACEPTADOS,0)) / #{tipoCambioSun, jdbcType=NUMERIC} END),2) AS IMPORTE_RETENCION,
		<!-- ROUND(NVL(CO.SINIESTRO_PAGAR_REAACEPTADOS,0),2) AS IMPORTE_CESION, -->
		ROUND(NVL((CASE WHEN CO.MONEDA = #{moneda, jdbcType=VARCHAR} THEN 
			CO.SINIESTRO_PAGAR_REAACEPTADOS ELSE CO.SINIESTRO_PAGAR_REAACEPTADOS / #{tipoCambioSun, jdbcType=NUMERIC} END),0),2) AS IMPORTE_CESION,
		CO.COD_CARGA_OPERACIONES,
		PRO.COD_RAMO AS CODIGO_RAMO_ACT,
		PRM_RAMO.DESC_CATEGORIA AS RAMO_TXT,
		CO.NUM_SINIESTRO AS SINIESTRO_UPDATE
		FROM CONTRATO C
		INNER JOIN
		EMPRESA E
		ON C.COD_EMPRESA = E.COD_EMPRESA
		INNER JOIN SOCIO CS
		ON
		CS.COD_SOCIO = C.COD_SOCIO
		INNER JOIN CARGA_OPERACIONES CO
		ON
		CO.COD_PRODUCTO = C.COD_PRODUCTO
		AND CO.TIPO_SEGURO = C.COD_TIPO
		AND
		CO.TIPO_REASEGURO = C.COD_TIPOREA
		AND CO.COD_SBS = E.COD_SBS
		AND
		CO.TIPO_OPERACION = C.COD_DETCUENTA
		AND CO.MONEDA = C.COD_MONEDA
		INNER JOIN PRODUCTO PRO ON PRO.COD_PRODUCTO = CO.COD_PRODUCTO
		INNER JOIN PARAMETRO PRM_RAMO ON substr(PRM_RAMO.COD_PARAMETRO, 1, 2) = #{prmRiesgoRamo, jdbcType=VARCHAR} 
					AND PRM_RAMO.COD_VALOR = PRO.COD_RAMO
		WHERE
		CO.TIPO_SEGURO = #{tipoSeguro,jdbcType=VARCHAR}
		AND
		CO.COD_PROCESO_ARCHIVO = #{codProcesoArchivo,jdbcType=NUMERIC}
		AND
		CO.TIPO_OPERACION = #{tipoOperacion,jdbcType=VARCHAR}
		<if test="bo != null">
			AND CO.BO = #{bo,jdbcType=NUMERIC}
		</if>
		<if test="planilla != null">
			AND CO.PLANILLA = #{planilla,jdbcType=VARCHAR}
		</if>
		)
	</select>

	<select id="listarAnexo18J"
		parameterType="com.cardif.satelite.reportesbs.bean.ReporteAnexo18JBean"
		resultMap="rmAnexo18J">
		SELECT PAIS.COD_VALOR VALOR_PAIS, PAIS.DESCRIPCION_VALOR PAIS_ORIGEN,
		NVL(ROUND(SUM(CASE WHEN CO.TIPO_REASEGURO = #{tipoReaseguroCedido,
		jdbcType=NVARCHAR}
		THEN (CASE WHEN CO.MONEDA = #{moneda,
		jdbcType=NVARCHAR} THEN
		CO.PRIMA_PAGAR_REACEDIDOS ELSE
		PRIMA_PAGAR_REACEDIDOS /
		#{tipoCambioSun, jdbcType=NUMERIC}
		END)
		END),2),0)
		PRIMA_PAGAR_REACEDIDOS,
		NVL(ROUND(SUM(CASE WHEN
		CO.TIPO_REASEGURO
		= #{tipoReaseguroRecibido, jdbcType=NVARCHAR}
		THEN
		(CASE WHEN CO.MONEDA
		= #{moneda, jdbcType=NVARCHAR} THEN
		CO.SINIESTRO_PAGAR_REAACEPTADOS
		ELSE
		CO.SINIESTRO_PAGAR_REAACEPTADOS /
		#{tipoCambioSun,
		jdbcType=NUMERIC} END) END),2),0)
		SINIESTRO_PAGAR_REACEPTADOS,
		0
		DESCUENTOS_COMISIONES_ACEP,
		NVL(ROUND(SUM(CASE WHEN CO.TIPO_REASEGURO =
		#{tipoReaseguroRecibido,
		jdbcType=NVARCHAR}
		THEN (CASE WHEN CO.MONEDA =
		#{moneda,
		jdbcType=NVARCHAR} THEN
		CO.PRIMA_PAGAR_REACEPTADOS ELSE
		CO.PRIMA_PAGAR_REACEPTADOS /
		#{tipoCambioSun,
		jdbcType=NUMERIC} END)
		END),2),0)
		PRIMA_PAGAR_REACEPTADOS,
		NVL(ROUND(SUM(CASE
		WHEN
		CO.TIPO_REASEGURO = #{tipoReaseguroCedido, jdbcType=NVARCHAR}
		THEN
		(CASE WHEN CO.MONEDA = #{moneda, jdbcType=NVARCHAR} THEN
		CO.SINIESTRO_PAGAR_REASEDIDOS ELSE CO.SINIESTRO_PAGAR_REASEDIDOS
		/
		#{tipoCambioSun, jdbcType=NUMERIC} END) END),2),0)
		SINIESTRO_PAGAR_REASEDIDOS,
		NVL(ROUND(SUM(CASE WHEN CO.TIPO_REASEGURO =
		#{tipoReaseguroCedido, jdbcType=NVARCHAR}
		THEN (CASE WHEN CO.MONEDA =
		#{moneda, jdbcType=NVARCHAR} THEN
		CO.DESCUENTOS_COMISIONES_REA ELSE
		CO.DESCUENTOS_COMISIONES_REA /
		#{tipoCambioSun,
		jdbcType=NUMERIC} END)
		END),2),0)DESCUENTOS_COMISIONES_CED,

		((NVL(ROUND(SUM(CASE WHEN
		CO.TIPO_REASEGURO = #{tipoReaseguroRecibido,
		jdbcType=NVARCHAR}
		THEN
		(CASE WHEN CO.MONEDA = #{moneda,
		jdbcType=NVARCHAR} THEN
		CO.PRIMA_PAGAR_REACEPTADOS ELSE
		CO.PRIMA_PAGAR_REACEPTADOS /
		#{tipoCambioSun,
		jdbcType=NUMERIC} END) END),2),0) +
		NVL(ROUND(SUM(CASE
		WHEN CO.TIPO_REASEGURO
		= #{tipoReaseguroCedido, jdbcType=NVARCHAR}
		THEN
		(CASE WHEN CO.MONEDA =
		#{moneda, jdbcType=NVARCHAR} THEN
		CO.SINIESTRO_PAGAR_REASEDIDOS ELSE
		CO.SINIESTRO_PAGAR_REASEDIDOS
		/
		#{tipoCambioSun,
		jdbcType=NUMERIC} END) END),2),0) +
		NVL(ROUND(SUM(CASE
		WHEN CO.TIPO_REASEGURO
		= #{tipoReaseguroCedido, jdbcType=NVARCHAR}
		THEN
		(CASE WHEN CO.MONEDA =
		#{moneda, jdbcType=NVARCHAR} THEN
		CO.DESCUENTOS_COMISIONES_REA ELSE
		CO.DESCUENTOS_COMISIONES_REA /
		#{tipoCambioSun,
		jdbcType=NUMERIC} END) END),2),0))
		-
		(NVL(ROUND(SUM(CASE WHEN
		CO.TIPO_REASEGURO = #{tipoReaseguroCedido,
		jdbcType=NVARCHAR}
		THEN
		(CASE WHEN CO.MONEDA = #{moneda,
		jdbcType=NVARCHAR} THEN
		CO.PRIMA_PAGAR_REACEDIDOS ELSE
		PRIMA_PAGAR_REACEDIDOS /
		#{tipoCambioSun, jdbcType=NUMERIC} END)
		END),2),0) +
		NVL(ROUND(SUM(CASE WHEN
		CO.TIPO_REASEGURO =
		#{tipoReaseguroRecibido, jdbcType=NVARCHAR}
		THEN
		(CASE WHEN CO.MONEDA =
		#{moneda, jdbcType=NVARCHAR} THEN
		CO.SINIESTRO_PAGAR_REAACEPTADOS ELSE
		CO.SINIESTRO_PAGAR_REAACEPTADOS / #{tipoCambioSun,
		jdbcType=NUMERIC}
		END) END),2),0)))
		AS SALDO
		FROM CARGA_OPERACIONES CO
		LEFT JOIN EMPRESA EM
		ON CO.COD_SBS =
		EM.COD_SBS
		INNER JOIN CONTRATO CT
		ON CO.COD_PRODUCTO =
		CT.COD_PRODUCTO
		AND CO.TIPO_SEGURO = CT.COD_TIPO
		AND CO.TIPO_REASEGURO =
		CT.COD_TIPOREA
		AND CO.TIPO_OPERACION = CT.COD_DETCUENTA
		AND CO.MONEDA =
		CT.COD_MONEDA
		LEFT JOIN SOCIO SC ON SC.COD_SOCIO = CT.COD_SOCIO
		LEFT
		JOIN PARAMETRO PAIS ON PAIS.COD_PARAMETRO = EM.PAIS_ORIGEN
		WHERE
		CO.TIPO_SEGURO =
		#{tipoSeguro, jdbcType=NVARCHAR}
			<![CDATA[
			AND CO.FECHA_MOVIMIENTO >= TO_DATE(#{primerDiaTrimestre, jdbcType=NVARCHAR},'dd/MM/yyyy')
			AND CO.FECHA_MOVIMIENTO < TO_DATE(#{primerDiaSgteTrimestre, jdbcType=NVARCHAR},'dd/MM/yyyy')
			]]>
		GROUP BY PAIS.DESCRIPCION_VALOR,0,PAIS.COD_VALOR
	</select>

</mapper>