<?xml version="1.0" encoding="UTF-8"?>
<!DOCTYPE mapper PUBLIC "-//mybatis.org//DTD Mapper 3.0//EN" "http://mybatis.org/dtd/mybatis-3-mapper.dtd" >
<mapper namespace="com.cardif.satelite.reportesbs.dao.SaldoTotalMapper">

	<resultMap id="rmTablaSaldoTotal"
		type="com.cardif.satelite.reportesbs.bean.SaldoTotalBean">
		<result column="COD_SALDO_TOTAL" jdbcType="NUMERIC" property="codSaldoTotal" />
		<result column="ANIO" jdbcType="NUMERIC" property="anio" />
		<result column="TRIMESTRE" jdbcType="VARCHAR" property="trimestre" />
		<result column="COD_TIPO_REPORTE" jdbcType="VARCHAR" property="codTipoReporte" />
		<result column="COD_EMPRESA" jdbcType="NUMERIC" property="codEmpresa" />
		<result column="COD_TIPO_SEGURO" jdbcType="VARCHAR" property="codTipoSeguro" />
		<result column="COD_TIPO_CONTRATO" jdbcType="VARCHAR" property="codTipoContrato" />
		<result column="MODELO_MONEDA" jdbcType="VARCHAR" property="modeloMoneda" />
		<result column="MONEDA" jdbcType="VARCHAR" property="moneda" />
		<result column="PRIMAS_PAGAR" jdbcType="NUMERIC" property="primasPagar" />
		<result column="PRIMAS_COBRAR" jdbcType="NUMERIC" property="primasCobrar" />
		<result column="SINI_COBRAR" jdbcType="NUMERIC" property="siniCobrar" />
		<result column="SINI_PAGAR" jdbcType="NUMERIC" property="siniPagar" />
		<result column="OTRAS_CUENTAS_COBRAR" jdbcType="NUMERIC"
			property="otrasCuentasCobrar" />
		<result column="OTRAS_CUENTAS_PAGAR" jdbcType="NUMERIC"
			property="otrasCuentasPagar" />
		<result column="DESC_COMI" jdbcType="NUMERIC" property="descComi" />
		<result column="COD_SBS" jdbcType="VARCHAR" property="codSBS" />
		<result column="DESC_EMPRESA" jdbcType="VARCHAR" property="descripcionEmpresa" />
		<result column="PAIS_ORIGEN" jdbcType="VARCHAR" property="paisOrigen" />
		<result column="DESC_EMP_CLASIF" jdbcType="VARCHAR"
			property="empresaClasificadora" />
		<result column="DESC_CALI" jdbcType="VARCHAR" property="calificacion" />
		<result column="CLASIFICADORA_ID" jdbcType="NUMERIC"
			property="codEmpClasificadora" />
		<result column="COD_SBS_CLASIFICADORA" jdbcType="VARCHAR" property="codSbsClasificadora" />	
	</resultMap>

	<select id="listarSaldoTotal" parameterType="com.cardif.satelite.reportesbs.bean.SaldoTotalBean"
		resultMap="rmTablaSaldoTotal">
		SELECT
		ST.COD_SALDO_TOTAL,
		ST.ANIO,
		ST.TRIMESTRE,
		ST.COD_TIPO_REPORTE,
		ST.COD_EMPRESA,
		ST.COD_TIPO_SEGURO,
		ST.COD_TIPO_CONTRATO,
		ST.MODELO_MONEDA,
		ST.MONEDA,
		ST.PRIMAS_PAGAR,
		ST.PRIMAS_COBRAR,
		ST.SINI_COBRAR,
		ST.SINI_PAGAR,
		ST.OTRAS_CUENTAS_COBRAR,
		ST.OTRAS_CUENTAS_PAGAR,
		ST.DESC_COMI,
		EMP.COD_SBS,
		EMP.DESCRIPCION AS DESC_EMPRESA,
		NVL(PRM_PAIS.DESCRIPCION_VALOR, ' ') AS PAIS_ORIGEN,
		NVL(EMP_CLASIF.NOM_CLASIFICADORA,' ') AS DESC_EMP_CLASIF,
		NVL(CALI.DESC_CLASRIESGO,' ') AS DESC_CALI,
		NVL(EMP.CLASIFICADORA_ID,0) CLASIFICADORA_ID,
    	EMP_CLASIF.CODSBS_CLASIFICADORA AS COD_SBS_CLASIFICADORA
		FROM SALDO_TOTAL ST 
    	INNER JOIN EMPRESA EMP ON EMP.COD_EMPRESA = ST.COD_EMPRESA
		LEFT JOIN PARAMETRO PRM_PAIS ON PRM_PAIS.COD_PARAMETRO = EMP.PAIS_ORIGEN
		LEFT JOIN CLASIFICADORA EMP_CLASIF ON EMP_CLASIF.COD_CLASIFICADORA = EMP.CLASIFICADORA_ID
		LEFT JOIN CLASIFICADORA_RIESGO CALI ON CALI.COD_CLASRIESGO = EMP.CLASIFICACION_ID
		WHERE
		ST.ANIO = #{anio, jdbcType=NUMERIC}
		AND
		ST.TRIMESTRE = #{trimestre, jdbcType=VARCHAR}
		AND
		(ST.COD_TIPO_REPORTE = #{tipoReporte1, jdbcType=VARCHAR} OR ST.COD_TIPO_REPORTE =
		#{tipoReporte2, jdbcType=VARCHAR})
	</select>

	<insert id="insertarSaldoTotal" parameterType="com.cardif.satelite.reportesbs.bean.SaldoTotalBean">
		INSERT INTO
		SALDO_TOTAL(cod_saldo_total, anio, trimestre, cod_tipo_reporte,
		cod_empresa, cod_tipo_seguro, cod_tipo_contrato, modelo_moneda, moneda
		, primas_pagar, primas_cobrar, sini_cobrar, sini_pagar,
		otras_cuentas_cobrar, otras_cuentas_pagar, desc_comi)
		VALUES(
		SEC_COD_SALDO_TOTAL.NEXTVAL,
		#{anio, jdbcType=NUMERIC},
		#{trimestre, jdbcType=VARCHAR},
		#{codTipoReporte, jdbcType=VARCHAR},
		#{codEmpresa, jdbcType=NUMERIC},
		#{codTipoSeguro, jdbcType=VARCHAR},
		#{codTipoContrato, jdbcType=VARCHAR},
		#{modeloMoneda, jdbcType=VARCHAR},
		#{moneda, jdbcType=VARCHAR},
		#{primasPagar, jdbcType=NUMERIC},
		#{primasCobrar, jdbcType=NUMERIC},
		#{siniCobrar, jdbcType=NUMERIC},
		#{siniPagar, jdbcType=NUMERIC},
		#{otrasCuentasCobrar, jdbcType=NUMERIC},
		#{otrasCuentasPagar, jdbcType=NUMERIC},
		#{descComi, jdbcType=NUMERIC})
	</insert>

	<delete id="eliminarSaldoTotal" parameterType="com.cardif.satelite.reportesbs.bean.SaldoTotalBean">
		DELETE FROM
		SALDO_TOTAL
		WHERE
		anio = #{anio, jdbcType=NUMERIC}
		AND
		trimestre = #{trimestre, jdbcType=VARCHAR}
		AND
		cod_tipo_reporte = #{codTipoReporte, jdbcType=VARCHAR}
	</delete>

</mapper>