<?xml version="1.0" encoding="UTF-8" ?>
<!DOCTYPE mapper PUBLIC "-//mybatis.org//DTD Mapper 3.0//EN" "http://mybatis.org/dtd/mybatis-3-mapper.dtd">
<mapper
	namespace="com.cardif.satelite.contabilidad.dao.ReservasCamposLayoutMapper">

	<resultMap id="rmReservasCamposLayout"
		type="com.cardif.satelite.contabilidad.model.ReservasCamposLayout">
		<id column="ID" property="id" jdbcType="BIGINT" />
		<result column="NOMCAMPO" property="nomCampo"
			jdbcType="NVARCHAR" />
		<result column="NUMORDCAMPO" property="numOrdCampo"
			jdbcType="NUMERIC" />
		<result column="TIPODATO" property="tipoDato"
			jdbcType="NVARCHAR" />
		<result column="FORMATOCOLUMNA" property="formatoColumna"
			jdbcType="NVARCHAR" />
		<result column="OBLCAMPO" property="oblCampo"
			jdbcType="NVARCHAR" />
		<result column="CABECERA" property="cabecera"
			jdbcType="NVARCHAR" />
		<result column="CABREFERENCIA" property="cabReferencia"
			jdbcType="NVARCHAR" />
		<result column="ESTADO" property="estado" jdbcType="NVARCHAR" />
		<result column="USUARIOCREA" property="usuarioCrea"
			jdbcType="NVARCHAR" />
		<result column="FECHACREA" property="fechaCrea"
			jdbcType="TIMESTAMP" />
		<result column="USUARIOMODIFICA" property="usuarioModifica"
			jdbcType="NVARCHAR" />
		<result column="FECHAMODIFICA" property="fechaModifica"
			jdbcType="TIMESTAMP" />
	</resultMap>

	<resultMap id="rmProductoConfig"
		type="com.cardif.satelite.contabilidad.bean.ConfigProductoBean">
		<id column="ID" property="id" jdbcType="BIGINT" />
		<result column="CODIGO" property="prodCodigo"
			jdbcType="NVARCHAR" />
		<result column="DESCRIPCION" property="prodDescripcion"
			jdbcType="NVARCHAR" />
		<result column="MONEDA" property="prodMoneda"
			jdbcType="NVARCHAR" />
		<result column="CODIGO_EQUIVALENTE"
			property="prodCodEquivalente" jdbcType="NVARCHAR" />
		<result column="USUARIO_REGISTRA" property="usuarioRegistra"
			jdbcType="NVARCHAR" />
		<result column="FECHA_REGISTRA" property="fechaRegistra"
			jdbcType="TIMESTAMP" />
		<result column="USUARIO_MODIFICA" property="usuarioModifica"
			jdbcType="NVARCHAR" />
		<result column="FECHA_MODIFICA" property="fechaModifica"
			jdbcType="TIMESTAMP" />
	</resultMap>

	<resultMap id="rmAnalisisConfig"
		type="com.cardif.satelite.contabilidad.bean.ConfigAnalisisBean">
		<id column="ID" property="id" jdbcType="BIGINT" />
		<result column="CODIGO" property="paramAnalisis"
			jdbcType="NVARCHAR" />
		<result column="DESCRIPCION" property="paramDescripcion"
			jdbcType="NVARCHAR" />
		<result column="USUARIO_REGISTRA" property="usuarioRegistra"
			jdbcType="NVARCHAR" />
		<result column="FECHA_REGISTRA" property="fechaRegistra"
			jdbcType="TIMESTAMP" />
		<result column="USUARIO_MODIFICA" property="usuarioModifica"
			jdbcType="NVARCHAR" />
		<result column="FECHA_MODIFICA" property="fechaModifica"
			jdbcType="TIMESTAMP" />
	</resultMap>

	<resultMap id="rmCuentaContableConfig"
		type="com.cardif.satelite.contabilidad.bean.ConfigCuentaContableBean">
		<id column="ID" property="id" jdbcType="BIGINT" />
		<result column="CUENTA_CONTABLE" property="cuentaContable"
			jdbcType="NVARCHAR" />
		<result column="TIPO_ANALISIS" property="tipoAnalisis"
			jdbcType="NVARCHAR" />
		<result column="ID_PRODUCTO" property="idProducto"
			jdbcType="BIGINT" />
		<result column="COD_PRODUCTO" property="codProducto"
			jdbcType="NVARCHAR" />
		<result column="DESC_PRODUCTO" property="descProducto"
			jdbcType="NVARCHAR" />
		<result column="ID_ANALISIS" property="idAnalisis"
			jdbcType="BIGINT" />
		<result column="COD_ANALISIS" property="codAnalisis"
			jdbcType="NVARCHAR" />
		<result column="DESC_ANALISIS" property="descAnalisis"
			jdbcType="NVARCHAR" />
		<result column="USUARIO_REGISTRA" property="usuarioRegistra"
			jdbcType="NVARCHAR" />
		<result column="FECHA_REGISTRA" property="fechaRegistra"
			jdbcType="TIMESTAMP" />
		<result column="USUARIO_MODIFICA" property="usuarioModifica"
			jdbcType="NVARCHAR" />
		<result column="FECHA_MODIFICA" property="fechaModifica"
			jdbcType="TIMESTAMP" />
	</resultMap>

	<resultMap id="rmProcesoCuadroContable"
		type="com.cardif.satelite.contabilidad.bean.ProcesoCuadroContableBean">
		<id column="ID_PROCESO" property="idProceso" jdbcType="BIGINT" />
		<result column="NOMBRE_PROCESO" property="nombreProceso"
			jdbcType="NVARCHAR" />
		<result column="PERIODO" property="periodo" jdbcType="NVARCHAR" />
		<result column="ESTADO" property="estado" jdbcType="NVARCHAR" />
		<result column="USUARIO_REGISTRO" property="usuarioRegistro"
			jdbcType="NVARCHAR" />
		<result column="FECHA_CREACION" property="fechaCreacion"
			jdbcType="TIMESTAMP" />
	</resultMap>

	<resultMap id="rmCuadroContable"
		type="com.cardif.satelite.contabilidad.bean.CuadroContableBean">
		<result column="CUENTA_CONTABLE" property="cuentaContable"
			jdbcType="NVARCHAR" />
		<result column="DESCRIPCION" property="descripcion"
			jdbcType="NVARCHAR" />
		<result column="MONEDA" property="moneda" jdbcType="NVARCHAR" />
		<result column="TRANSACCION" property="impTransaccion"
			jdbcType="NUMERIC" />
		<result column="BASE" property="impBase" jdbcType="NUMERIC" />
		<result column="ESTIMACIONES" property="impEstimaciones"
			jdbcType="NUMERIC" />
		<result column="RESERVAS" property="impReservas"
			jdbcType="NUMERIC" />
		<result column="TOTALES" property="impTotales"
			jdbcType="NUMERIC" />
		<result column="DIFERENCIAS" property="impDiferencias"
			jdbcType="NUMERIC" />
	</resultMap>

	<!--<resultMap id="rmCuentas" type="com.cardif.satelite.contabilidad.bean.ConfigCuentaContableBean"> 
		<result column="CUENTA" property="cuentaContable" jdbcType="NVARCHAR" /> 
		<result column="PRODUCTO" property="codProducto" jdbcType="NVARCHAR" /> <result 
		column="ANALISIS" property="codAnalisis" jdbcType="NVARCHAR" /> <result column="MONEDA" 
		property="moneda" jdbcType="NVARCHAR" /> <result column="MINCUENTA" property="minCuenta" 
		jdbcType="NVARCHAR" /> <result column="MAXCUENTA" property="maxCuenta" jdbcType="NVARCHAR" 
		/> </resultMap> -->
	<resultMap id="rmCuentas"
		type="com.cardif.satelite.contabilidad.bean.ConfigCuentaContableBean">
		<result column="MINCUENTA" property="minCuenta"
			jdbcType="NVARCHAR" />
		<result column="MAXCUENTA" property="maxCuenta"
			jdbcType="NVARCHAR" />
	</resultMap>

	<select id="validarExisteCargaReserva"
		parameterType="com.cardif.satelite.contabilidad.bean.ReservasCamposLayoutBean"
		resultType="java.lang.Integer">
		select count(1) from CARGA_CONT_RESERVA where tipo_diario =
		#{tipoDiario, JdbcType=NVARCHAR} and periodo_contable =
		#{periodoContable, JdbcType=NVARCHAR}
	</select>

	<delete id="borrarReservas"
		parameterType="com.cardif.satelite.contabilidad.bean.ReservasCamposLayoutBean">
		DELETE FROM CARGA_CONT_RESERVA
		WHERE PERIODO_CONTABLE =
		#{periodoContable, JdbcType=NVARCHAR}
	</delete>

	<select id="obtenerCamposLayoutByCabDet"
		parameterType="com.cardif.satelite.contabilidad.model.ReservasCamposLayout"
		resultMap="rmReservasCamposLayout">
		SELECT
		ID, NOMCAMPO, NUMORDCAMPO, TIPODATO, FORMATOCOLUMNA,
		OBLCAMPO, CABECERA,
		CABREFERENCIA,
		ESTADO, USUARIOCREA, FECHACREA,
		USUARIOMODIFICA, FECHAMODIFICA
		FROM
		CONTA_RESERVA_CAMPOS_LAYOUT
		WHERE
		ESTADO = #{estado, JdbcType=NVARCHAR}
		AND CABECERA = #{cabecera,
		JdbcType=NVARCHAR}
		AND TIPO_CARGA = #{tipoCarga, JdbcType=NVARCHAR}
	</select>

	<select id="obtenerProcesosCC"
		parameterType="com.cardif.satelite.contabilidad.bean.ProcesoCuadroContableBean"
		resultMap="rmProcesoCuadroContable">
		SELECT
		ID_PROCESO, NOMBRE_PROCESO, PERIODO, ESTADO,
		USUARIO_REGISTRO, FECHA_CREACION
		FROM
		CONTA_PROCESO_CABECERA
		WHERE
		1 = 1
	</select>

	<!--<select id="obtenerCuentasConfig" parameterType="com.cardif.satelite.contabilidad.bean.ConfigCuentaContableBean" 
		resultMap="rmCuentas"> SELECT DISTINCT A.CUENTA_CONTABLE AS CUENTA, B.CODIGO 
		AS PRODUCTO, C.CODIGO AS ANALISIS, B.MONEDA, (A.CUENTA_CONTABLE) AS MINCUENTA,MAX(A.CUENTA_CONTABLE) 
		AS MAXCUENTA FROM CONTA_ASIENTO_CUENTA_CONFIG A INNER JOIN CONTA_ASIENTO_PRODUCTO_CONFIG 
		B ON B.ID = A.ID_PRODUCTO INNER JOIN CONTA_ASIENTO_ANALISIS_CONFIG C ON C.ID 
		= A.ID_ANALISIS GROUP BY A.CUENTA_CONTABLE, B.CODIGO, C.CODIGO, B.MONEDA 
		</select> -->
	<select id="obtenerCuentasConfig"
		parameterType="com.cardif.satelite.contabilidad.bean.ConfigCuentaContableBean"
		resultMap="rmCuentas">
		SELECT MIN(A.CUENTA_CONTABLE) AS
		MINCUENTA,MAX(A.CUENTA_CONTABLE) AS MAXCUENTA
		FROM
		CONTA_ASIENTO_CUENTA_CONFIG A
		INNER JOIN CONTA_ASIENTO_PRODUCTO_CONFIG
		B ON B.ID = A.ID_PRODUCTO
		INNER JOIN CONTA_ASIENTO_ANALISIS_CONFIG C ON
		C.ID = A.ID_ANALISIS
	</select>

	<select id="obtenerCuadroContable"
		parameterType="com.cardif.satelite.contabilidad.bean.CuadroContableBean"
		resultMap="rmCuadroContable">
		SELECT CC.CUENTA_CONTABLE, CC.DESCRIPCION, CC.MONEDA,
		CC.TRANS AS TRANSACCION, CC.SOLES AS BASE,CC.ESTIMACIONES,CC.RESERVAS,
		(CC.RESERVAS + CC.ESTIMACIONES) AS TOTALES,
		(CASE WHEN (#{codAnalisis, JdbcType=NVARCHAR} = 1 OR #{codAnalisis, JdbcType=NVARCHAR} = 2 OR #{codAnalisis, JdbcType=NVARCHAR} = 3 OR
		#{codAnalisis, JdbcType=NVARCHAR} = 5 OR #{codAnalisis, JdbcType=NVARCHAR} = 7 OR
		#{codAnalisis, JdbcType=NVARCHAR} = 12 OR #{codAnalisis, JdbcType=NVARCHAR} = 13) THEN ((CC.RESERVAS + CC.ESTIMACIONES)-CC.TRANS)
		WHEN (#{codAnalisis, JdbcType=NVARCHAR} = 6 OR #{codAnalisis, JdbcType=NVARCHAR} = 10 OR 
		#{codAnalisis, JdbcType=NVARCHAR} = 11 OR #{codAnalisis, JdbcType=NVARCHAR} = 14) THEN ((CC.RESERVAS + CC.ESTIMACIONES)+CC.TRANS)
		WHEN (#{codAnalisis, JdbcType=NVARCHAR} = 9) THEN ((-1)*(CC.RESERVAS + CC.ESTIMACIONES)-CC.TRANS)
		ELSE  ((CC.RESERVAS + CC.ESTIMACIONES)-CC.TRANS) END) AS DIFERENCIAS
		FROM (
		SELECT Z.CUENTA_CONTABLE,
		Z.DESCRIPCION, Z.MONEDA,
		Z.TRANS, Z.SOLES, (Z.ESTIMADO*(-1)) AS ESTIMACIONES, (Z.REAL*(-1)) AS RESERVAS
		FROM(
		SELECT DISTINCT X.CUENTA_CONTABLE,
		(SELECT COALESCE(SUM(
		CASE WHEN
		D.CODIGO = '0001' THEN C.IMPORTE_RRC
		WHEN D.CODIGO = '0002' THEN C.IMPORTE_ING_DIF
		WHEN D.CODIGO = '0003' THEN
		C.IMPORTE_RMAT
		WHEN D.CODIGO = '0004' THEN C.IMPORTE_PENDIENTES
		WHEN
		D.CODIGO = '0005' THEN C.IMPORTE_IBNR
		WHEN D.CODIGO = '0006' THEN
		C.IMPORTE_COM_DIF
		WHEN D.CODIGO = '0007' THEN C.IMPORTE_DEF
		WHEN
		D.CODIGO = '0008' THEN C.IMPORTE_PEN_CED
		WHEN D.CODIGO = '0009' THEN
		C.IMPORTE_IBNR_CED
		WHEN D.CODIGO = '0010' THEN C.IMPORTE_RRC_CED
		WHEN
		D.CODIGO = '0011' THEN C.IMPORTE_RMAT_CED
		WHEN D.CODIGO = '0012' THEN
		C.IMPORTE_GAS_DIR
		WHEN D.CODIGO = '0013' THEN C.IMPORTE_GAS_INDIR
		WHEN
		D.CODIGO = '0014' THEN C.IMPORTE_DEF_COBRAR
		END),0)
		FROM
		CONTA_ASIENTO_CUENTA_CONFIG A
		INNER JOIN CONTA_ASIENTO_PRODUCTO_CONFIG
		B ON B.ID = A.ID_PRODUCTO
		INNER JOIN CARGA_CONT_DATO C ON
		LTRIM(RTRIM(C.CODIGO_PRODUCTO)) = LTRIM(RTRIM(B.CODIGO_EQUIVALENTE))
		AND C.TIPO_CARGA = '2' AND C.MONEDA = B.MONEDA
		INNER JOIN
		CONTA_ASIENTO_ANALISIS_CONFIG D ON D.ID = A.ID_ANALISIS
		WHERE
		A.CUENTA_CONTABLE = X.CUENTA_CONTABLE AND C.ID_PROCESO =
		#{idProceso,jdbcType=NUMERIC} AND
		UPPER(A.TIPO_ANALISIS) = 'REAL' AND B.MONEDA = Y.MONEDA AND A.ID_ANALISIS = X.ID_ANALISIS)
		AS REAL,
		(SELECT
		COALESCE(SUM(
		CASE WHEN D.CODIGO = '0001' THEN
		C.IMPORTE_RRC
		WHEN D.CODIGO = '0002' THEN C.IMPORTE_ING_DIF
		WHEN
		D.CODIGO = '0003' THEN C.IMPORTE_RMAT
		WHEN D.CODIGO = '0004' THEN
		C.IMPORTE_PENDIENTES
		WHEN D.CODIGO = '0005' THEN C.IMPORTE_IBNR
		WHEN
		D.CODIGO = '0006' THEN C.IMPORTE_COM_DIF
		WHEN D.CODIGO = '0007' THEN
		C.IMPORTE_DEF
		WHEN D.CODIGO = '0008' THEN C.IMPORTE_PEN_CED
		WHEN
		D.CODIGO = '0009' THEN C.IMPORTE_IBNR_CED
		WHEN D.CODIGO = '0010' THEN
		C.IMPORTE_RRC_CED
		WHEN D.CODIGO = '0011' THEN C.IMPORTE_RMAT_CED
		WHEN
		D.CODIGO = '0012' THEN C.IMPORTE_GAS_DIR
		WHEN D.CODIGO = '0013' THEN
		C.IMPORTE_GAS_INDIR
		WHEN D.CODIGO = '0014' THEN C.IMPORTE_DEF_COBRAR
		END),0)
		FROM
		CONTA_ASIENTO_CUENTA_CONFIG A
		INNER JOIN
		CONTA_ASIENTO_PRODUCTO_CONFIG B ON B.ID = A.ID_PRODUCTO
		INNER JOIN
		CARGA_CONT_DATO C ON LTRIM(RTRIM(C.CODIGO_PRODUCTO)) =
		LTRIM(RTRIM(B.CODIGO_EQUIVALENTE))
		AND C.TIPO_CARGA = '1' AND C.MONEDA
		= B.MONEDA
		INNER JOIN CONTA_ASIENTO_ANALISIS_CONFIG D ON D.ID =
		A.ID_ANALISIS
		WHERE
		A.CUENTA_CONTABLE = X.CUENTA_CONTABLE AND
		C.ID_PROCESO = #{idProceso, jdbcType=NUMERIC} AND
		UPPER(A.TIPO_ANALISIS) = 'ESTIMADO' AND B.MONEDA = Y.MONEDA AND
		A.ID_ANALISIS = X.ID_ANALISIS) AS ESTIMADO,
		(SELECT
		COALESCE(SUM(DISTINCT (CASE WHEN C.ESTADO='1' THEN C.IMPORTE_BASE_SUM
		ELSE C.IMPORTE_BASE END)),0)
		FROM CONTA_ASIENTO_CUENTA_CONFIG A
		INNER
		JOIN CONTA_ASIENTO_PRODUCTO_CONFIG B ON B.ID = A.ID_PRODUCTO
		INNER JOIN
		CONTA_ASIENTO_ANALISIS_CONFIG D ON D.ID = A.ID_ANALISIS
		INNER JOIN
		CONTA_BALANCE_CUENTA C ON C.CUENTA_CONTABLE = A.CUENTA_CONTABLE AND
		C.MONEDA = B.MONEDA
		WHERE A.CUENTA_CONTABLE = X.CUENTA_CONTABLE AND
		C.MONEDA = Y.MONEDA AND A.ID_ANALISIS = X.ID_ANALISIS) AS SOLES,
		(SELECT
		COALESCE(SUM(DISTINCT (CASE WHEN C.ESTADO='1' THEN C.IMPORTE_TRANS_SUM ELSE C.IMPORTE_TRANS
		END)),0)
		FROM CONTA_ASIENTO_CUENTA_CONFIG A
		INNER JOIN
		CONTA_ASIENTO_PRODUCTO_CONFIG B ON B.ID = A.ID_PRODUCTO
		INNER JOIN
		CONTA_ASIENTO_ANALISIS_CONFIG D ON D.ID = A.ID_ANALISIS
		INNER JOIN
		CONTA_BALANCE_CUENTA C ON C.CUENTA_CONTABLE = A.CUENTA_CONTABLE AND
		C.MONEDA = B.MONEDA
		WHERE A.CUENTA_CONTABLE = X.CUENTA_CONTABLE AND
		C.MONEDA = Y.MONEDA AND A.ID_ANALISIS = X.ID_ANALISIS) AS TRANS,
		(SELECT DISTINCT C.DESCRIPCION
		FROM CONTA_ASIENTO_CUENTA_CONFIG A
		INNER
		JOIN CONTA_ASIENTO_PRODUCTO_CONFIG B ON B.ID = A.ID_PRODUCTO
		INNER JOIN
		CONTA_ASIENTO_ANALISIS_CONFIG D ON D.ID = A.ID_ANALISIS
		INNER JOIN
		CONTA_BALANCE_CUENTA C ON C.CUENTA_CONTABLE = A.CUENTA_CONTABLE AND
		C.MONEDA = B.MONEDA
		WHERE A.CUENTA_CONTABLE = X.CUENTA_CONTABLE AND
		C.MONEDA = Y.MONEDA AND A.ID_ANALISIS = X.ID_ANALISIS) AS DESCRIPCION,
		Y.MONEDA
		FROM CONTA_ASIENTO_CUENTA_CONFIG X
		INNER JOIN
		CONTA_ASIENTO_PRODUCTO_CONFIG Y ON Y.ID = X.ID_PRODUCTO
		INNER JOIN
		CONTA_ASIENTO_ANALISIS_CONFIG W ON W.ID = X.ID_ANALISIS AND W.CODIGO =
		#{codAnalisis, JdbcType=NVARCHAR}
		) Z ) CC WHERE CC.DESCRIPCION IS NOT
		NULL
	</select>

	<insert id="insertarReservas" useGeneratedKeys="true"
		keyProperty="idCarga"
		parameterType="com.cardif.satelite.contabilidad.bean.ReservasCamposLayoutBean">

		<!--<selectKey keyProperty="idCarga" order="AFTER" resultType="java.lang.Integer"> 
			SELECT SCOPE_IDENTITY() </selectKey> -->

		INSERT INTO dbo.CARGA_CONT_RESERVA
		(
		PERIODO_CONTABLE,
		FECHA_TRANSACCION,
		TIPO_DIARIO,
		NOMBRE_HOJA,
		CODIGO_CUENTA,
		NOMBRE_CUENTA,
		IMPORTE_TRANSACCION,
		CODIGO_MONEDA,
		REF_TRANSACCION,
		DESCRIPCION,
		CENTRO_COSTO,
		SOCIO_PRODUCTO,
		CANAL,
		PROVEEDOR_EMPLEADO,
		DOCUMENTO_CLIENTE,
		POLIZA_CLIENTE,
		INVERSIONES,
		NRO_SINIESTRO,
		TIPO_CDP_SUNAT,
		MEDIO_PAGO,
		INDICADOR_ACTIVO,
		CODIGO_ACTIVO,
		TASA_BASE,
		NRO_RET_DET,
		LAYOUT,
		FECHA_CARGA,
		USUARIO
		)
		VALUES
		(
		#{periodoContable,
		jdbcType=NVARCHAR},
		#{fechaTransaccion, jdbcType=DATE},
		#{tipoDiario,
		jdbcType=NVARCHAR},
		#{nombreHoja, jdbcType=NVARCHAR},
		#{codigoCuenta,
		jdbcType=NVARCHAR},
		#{nombreCuenta, jdbcType=NVARCHAR},
		#{importeTransaccion, jdbcType=DECIMAL},
		#{codigoMoneda,
		jdbcType=NVARCHAR},
		#{refTransaccion, jdbcType=NVARCHAR},
		#{descripcion, jdbcType=NVARCHAR},
		#{centroCosto, jdbcType=NVARCHAR},
		#{socioProducto, jdbcType=NVARCHAR},
		#{canal, jdbcType=NVARCHAR},
		#{proveedorEmpleado, jdbcType=NVARCHAR},
		#{documentoCliente,
		jdbcType=NVARCHAR},
		#{polizaCliente, jdbcType=NVARCHAR},
		#{inversiones,
		jdbcType=NVARCHAR},
		#{nroSiniestro, jdbcType=NVARCHAR},
		#{tipoCdpSunat,
		jdbcType=NVARCHAR},
		#{medioPago, jdbcType=NVARCHAR},
		#{indicadorActivo,
		jdbcType=NVARCHAR},
		#{codigoActivo, jdbcType=NVARCHAR},
		#{tasaBase,
		jdbcType=NVARCHAR},
		#{nroRetDet, jdbcType=NVARCHAR},
		#{layout,
		jdbcType=NVARCHAR},
		#{fechaCarga, jdbcType=DATE},
		#{usuario,
		jdbcType=NVARCHAR}
		)
	</insert>

	<insert id="insertarDatos" useGeneratedKeys="true"
		keyProperty="idCarga"
		parameterType="com.cardif.satelite.contabilidad.bean.DatosCamposLayoutBean">

		<!--<selectKey keyProperty="idCarga" order="AFTER" resultType="java.lang.Integer"> 
			SELECT SCOPE_IDENTITY() </selectKey> -->

		INSERT INTO dbo.CARGA_CONT_DATO
		(
		ID_PROCESO,
		CODIGO_PRODUCTO,
		MONEDA,
		SOCIO,
		NOMBRE_PRODUCTO,
		CODIGO_RESUMEN,
		IMPORTE_RRC,
		IMPORTE_ING_DIF,
		IMPORTE_RMAT,
		IMPORTE_PENDIENTES,
		IMPORTE_IBNR,
		IMPORTE_COM_DIF,
		IMPORTE_DEF,
		IMPORTE_PEN_CED,
		IMPORTE_IBNR_CED,
		IMPORTE_RRC_CED,
		IMPORTE_RMAT_CED,
		IMPORTE_GAS_DIR,
		IMPORTE_GAS_INDIR,
		IMPORTE_DEF_COBRAR,
		TIPO_CARGA,
		FECHA_CARGA,
		USUARIO
		)
		VALUES
		(
		#{idProceso,
		jdbcType=NUMERIC},
		#{codProducto, jdbcType=NVARCHAR},
		#{moneda,
		jdbcType=NVARCHAR},
		#{socio, jdbcType=NVARCHAR},
		#{nomProducto,
		jdbcType=NVARCHAR},
		#{codResumen, jdbcType=NVARCHAR},
		#{rrc,
		jdbcType=DECIMAL},
		#{ingresosDiferidos, jdbcType=DECIMAL},
		#{rmat,
		jdbcType=DECIMAL},
		#{pendientes, jdbcType=DECIMAL},
		#{ibnr,
		jdbcType=DECIMAL},
		#{comDiferidos, jdbcType=DECIMAL},
		#{def,
		jdbcType=DECIMAL},
		#{pendientesCedidos, jdbcType=DECIMAL},
		#{ibnrCedidos, jdbcType=DECIMAL},
		#{rrcCedidos, jdbcType=DECIMAL},
		#{rmatCedidos, jdbcType=DECIMAL},
		#{gasDir, jdbcType=DECIMAL},
		#{gasInDir, jdbcType=DECIMAL},
		#{defCobrar, jdbcType=DECIMAL},
		#{tipoCarga, jdbcType=NVARCHAR},
		#{fechaCarga, jdbcType=DATE},
		#{usuario, jdbcType=NVARCHAR}
		)
	</insert>

	<insert id="guardarBusqueda" useGeneratedKeys="true"
		keyProperty="idConsulta"
		parameterType="com.cardif.satelite.contabilidad.bean.ConsultaCuadroContableBean">

		<!--<selectKey keyProperty="idConsulta" order="AFTER" resultType="java.lang.Integer"> 
			SELECT SCOPE_IDENTITY() </selectKey> -->

		INSERT INTO dbo.CONTA_CONSULTA_CUENTA
		(
		ID_PROCESO,
		TIPO_DIARIO,
		NUM_DIARIO,
		CUENTA_CONTABLE,
		REFERENCIA,
		DESCRIPCION,
		MARCADOR_DC,
		MONEDA,
		IMPORTE_TRANS,
		IMPORTE_BASE,
		USUARIO,
		FECHA_CREACION
		)
		VALUES
		(
		#{idProceso,
		jdbcType=NUMERIC},
		#{tipoDiario, jdbcType=NVARCHAR},
		#{numDiario,
		jdbcType=NVARCHAR},
		#{cuentaContable, jdbcType=NVARCHAR},
		#{referencia,
		jdbcType=NVARCHAR},
		#{descripcion, jdbcType=NVARCHAR},
		#{marcadorDc,
		jdbcType=NVARCHAR},
		#{moneda, jdbcType=NVARCHAR},
		#{importeTrans,
		jdbcType=DECIMAL},
		#{importeSoles, jdbcType=DECIMAL},
		#{usuario,
		jdbcType=NVARCHAR},
		GETDATE()
		)
	</insert>

	<insert id="insertarProceso" useGeneratedKeys="true"
		keyProperty="idProceso"
		parameterType="com.cardif.satelite.contabilidad.bean.ProcesoCuadroContableBean">

		<!--<selectKey keyProperty="idProceso" order="AFTER" resultType="java.lang.Integer"> 
			SELECT SCOPE_IDENTITY() </selectKey> -->

		INSERT INTO dbo.CONTA_PROCESO_CABECERA
		(
		NOMBRE_PROCESO,
		ESTADO,
		USUARIO_REGISTRO,
		FECHA_CREACION
		)
		VALUES
		(
		#{nombreProceso,
		jdbcType=NVARCHAR},
		'1',
		#{usuarioRegistro, jdbcType=NVARCHAR},
		GETDATE()
		)
	</insert>

	<select id="validarExisteCuentasProceso"
		parameterType="com.cardif.satelite.contabilidad.bean.ProcesoCuadroContableBean"
		resultType="java.lang.Integer">
		SELECT COUNT(A.CUENTA_CONTABLE) CONTADOR
		FROM
		CONTA_CONSULTA_CUENTA A
		INNER JOIN CONTA_PROCESO_CABECERA B ON
		B.ID_PROCESO = A.ID_PROCESO AND B.ESTADO = '1'
		WHERE A.ID_PROCESO =
		#{idProceso, jdbcType=NUMERIC}
	</select>

	<select id="validarExistePeriodo"
		parameterType="com.cardif.satelite.contabilidad.bean.ProcesoCuadroContableBean"
		resultType="java.lang.Integer">
		SELECT COUNT(A.CUENTA_CONTABLE) CONTADOR
		FROM
		CONTA_BALANCE_CUENTA A
		INNER JOIN CONTA_PROCESO_CABECERA B ON
		B.PERIODO
		= A.PERIODO_CIERRE AND B.ESTADO = '0'
		WHERE A.PERIODO_CIERRE
		=
		#{periodo, jdbcType=NUMERIC} AND A.ESTADO = '0'
	</select>

	<update id="actualizarImportesBalance"
		parameterType="com.cardif.satelite.contabilidad.bean.ProcesoCuadroContableBean">
		MERGE dbo.CONTA_BALANCE_CUENTA t
		USING
		dbo.CONTA_CONSULTA_CUENTA s
		ON (s.CUENTA_CONTABLE = t.CUENTA_CONTABLE
		AND t.MONEDA = s.MONEDA)
		WHEN MATCHED AND s.ID_PROCESO = #{idProceso,
		jdbcType=NUMERIC}
		THEN UPDATE SET
		t.ESTADO = '1',
		t.IMPORTE_TRANS_SUM =
		(t.IMPORTE_TRANS + s.IMPORTE_TRANS),
		t.IMPORTE_BASE_SUM =
		(t.IMPORTE_BASE + s.IMPORTE_BASE)
		WHEN NOT MATCHED BY TARGET
		THEN INSERT
		(CUENTA_CONTABLE, DESCRIPCION, MONEDA, IMPORTE_TRANS, IMPORTE_BASE,
		IMPORTE_TRANS_SUM, IMPORTE_BASE_SUM, ESTADO, PERIODO_INICIAL, USUARIO,
		FECHA_CREACION)
		VALUES (s.CUENTA_CONTABLE, s.DESCRIPCION, s.MONEDA, 0,
		0,
		s.IMPORTE_TRANS, s.IMPORTE_BASE, '1', #{periodo,jdbcType=NVARCHAR}, s.USUARIO,
		GETDATE());
	</update>

	<update id="cierreImportesFinal"
		parameterType="com.cardif.satelite.contabilidad.bean.ProcesoCuadroContableBean">
		UPDATE A
		SET A.ESTADO = '0', A.PERIODO_CIERRE =
		#{periodo,jdbcType=NVARCHAR}, A.IMPORTE_TRANS = A.IMPORTE_TRANS_SUM,
		A.IMPORTE_BASE = A.IMPORTE_BASE_SUM
		FROM CONTA_BALANCE_CUENTA A
		INNER
		JOIN CONTA_CONSULTA_CUENTA B ON A.CUENTA_CONTABLE = B.CUENTA_CONTABLE
		AND A.MONEDA = B.MONEDA
		WHERE B.ID_PROCESO = #{idProceso,
		jdbcType=NUMERIC} AND A.ESTADO = '1'
	</update>

	<update id="cierreProcesoFinal"
		parameterType="com.cardif.satelite.contabilidad.bean.ProcesoCuadroContableBean">
		UPDATE CONTA_PROCESO_CABECERA SET ESTADO = '0' WHERE
		ID_PROCESO = #{idProceso, jdbcType=NUMERIC}
	</update>

	<update id="borrarImportesBalance"
		parameterType="com.cardif.satelite.contabilidad.bean.ProcesoCuadroContableBean">
		UPDATE A
		SET A.IMPORTE_TRANS_SUM = (A.IMPORTE_TRANS_SUM -
		B.IMPORTE_TRANS),
		A.IMPORTE_BASE_SUM = (A.IMPORTE_BASE_SUM - B.IMPORTE_BASE)
		FROM CONTA_BALANCE_CUENTA A
		INNER JOIN CONTA_CONSULTA_CUENTA B ON A.CUENTA_CONTABLE =
		B.CUENTA_CONTABLE AND A.MONEDA = B.MONEDA
		WHERE B.ID_PROCESO =
		#{idProceso, jdbcType=NUMERIC}
		AND A.ESTADO = '1'
	</update>

	<delete id="borrarCuentasBalance"
		parameterType="com.cardif.satelite.contabilidad.bean.ProcesoCuadroContableBean">
		DELETE FROM CONTA_BALANCE_CUENTA
		WHERE CUENTA_CONTABLE IN
		(SELECT DISTINCT CUENTA_CONTABLE FROM CONTA_CONSULTA_CUENTA WHERE
		ID_PROCESO = #{idProceso, jdbcType=NUMERIC})
		AND (IMPORTE_BASE_SUM = 0
		AND IMPORTE_TRANS_SUM = 0) AND ESTADO = '1'
	</delete>

	<delete id="borraConsultasxProceso"
		parameterType="com.cardif.satelite.contabilidad.bean.ProcesoCuadroContableBean">
		DELETE FROM dbo.CONTA_CONSULTA_CUENTA WHERE ID_PROCESO =
		#{idProceso,jdbcType=NUMERIC}
	</delete>
	<delete id="borraDatosxProceso"
		parameterType="com.cardif.satelite.contabilidad.bean.ProcesoCuadroContableBean">
		DELETE FROM dbo.CARGA_CONT_DATO WHERE ID_PROCESO =
		#{idProceso,jdbcType=NUMERIC} AND TIPO_CARGA =
		#{tipoCarga,jdbcType=NVARCHAR}
	</delete>
	<delete id="borraProceso"
		parameterType="com.cardif.satelite.contabilidad.bean.ProcesoCuadroContableBean">
		DELETE FROM dbo.CONTA_PROCESO_CABECERA WHERE ID_PROCESO
		= #{idProceso,jdbcType=NUMERIC} AND ESTADO = '1'
	</delete>

	<delete id="borrarConsultasxPeriodo"
		parameterType="com.cardif.satelite.contabilidad.bean.ProcesoCuadroContableBean">
		DELETE FROM CONTA_CONSULTA_CUENTA
		WHERE ID_PROCESO IN
		(SELECT DISTINCT ID_PROCESO FROM CONTA_PROCESO_CABECERA WHERE PERIODO
		= #{periodo,jdbcType=NVARCHAR} AND ESTADO = '1')
	</delete>
	<delete id="borrarDatosxPeriodo"
		parameterType="com.cardif.satelite.contabilidad.bean.ProcesoCuadroContableBean">
		DELETE FROM CARGA_CONT_DATO
		WHERE ID_PROCESO IN (SELECT
		DISTINCT ID_PROCESO FROM CONTA_PROCESO_CABECERA WHERE PERIODO =
		#{periodo,jdbcType=NVARCHAR} AND ESTADO = '1')
	</delete>
	<delete id="borrarProcesoxPeriodo"
		parameterType="com.cardif.satelite.contabilidad.bean.ProcesoCuadroContableBean">
		DELETE FROM CONTA_PROCESO_CABECERA WHERE PERIODO =
		#{periodo,jdbcType=NVARCHAR} AND ESTADO = '1'
	</delete>

	<insert id="insertaContaAsientosActurial"
		parameterType="com.cardif.satelite.contabilidad.bean.AsientoActuarialBean">
		INSERT INTO
		dbo.CONTA_ASIENTO_ACTUARIAL
		(numCtaBanco,nameCtaBanco,fecha,fechaOperacion,descripcion,codMovimiento,importePositivo,
		importeNegativo,referencia,tipoDiario,numDiario,cuentaContable,numRef,UsuarioReg,fechaRegistra)
		VALUES(
		#{numCtaBanco,jdbcType=NVARCHAR},#{nameCtaBanco,jdbcType=NVARCHAR},#{fecha,jdbcType=NVARCHAR},#{fechaOperacion,jdbcType=NVARCHAR},
		#{descripcion,jdbcType=NVARCHAR},#{codMovimiento,jdbcType=NVARCHAR},#{importePositivo,jdbcType=DECIMAL},#{importeNegativo,jdbcType=DECIMAL},
		#{referencia,jdbcType=NVARCHAR},#{tipoDiario,jdbcType=NVARCHAR},#{numDiario,jdbcType=NUMERIC},#{cuentaContable,jdbcType=NVARCHAR},
		#{numRef,jdbcType=NVARCHAR},#{usuarioReg,jdbcType=VARCHAR},GETDATE())
	</insert>

	<update id="actualizarAsientoActuarial"
		parameterType="com.cardif.satelite.contabilidad.bean.ReservasCamposLayoutBean">
		UPDATE dbo.CARGA_CONT_RESERVA SET
		REF_TRANSACCION = #{refTransaccion, jdbcType=NVARCHAR},
		DESCRIPCION = #{descripcion,
		jdbcType=NVARCHAR},
		CODIGO_CUENTA = #{codigoCuenta, jdbcType=NVARCHAR},
		IMPORTE_TRANSACCION = #{importeTransaccion, jdbcType=DECIMAL},
		SOCIO_PRODUCTO = #{socioProducto, jdbcType=NVARCHAR}
		WHERE ID_CARGA =
		#{idCarga,jdbcType=NUMERIC}
	</update>

	<!-- Configuracion Opciones -->
	<insert id="agregarConfigProducto" useGeneratedKeys="true"
		keyProperty="id"
		parameterType="com.cardif.satelite.contabilidad.bean.ConfigProductoBean">
		INSERT INTO
		dbo.CONTA_ASIENTO_PRODUCTO_CONFIG
		(CODIGO,DESCRIPCION,MONEDA,CODIGO_EQUIVALENTE,USUARIO_REGISTRA,FECHA_REGISTRA)
		VALUES(
		#{prodCodigo,jdbcType=NVARCHAR},#{prodDescripcion,jdbcType=NVARCHAR},#{prodMoneda,jdbcType=NVARCHAR},#{prodCodEquivalente,jdbcType=NVARCHAR},
		#{usuarioRegistra,jdbcType=NVARCHAR},GETDATE())
	</insert>
	<insert id="agregarConfigAnalisis" useGeneratedKeys="true"
		keyProperty="id"
		parameterType="com.cardif.satelite.contabilidad.bean.ConfigAnalisisBean">
		INSERT INTO
		dbo.CONTA_ASIENTO_ANALISIS_CONFIG
		(CODIGO,DESCRIPCION,USUARIO_REGISTRA,FECHA_REGISTRA)
		VALUES(
		#{paramAnalisis,jdbcType=NVARCHAR},#{paramDescripcion,jdbcType=NVARCHAR},#{usuarioRegistra,jdbcType=NVARCHAR},GETDATE())
	</insert>
	<insert id="agregarConfigCuenta" useGeneratedKeys="true"
		keyProperty="id"
		parameterType="com.cardif.satelite.contabilidad.bean.ConfigCuentaContableBean">
		INSERT INTO
		dbo.CONTA_ASIENTO_CUENTA_CONFIG
		(CUENTA_CONTABLE,TIPO_ANALISIS,ID_PRODUCTO,ID_ANALISIS,USUARIO_REGISTRA,FECHA_REGISTRA)
		VALUES(
		#{cuentaContable,jdbcType=NVARCHAR},#{tipoAnalisis,jdbcType=NVARCHAR},#{idProducto,jdbcType=NUMERIC},#{idAnalisis,jdbcType=NUMERIC},#{usuarioRegistra,jdbcType=NVARCHAR},GETDATE())
	</insert>

	<update id="editarConfigProducto"
		parameterType="com.cardif.satelite.contabilidad.bean.ConfigProductoBean">
		UPDATE
		dbo.CONTA_ASIENTO_PRODUCTO_CONFIG
		SET CODIGO =
		#{prodCodigo,jdbcType=NVARCHAR},
		DESCRIPCION =
		#{prodDescripcion,jdbcType=NVARCHAR},
		MONEDA =
		#{prodMoneda,jdbcType=NVARCHAR},
		CODIGO_EQUIVALENTE =
		#{prodCodEquivalente,jdbcType=NVARCHAR},
		USUARIO_MODIFICA =
		#{usuarioRegistra,jdbcType=NVARCHAR},
		FECHA_MODIFICA = GETDATE()
		WHERE
		ID = #{id,jdbcType=NUMERIC}
	</update>
	<update id="editarConfigAnalisis"
		parameterType="com.cardif.satelite.contabilidad.bean.ConfigAnalisisBean">
		UPDATE
		dbo.CONTA_ASIENTO_ANALISIS_CONFIG
		SET CODIGO =
		#{paramAnalisis,jdbcType=NVARCHAR},
		DESCRIPCION =
		#{paramDescripcion,jdbcType=NVARCHAR},
		USUARIO_MODIFICA =
		#{usuarioRegistra,jdbcType=NVARCHAR},
		FECHA_MODIFICA = GETDATE()
		WHERE
		ID = #{id,jdbcType=NUMERIC}
	</update>
	<update id="editarConfigCuenta"
		parameterType="com.cardif.satelite.contabilidad.bean.ConfigCuentaContableBean">
		UPDATE
		dbo.CONTA_ASIENTO_CUENTA_CONFIG
		SET CUENTA_CONTABLE
		= #{cuentaContable,jdbcType=NVARCHAR},
		TIPO_ANALISIS =
		#{tipoAnalisis,jdbcType=NVARCHAR},
		ID_PRODUCTO =
		#{idProducto,jdbcType=NUMERIC},
		ID_ANALISIS =
		#{idAnalisis,jdbcType=NUMERIC},
		USUARIO_MODIFICA =
		#{usuarioRegistra,jdbcType=NVARCHAR},
		FECHA_MODIFICA = GETDATE()
		WHERE
		ID = #{id,jdbcType=NUMERIC}
	</update>

	<delete id="borrarConfigProducto"
		parameterType="com.cardif.satelite.contabilidad.bean.ConfigProductoBean">
		DELETE FROM dbo.CONTA_ASIENTO_PRODUCTO_CONFIG WHERE ID =
		#{id,jdbcType=NUMERIC}
	</delete>
	<delete id="borrarConfigAnalisis"
		parameterType="com.cardif.satelite.contabilidad.bean.ConfigAnalisisBean">
		DELETE FROM dbo.CONTA_ASIENTO_ANALISIS_CONFIG WHERE ID =
		#{id,jdbcType=NUMERIC}
	</delete>
	<delete id="borrarConfigCuenta"
		parameterType="com.cardif.satelite.contabilidad.bean.ConfigCuentaContableBean">
		DELETE FROM dbo.CONTA_ASIENTO_CUENTA_CONFIG WHERE ID =
		#{id,jdbcType=NUMERIC}
	</delete>

	<select id="listarConfigProducto"
		parameterType="com.cardif.satelite.contabilidad.bean.ConfigProductoBean"
		resultMap="rmProductoConfig">
		SELECT
		ID,CODIGO,DESCRIPCION,MONEDA,CODIGO_EQUIVALENTE,USUARIO_REGISTRA,FECHA_REGISTRA,USUARIO_MODIFICA,FECHA_MODIFICA
		FROM CONTA_ASIENTO_PRODUCTO_CONFIG
		WHERE 1 = 1
		<if test="prodCodigo != null">
			AND UPPER(CODIGO) like '%'+UPPER(#{prodCodigo,
			jdbcType=NVARCHAR})+'%'
		</if>
		<if test="prodDescripcion != null">
			AND UPPER(DESCRIPCION) like '%'+UPPER(#{prodDescripcion,
			jdbcType=NVARCHAR})+'%'
		</if>
		<if test="prodMoneda != null">
			AND MONEDA = #{prodMoneda, jdbcType=NVARCHAR}
		</if>
		<if test="prodCodEquivalente != null">
			AND UPPER(CODIGO_EQUIVALENTE) like
			'%'+UPPER(#{prodCodEquivalente, jdbcType=NVARCHAR})+'%'
		</if>
		ORDER BY ID DESC
	</select>
	<select id="itemsConfigProducto"
		parameterType="com.cardif.satelite.contabilidad.bean.ConfigProductoBean"
		resultMap="rmProductoConfig">
		SELECT
		ID,CODIGO,DESCRIPCION,MONEDA,CODIGO_EQUIVALENTE,USUARIO_REGISTRA,FECHA_REGISTRA,USUARIO_MODIFICA,FECHA_MODIFICA
		FROM CONTA_ASIENTO_PRODUCTO_CONFIG
		WHERE 1 = 1
		<if test="prodCodigo != null">
			AND UPPER(CODIGO) like '%'+UPPER(#{prodCodigo,
			jdbcType=NVARCHAR})+'%'
		</if>
		<if test="prodDescripcion != null">
			AND UPPER(DESCRIPCION) like '%'+UPPER(#{prodDescripcion,
			jdbcType=NVARCHAR})+'%'
		</if>
		<if test="prodMoneda != null">
			AND MONEDA = #{prodMoneda, jdbcType=NVARCHAR}
		</if>
		<if test="prodCodEquivalente != null">
			AND UPPER(CODIGO_EQUIVALENTE) like
			'%'+UPPER(#{prodCodEquivalente, jdbcType=NVARCHAR})+'%'
		</if>
		ORDER BY ID ASC
	</select>
	<select id="listarConfigAnalisis"
		parameterType="com.cardif.satelite.contabilidad.bean.ConfigAnalisisBean"
		resultMap="rmAnalisisConfig">
		SELECT
		ID,CODIGO,DESCRIPCION,USUARIO_REGISTRA,FECHA_REGISTRA,USUARIO_MODIFICA,FECHA_MODIFICA
		FROM CONTA_ASIENTO_ANALISIS_CONFIG
		WHERE 1 = 1
		<if test="paramAnalisis != null">
			AND UPPER(CODIGO) like '%'+UPPER(#{paramAnalisis,
			jdbcType=NVARCHAR})+'%'
		</if>
		<if test="paramDescripcion != null">
			AND UPPER(DESCRIPCION) like '%'+UPPER(#{paramDescripcion,
			jdbcType=NVARCHAR})+'%'
		</if>
		ORDER BY ID DESC
	</select>
	<select id="itemsConfigAnalisis"
		parameterType="com.cardif.satelite.contabilidad.bean.ConfigAnalisisBean"
		resultMap="rmAnalisisConfig">
		SELECT
		ID,CODIGO,DESCRIPCION,USUARIO_REGISTRA,FECHA_REGISTRA,USUARIO_MODIFICA,FECHA_MODIFICA
		FROM CONTA_ASIENTO_ANALISIS_CONFIG
		WHERE 1 = 1
		<if test="paramAnalisis != null">
			AND UPPER(CODIGO) like '%'+UPPER(#{paramAnalisis,
			jdbcType=NVARCHAR})+'%'
		</if>
		<if test="paramDescripcion != null">
			AND UPPER(DESCRIPCION) like '%'+UPPER(#{paramDescripcion,
			jdbcType=NVARCHAR})+'%'
		</if>
		ORDER BY ID ASC
	</select>
	<select id="listarConfigCuenta"
		parameterType="com.cardif.satelite.contabilidad.bean.ConfigCuentaContableBean"
		resultMap="rmCuentaContableConfig">
		SELECT CC.ID,CC.CUENTA_CONTABLE,CC.TIPO_ANALISIS, CC.ID_PRODUCTO,
		idProducto.CODIGO AS COD_PRODUCTO, idProducto.DESCRIPCION AS
		DESC_PRODUCTO,
		CC.ID_ANALISIS,idAnalisis.CODIGO AS COD_ANALISIS,
		idAnalisis.DESCRIPCION AS DESC_ANALISIS,
		CC.USUARIO_REGISTRA,CC.FECHA_REGISTRA,CC.USUARIO_MODIFICA,CC.FECHA_MODIFICA
		FROM CONTA_ASIENTO_CUENTA_CONFIG CC, CONTA_ASIENTO_PRODUCTO_CONFIG
		idProducto, CONTA_ASIENTO_ANALISIS_CONFIG idAnalisis
		WHERE
		idProducto.ID = CC.ID_PRODUCTO AND idAnalisis.ID = CC.ID_ANALISIS
		<if test="tipoAnalisis != null">
			AND TIPO_ANALISIS = #{tipoAnalisis, jdbcType=NVARCHAR}
		</if>
		<if test="cuentaContable != null">
			AND UPPER(CUENTA_CONTABLE) like UPPER(#{cuentaContable,
			jdbcType=NVARCHAR})+'%'
		</if>
		<if test="idAnalisis != null">
			AND ID_ANALISIS = #{idAnalisis, jdbcType=NUMERIC}
		</if>
		<if test="idProducto != null">
			AND ID_PRODUCTO = #{idProducto, jdbcType=NUMERIC}
		</if>
		ORDER BY CC.ID DESC
	</select>

	<select id="verConfigProducto"
		parameterType="com.cardif.satelite.contabilidad.bean.ConfigProductoBean"
		resultMap="rmProductoConfig">
		SELECT ID,CODIGO,DESCRIPCION,MONEDA,CODIGO_EQUIVALENTE FROM
		CONTA_ASIENTO_PRODUCTO_CONFIG WHERE ID = #{id,jdbcType=NUMERIC}
	</select>
	<select id="verConfigAnalisis"
		parameterType="com.cardif.satelite.contabilidad.bean.ConfigAnalisisBean"
		resultMap="rmAnalisisConfig">
		SELECT ID,CODIGO,DESCRIPCION FROM
		CONTA_ASIENTO_ANALISIS_CONFIG WHERE ID = #{id,jdbcType=NUMERIC}
	</select>
	<select id="verConfigCuenta"
		parameterType="com.cardif.satelite.contabilidad.bean.ConfigCuentaContableBean"
		resultMap="rmCuentaContableConfig">
		SELECT CC.ID,CC.CUENTA_CONTABLE,CC.TIPO_ANALISIS,
		CC.ID_PRODUCTO, idProducto.CODIGO AS COD_PRODUCTO,
		idProducto.DESCRIPCION AS DESC_PRODUCTO,
		CC.ID_ANALISIS,idAnalisis.CODIGO AS COD_ANALISIS,
		idAnalisis.DESCRIPCION AS DESC_ANALISIS
		FROM
		CONTA_ASIENTO_CUENTA_CONFIG CC, CONTA_ASIENTO_PRODUCTO_CONFIG
		idProducto, CONTA_ASIENTO_ANALISIS_CONFIG idAnalisis
		WHERE
		idProducto.ID = CC.ID_PRODUCTO AND idAnalisis.ID = CC.ID_ANALISIS
		WHERE ID = #{id,jdbcType=NUMERIC}
	</select>

	<update id="actualizarPeriodoProceso"
		parameterType="com.cardif.satelite.contabilidad.bean.ProcesoCuadroContableBean">
		UPDATE
		dbo.CONTA_PROCESO_CABECERA SET PERIODO =
		#{periodo, jdbcType=NVARCHAR}
		WHERE ID_PROCESO =
		#{idProceso,jdbcType=NUMERIC}
	</update>

</mapper>