<?xml version="1.0" encoding="UTF-8" ?>
<!DOCTYPE mapper PUBLIC "-//mybatis.org//DTD Mapper 3.0//EN" "http://mybatis.org/dtd/mybatis-3-mapper.dtd" >
<mapper namespace="com.cardif.satelite.reportes.dao.ReporteSBSRelacionadoMapper">
	<resultMap id="BaseResultMap" type="com.cardif.satelite.model.reportes.ReporteSBSRelacionado">
		<id column="ID" jdbcType="NUMERIC" property="id" />
		<result column="ID_REPORTE" jdbcType="NUMERIC" property="idReporte" />
		<result column="ID_DETALLE_REPORTE" jdbcType="NUMERIC" property="idDetalleReporte" />
	</resultMap>

	<sql id="Base_Column_List">
		ID, ID_REPORTE, ID_DETALLE_REPORTE
	</sql>

	<select id="selectByPrimaryKey" resultMap="BaseResultMap" parameterType="java.lang.Long">
		select
		<include refid="Base_Column_List" />
		from REPORTE_SBS_RELACIONADO
		where ID = #{id,jdbcType=NUMERIC}
	</select>

	<delete id="deleteByPrimaryKey" parameterType="java.lang.Long">
		delete from REPORTE_SBS_RELACIONADO
		where ID = #{id,jdbcType=NUMERIC}
	</delete>

	<delete id="deleteByPrimaryReport" parameterType="java.lang.Long">
		delete from REPORTE_SBS_RELACIONADO
		where ID_REPORTE = #{id,jdbcType=NUMERIC}
	</delete>

	<insert id="insertSelective" parameterType="com.cardif.satelite.model.reportes.ReporteSBSRelacionado">
		<selectKey keyProperty="id" order="BEFORE" resultType="java.lang.Long">
			SELECT REPORTE_SBS_RELACIONADO_SEQ.NEXTVAL FROM DUAL
		</selectKey>

		insert into REPORTE_SBS_RELACIONADO
		<trim prefix="(" suffix=")" suffixOverrides=",">
			<if test="null != id">
				ID,
			</if>
			<if test="null != idReporte">
				ID_REPORTE,
			</if>
			<if test="null != idDetalleReporte">
				ID_DETALLE_REPORTE,
			</if>
		</trim>
		<trim prefix="values (" suffix=")" suffixOverrides=",">
			<if test="null != id">
				#{id,jdbcType=NUMERIC},
			</if>
			<if test="null != idReporte">
				#{idReporte,jdbcType=NUMERIC},
			</if>
			<if test="null != idDetalleReporte">
				#{idDetalleReporte,jdbcType=NUMERIC},
			</if>
		</trim>
	</insert>
</mapper>