<?xml version="1.0" encoding="UTF-8" ?>
<!DOCTYPE mapper PUBLIC "-//mybatis.org//DTD Mapper 3.0//EN" "http://mybatis.org/dtd/mybatis-3-mapper.dtd" >
<mapper namespace="com.cardif.satelite.telemarketing.dao.OdsPolizaHmMapper">
	<resultMap id="BaseResultMap" type="com.cardif.satelite.model.datamart.OdsPolizaHm">
		<!-- WARNING - @mbggenerated This element is automatically generated by MyBatis Generator, do not modify. This element was generated on Tue Feb 04 14:23:56 
			COT 2014. -->
		<result column="NUM_POLIZA" property="numPoliza" jdbcType="VARCHAR" />
		<result column="FEC_ANULACION" property="fecAnulacion" jdbcType="DATE" />
		<result column="IMPORTEPRIMAEMITIDA" property="importeprimaemitida" jdbcType="FLOAT" />
		<result column="FEC_INIVIGENCIA" property="fecInivigencia" jdbcType="DATE" />
		<result column="FEC_EMISION" property="fecEmision" jdbcType="DATE" />
		<result column="FEC_FINVIGENCIA" property="fecFinvigencia" jdbcType="DATE" />
		<result column="COD_ESTADO" property="codEstado" jdbcType="DECIMAL" />
		<result column="COD_TIPOPOLIZA" property="codTipopoliza" jdbcType="CHAR" />
		<result column="COD_MONEDA" property="codMoneda" jdbcType="CHAR" />
		<result column="COD_PRODUCTO" property="codProducto" jdbcType="CHAR" />
		<result column="COD_PLAN" property="codPlan" jdbcType="CHAR" />
		<result column="COD_CANALVENTA" property="codCanalventa" jdbcType="CHAR" />
		<result column="NBR_VENDEDOR" property="nbrVendedor" jdbcType="VARCHAR" />
		<result column="COD_POLIZA" property="codPoliza" jdbcType="DECIMAL" />
		<result column="COD_MOVIMIENTO" property="codMovimiento" jdbcType="CHAR" />
		<result column="COD_FORMAPAGO" property="codFormapago" jdbcType="DECIMAL" />
		<result column="FEC_DEVOLUCION" property="fecDevolucion" jdbcType="DATE" />
		<result column="IMPORTEPRIMADEVUELTA" property="importeprimadevuelta" jdbcType="FLOAT" />
		<result column="IMPORTESUMAASEGURADA" property="importesumaasegurada" jdbcType="FLOAT" />
		<result column="IMPORTEPRIMANETA" property="importeprimaneta" jdbcType="FLOAT" />
		<result column="IMPORTEIGVPRIMAEMITIDA" property="importeigvprimaemitida" jdbcType="FLOAT" />
		<result column="IMPORTECOMPRIMANETA" property="importecomprimaneta" jdbcType="FLOAT" />
		<result column="PORCENTAJEPARTICIPACIONCOMISIO" property="porcentajeparticipacioncomisio" jdbcType="CHAR" />
		<result column="COD_CONTRATANTE" property="codContratante" jdbcType="DECIMAL" />
		<result column="COD_INTERMEDIARIO" property="codIntermediario" jdbcType="DECIMAL" />
		<result column="COD_ASEGURADO" property="codAsegurado" jdbcType="DECIMAL" />
		<result column="COD_PAGADOR" property="codPagador" jdbcType="DECIMAL" />
		<result column="COD_SOCIO" property="codSocio" jdbcType="DECIMAL" />
		<result column="AGREGATEDOBJECTID" property="agregatedobjectid" jdbcType="DECIMAL" />
		<result column="FLG_VENTANUEVA" property="flgVentanueva" jdbcType="DECIMAL" />
		<result column="ANOMES" property="anomes" jdbcType="DECIMAL" />
		<result column="OPERATIONPK" property="operationpk" jdbcType="DECIMAL" />
		<result column="MOTIVOANULACION" property="motivoanulacion" jdbcType="VARCHAR" />
		<result column="FEC_MOVIMIENTO" property="fecMovimiento" jdbcType="DATE" />
		<result column="FEC_ANULACIONORIGINAL" property="fecAnulacionoriginal" jdbcType="DATE" />
	</resultMap>
	<sql id="Example_Where_Clause">
		<!-- WARNING - @mbggenerated This element is automatically generated by MyBatis Generator, do not modify. This element was generated on Tue Feb 04 14:23:56 
			COT 2014. -->
		<where>
			<foreach collection="oredCriteria" item="criteria" separator="or">
				<if test="criteria.valid">
					<trim prefix="(" suffix=")" prefixOverrides="and">
						<foreach collection="criteria.criteria" item="criterion">
							<choose>
								<when test="criterion.noValue">
									and ${criterion.condition}
								</when>
								<when test="criterion.singleValue">
									and ${criterion.condition} #{criterion.value}
								</when>
								<when test="criterion.betweenValue">
									and ${criterion.condition} #{criterion.value} and #{criterion.secondValue}
								</when>
								<when test="criterion.listValue">
									and ${criterion.condition}
									<foreach collection="criterion.value" item="listItem" open="(" close=")" separator=",">
										#{listItem}
									</foreach>
								</when>
							</choose>
						</foreach>
					</trim>
				</if>
			</foreach>
		</where>
	</sql>
	<sql id="Update_By_Example_Where_Clause">
		<!-- WARNING - @mbggenerated This element is automatically generated by MyBatis Generator, do not modify. This element was generated on Tue Feb 04 14:23:56 
			COT 2014. -->
		<where>
			<foreach collection="example.oredCriteria" item="criteria" separator="or">
				<if test="criteria.valid">
					<trim prefix="(" suffix=")" prefixOverrides="and">
						<foreach collection="criteria.criteria" item="criterion">
							<choose>
								<when test="criterion.noValue">
									and ${criterion.condition}
								</when>
								<when test="criterion.singleValue">
									and ${criterion.condition} #{criterion.value}
								</when>
								<when test="criterion.betweenValue">
									and ${criterion.condition} #{criterion.value} and #{criterion.secondValue}
								</when>
								<when test="criterion.listValue">
									and ${criterion.condition}
									<foreach collection="criterion.value" item="listItem" open="(" close=")" separator=",">
										#{listItem}
									</foreach>
								</when>
							</choose>
						</foreach>
					</trim>
				</if>
			</foreach>
		</where>
	</sql>
	<sql id="Base_Column_List">
		<!-- WARNING - @mbggenerated This element is automatically generated by MyBatis Generator, do not modify. This element was generated on Tue Feb 04 14:23:56 
			COT 2014. -->
		NUM_POLIZA, FEC_ANULACION, IMPORTEPRIMAEMITIDA, FEC_INIVIGENCIA, FEC_EMISION, FEC_FINVIGENCIA,
		COD_ESTADO, COD_TIPOPOLIZA, COD_MONEDA, COD_PRODUCTO,
		COD_PLAN, COD_CANALVENTA, NBR_VENDEDOR,
		COD_POLIZA, COD_MOVIMIENTO, COD_FORMAPAGO, FEC_DEVOLUCION, IMPORTEPRIMADEVUELTA,
		IMPORTESUMAASEGURADA,
		IMPORTEPRIMANETA, IMPORTEIGVPRIMAEMITIDA, IMPORTECOMPRIMANETA,
		PORCENTAJEPARTICIPACIONCOMISIO, COD_CONTRATANTE, COD_INTERMEDIARIO, COD_ASEGURADO,
		COD_PAGADOR, COD_SOCIO, AGREGATEDOBJECTID, FLG_VENTANUEVA, ANOMES, OPERATIONPK, MOTIVOANULACION,
		FEC_MOVIMIENTO, FEC_ANULACIONORIGINAL
	</sql>
	<select id="selectByExample" resultMap="BaseResultMap" parameterType="com.cardif.satelite.model.datamart.OdsPolizaHmExample">
		<!-- WARNING - @mbggenerated This element is automatically generated by MyBatis Generator, do not modify. This element was generated on Tue Feb 04 14:23:56 
			COT 2014. -->
		select
		<if test="distinct">
			distinct
		</if>
		<include refid="Base_Column_List" />
		from USER_DM_ODS.ODS_POLIZA_HM
		<if test="_parameter != null">
			<include refid="Example_Where_Clause" />
		</if>
		<if test="orderByClause != null">
			order by ${orderByClause}
		</if>
	</select>
	<delete id="deleteByExample" parameterType="com.cardif.satelite.model.datamart.OdsPolizaHmExample">
		<!-- WARNING - @mbggenerated This element is automatically generated by MyBatis Generator, do not modify. This element was generated on Tue Feb 04 14:23:56 
			COT 2014. -->
		delete from USER_DM_ODS.ODS_POLIZA_HM
		<if test="_parameter != null">
			<include refid="Example_Where_Clause" />
		</if>
	</delete>
	<insert id="insert" parameterType="com.cardif.satelite.model.datamart.OdsPolizaHm">
		<!-- WARNING - @mbggenerated This element is automatically generated by MyBatis Generator, do not modify. This element was generated on Tue Feb 04 14:23:56 
			COT 2014. -->
		insert into USER_DM_ODS.ODS_POLIZA_HM (NUM_POLIZA, FEC_ANULACION, IMPORTEPRIMAEMITIDA,
		FEC_INIVIGENCIA, FEC_EMISION, FEC_FINVIGENCIA,
		COD_ESTADO,
		COD_TIPOPOLIZA, COD_MONEDA,
		COD_PRODUCTO, COD_PLAN, COD_CANALVENTA,
		NBR_VENDEDOR, COD_POLIZA, COD_MOVIMIENTO,
		COD_FORMAPAGO, FEC_DEVOLUCION,
		IMPORTEPRIMADEVUELTA,
		IMPORTESUMAASEGURADA, IMPORTEPRIMANETA, IMPORTEIGVPRIMAEMITIDA,
		IMPORTECOMPRIMANETA, PORCENTAJEPARTICIPACIONCOMISIO,
		COD_CONTRATANTE, COD_INTERMEDIARIO, COD_ASEGURADO,
		COD_PAGADOR, COD_SOCIO, AGREGATEDOBJECTID,
		FLG_VENTANUEVA, ANOMES, OPERATIONPK,
		MOTIVOANULACION,
		FEC_MOVIMIENTO, FEC_ANULACIONORIGINAL
		)
		values (#{numPoliza,jdbcType=VARCHAR}, #{fecAnulacion,jdbcType=DATE}, #{importeprimaemitida,jdbcType=FLOAT},
		#{fecInivigencia,jdbcType=DATE}, #{fecEmision,jdbcType=DATE}, #{fecFinvigencia,jdbcType=DATE},
		#{codEstado,jdbcType=DECIMAL},
		#{codTipopoliza,jdbcType=CHAR}, #{codMoneda,jdbcType=CHAR},
		#{codProducto,jdbcType=CHAR}, #{codPlan,jdbcType=CHAR}, #{codCanalventa,jdbcType=CHAR},
		#{nbrVendedor,jdbcType=VARCHAR}, #{codPoliza,jdbcType=DECIMAL}, #{codMovimiento,jdbcType=CHAR},
		#{codFormapago,jdbcType=DECIMAL},
		#{fecDevolucion,jdbcType=DATE}, #{importeprimadevuelta,jdbcType=FLOAT},
		#{importesumaasegurada,jdbcType=FLOAT}, #{importeprimaneta,jdbcType=FLOAT},
		#{importeigvprimaemitida,jdbcType=FLOAT},
		#{importecomprimaneta,jdbcType=FLOAT}, #{porcentajeparticipacioncomisio,jdbcType=CHAR},
		#{codContratante,jdbcType=DECIMAL}, #{codIntermediario,jdbcType=DECIMAL}, #{codAsegurado,jdbcType=DECIMAL},
		#{codPagador,jdbcType=DECIMAL},
		#{codSocio,jdbcType=DECIMAL}, #{agregatedobjectid,jdbcType=DECIMAL},
		#{flgVentanueva,jdbcType=DECIMAL}, #{anomes,jdbcType=DECIMAL},
		#{operationpk,jdbcType=DECIMAL},
		#{motivoanulacion,jdbcType=VARCHAR}, #{fecMovimiento,jdbcType=DATE}, #{fecAnulacionoriginal,jdbcType=DATE}
		)
	</insert>
	<insert id="insertSelective" parameterType="com.cardif.satelite.model.datamart.OdsPolizaHm">
		<!-- WARNING - @mbggenerated This element is automatically generated by MyBatis Generator, do not modify. This element was generated on Tue Feb 04 14:23:56 
			COT 2014. -->
		insert into USER_DM_ODS.ODS_POLIZA_HM
		<trim prefix="(" suffix=")" suffixOverrides=",">
			<if test="numPoliza != null">
				NUM_POLIZA,
			</if>
			<if test="fecAnulacion != null">
				FEC_ANULACION,
			</if>
			<if test="importeprimaemitida != null">
				IMPORTEPRIMAEMITIDA,
			</if>
			<if test="fecInivigencia != null">
				FEC_INIVIGENCIA,
			</if>
			<if test="fecEmision != null">
				FEC_EMISION,
			</if>
			<if test="fecFinvigencia != null">
				FEC_FINVIGENCIA,
			</if>
			<if test="codEstado != null">
				COD_ESTADO,
			</if>
			<if test="codTipopoliza != null">
				COD_TIPOPOLIZA,
			</if>
			<if test="codMoneda != null">
				COD_MONEDA,
			</if>
			<if test="codProducto != null">
				COD_PRODUCTO,
			</if>
			<if test="codPlan != null">
				COD_PLAN,
			</if>
			<if test="codCanalventa != null">
				COD_CANALVENTA,
			</if>
			<if test="nbrVendedor != null">
				NBR_VENDEDOR,
			</if>
			<if test="codPoliza != null">
				COD_POLIZA,
			</if>
			<if test="codMovimiento != null">
				COD_MOVIMIENTO,
			</if>
			<if test="codFormapago != null">
				COD_FORMAPAGO,
			</if>
			<if test="fecDevolucion != null">
				FEC_DEVOLUCION,
			</if>
			<if test="importeprimadevuelta != null">
				IMPORTEPRIMADEVUELTA,
			</if>
			<if test="importesumaasegurada != null">
				IMPORTESUMAASEGURADA,
			</if>
			<if test="importeprimaneta != null">
				IMPORTEPRIMANETA,
			</if>
			<if test="importeigvprimaemitida != null">
				IMPORTEIGVPRIMAEMITIDA,
			</if>
			<if test="importecomprimaneta != null">
				IMPORTECOMPRIMANETA,
			</if>
			<if test="porcentajeparticipacioncomisio != null">
				PORCENTAJEPARTICIPACIONCOMISIO,
			</if>
			<if test="codContratante != null">
				COD_CONTRATANTE,
			</if>
			<if test="codIntermediario != null">
				COD_INTERMEDIARIO,
			</if>
			<if test="codAsegurado != null">
				COD_ASEGURADO,
			</if>
			<if test="codPagador != null">
				COD_PAGADOR,
			</if>
			<if test="codSocio != null">
				COD_SOCIO,
			</if>
			<if test="agregatedobjectid != null">
				AGREGATEDOBJECTID,
			</if>
			<if test="flgVentanueva != null">
				FLG_VENTANUEVA,
			</if>
			<if test="anomes != null">
				ANOMES,
			</if>
			<if test="operationpk != null">
				OPERATIONPK,
			</if>
			<if test="motivoanulacion != null">
				MOTIVOANULACION,
			</if>
			<if test="fecMovimiento != null">
				FEC_MOVIMIENTO,
			</if>
			<if test="fecAnulacionoriginal != null">
				FEC_ANULACIONORIGINAL,
			</if>
		</trim>
		<trim prefix="values (" suffix=")" suffixOverrides=",">
			<if test="numPoliza != null">
				#{numPoliza,jdbcType=VARCHAR},
			</if>
			<if test="fecAnulacion != null">
				#{fecAnulacion,jdbcType=DATE},
			</if>
			<if test="importeprimaemitida != null">
				#{importeprimaemitida,jdbcType=FLOAT},
			</if>
			<if test="fecInivigencia != null">
				#{fecInivigencia,jdbcType=DATE},
			</if>
			<if test="fecEmision != null">
				#{fecEmision,jdbcType=DATE},
			</if>
			<if test="fecFinvigencia != null">
				#{fecFinvigencia,jdbcType=DATE},
			</if>
			<if test="codEstado != null">
				#{codEstado,jdbcType=DECIMAL},
			</if>
			<if test="codTipopoliza != null">
				#{codTipopoliza,jdbcType=CHAR},
			</if>
			<if test="codMoneda != null">
				#{codMoneda,jdbcType=CHAR},
			</if>
			<if test="codProducto != null">
				#{codProducto,jdbcType=CHAR},
			</if>
			<if test="codPlan != null">
				#{codPlan,jdbcType=CHAR},
			</if>
			<if test="codCanalventa != null">
				#{codCanalventa,jdbcType=CHAR},
			</if>
			<if test="nbrVendedor != null">
				#{nbrVendedor,jdbcType=VARCHAR},
			</if>
			<if test="codPoliza != null">
				#{codPoliza,jdbcType=DECIMAL},
			</if>
			<if test="codMovimiento != null">
				#{codMovimiento,jdbcType=CHAR},
			</if>
			<if test="codFormapago != null">
				#{codFormapago,jdbcType=DECIMAL},
			</if>
			<if test="fecDevolucion != null">
				#{fecDevolucion,jdbcType=DATE},
			</if>
			<if test="importeprimadevuelta != null">
				#{importeprimadevuelta,jdbcType=FLOAT},
			</if>
			<if test="importesumaasegurada != null">
				#{importesumaasegurada,jdbcType=FLOAT},
			</if>
			<if test="importeprimaneta != null">
				#{importeprimaneta,jdbcType=FLOAT},
			</if>
			<if test="importeigvprimaemitida != null">
				#{importeigvprimaemitida,jdbcType=FLOAT},
			</if>
			<if test="importecomprimaneta != null">
				#{importecomprimaneta,jdbcType=FLOAT},
			</if>
			<if test="porcentajeparticipacioncomisio != null">
				#{porcentajeparticipacioncomisio,jdbcType=CHAR},
			</if>
			<if test="codContratante != null">
				#{codContratante,jdbcType=DECIMAL},
			</if>
			<if test="codIntermediario != null">
				#{codIntermediario,jdbcType=DECIMAL},
			</if>
			<if test="codAsegurado != null">
				#{codAsegurado,jdbcType=DECIMAL},
			</if>
			<if test="codPagador != null">
				#{codPagador,jdbcType=DECIMAL},
			</if>
			<if test="codSocio != null">
				#{codSocio,jdbcType=DECIMAL},
			</if>
			<if test="agregatedobjectid != null">
				#{agregatedobjectid,jdbcType=DECIMAL},
			</if>
			<if test="flgVentanueva != null">
				#{flgVentanueva,jdbcType=DECIMAL},
			</if>
			<if test="anomes != null">
				#{anomes,jdbcType=DECIMAL},
			</if>
			<if test="operationpk != null">
				#{operationpk,jdbcType=DECIMAL},
			</if>
			<if test="motivoanulacion != null">
				#{motivoanulacion,jdbcType=VARCHAR},
			</if>
			<if test="fecMovimiento != null">
				#{fecMovimiento,jdbcType=DATE},
			</if>
			<if test="fecAnulacionoriginal != null">
				#{fecAnulacionoriginal,jdbcType=DATE},
			</if>
		</trim>
	</insert>
	<select id="countByExample" parameterType="com.cardif.satelite.model.datamart.OdsPolizaHmExample" resultType="java.lang.Integer">
		<!-- WARNING - @mbggenerated This element is automatically generated by MyBatis Generator, do not modify. This element was generated on Tue Feb 04 14:23:56 
			COT 2014. -->
		select count(*) from USER_DM_ODS.ODS_POLIZA_HM
		<if test="_parameter != null">
			<include refid="Example_Where_Clause" />
		</if>
	</select>
	<update id="updateByExampleSelective" parameterType="map">
		<!-- WARNING - @mbggenerated This element is automatically generated by MyBatis Generator, do not modify. This element was generated on Tue Feb 04 14:23:56 
			COT 2014. -->
		update USER_DM_ODS.ODS_POLIZA_HM
		<set>
			<if test="record.numPoliza != null">
				NUM_POLIZA = #{record.numPoliza,jdbcType=VARCHAR},
			</if>
			<if test="record.fecAnulacion != null">
				FEC_ANULACION = #{record.fecAnulacion,jdbcType=DATE},
			</if>
			<if test="record.importeprimaemitida != null">
				IMPORTEPRIMAEMITIDA = #{record.importeprimaemitida,jdbcType=FLOAT},
			</if>
			<if test="record.fecInivigencia != null">
				FEC_INIVIGENCIA = #{record.fecInivigencia,jdbcType=DATE},
			</if>
			<if test="record.fecEmision != null">
				FEC_EMISION = #{record.fecEmision,jdbcType=DATE},
			</if>
			<if test="record.fecFinvigencia != null">
				FEC_FINVIGENCIA = #{record.fecFinvigencia,jdbcType=DATE},
			</if>
			<if test="record.codEstado != null">
				COD_ESTADO = #{record.codEstado,jdbcType=DECIMAL},
			</if>
			<if test="record.codTipopoliza != null">
				COD_TIPOPOLIZA = #{record.codTipopoliza,jdbcType=CHAR},
			</if>
			<if test="record.codMoneda != null">
				COD_MONEDA = #{record.codMoneda,jdbcType=CHAR},
			</if>
			<if test="record.codProducto != null">
				COD_PRODUCTO = #{record.codProducto,jdbcType=CHAR},
			</if>
			<if test="record.codPlan != null">
				COD_PLAN = #{record.codPlan,jdbcType=CHAR},
			</if>
			<if test="record.codCanalventa != null">
				COD_CANALVENTA = #{record.codCanalventa,jdbcType=CHAR},
			</if>
			<if test="record.nbrVendedor != null">
				NBR_VENDEDOR = #{record.nbrVendedor,jdbcType=VARCHAR},
			</if>
			<if test="record.codPoliza != null">
				COD_POLIZA = #{record.codPoliza,jdbcType=DECIMAL},
			</if>
			<if test="record.codMovimiento != null">
				COD_MOVIMIENTO = #{record.codMovimiento,jdbcType=CHAR},
			</if>
			<if test="record.codFormapago != null">
				COD_FORMAPAGO = #{record.codFormapago,jdbcType=DECIMAL},
			</if>
			<if test="record.fecDevolucion != null">
				FEC_DEVOLUCION = #{record.fecDevolucion,jdbcType=DATE},
			</if>
			<if test="record.importeprimadevuelta != null">
				IMPORTEPRIMADEVUELTA = #{record.importeprimadevuelta,jdbcType=FLOAT},
			</if>
			<if test="record.importesumaasegurada != null">
				IMPORTESUMAASEGURADA = #{record.importesumaasegurada,jdbcType=FLOAT},
			</if>
			<if test="record.importeprimaneta != null">
				IMPORTEPRIMANETA = #{record.importeprimaneta,jdbcType=FLOAT},
			</if>
			<if test="record.importeigvprimaemitida != null">
				IMPORTEIGVPRIMAEMITIDA = #{record.importeigvprimaemitida,jdbcType=FLOAT},
			</if>
			<if test="record.importecomprimaneta != null">
				IMPORTECOMPRIMANETA = #{record.importecomprimaneta,jdbcType=FLOAT},
			</if>
			<if test="record.porcentajeparticipacioncomisio != null">
				PORCENTAJEPARTICIPACIONCOMISIO = #{record.porcentajeparticipacioncomisio,jdbcType=CHAR},
			</if>
			<if test="record.codContratante != null">
				COD_CONTRATANTE = #{record.codContratante,jdbcType=DECIMAL},
			</if>
			<if test="record.codIntermediario != null">
				COD_INTERMEDIARIO = #{record.codIntermediario,jdbcType=DECIMAL},
			</if>
			<if test="record.codAsegurado != null">
				COD_ASEGURADO = #{record.codAsegurado,jdbcType=DECIMAL},
			</if>
			<if test="record.codPagador != null">
				COD_PAGADOR = #{record.codPagador,jdbcType=DECIMAL},
			</if>
			<if test="record.codSocio != null">
				COD_SOCIO = #{record.codSocio,jdbcType=DECIMAL},
			</if>
			<if test="record.agregatedobjectid != null">
				AGREGATEDOBJECTID = #{record.agregatedobjectid,jdbcType=DECIMAL},
			</if>
			<if test="record.flgVentanueva != null">
				FLG_VENTANUEVA = #{record.flgVentanueva,jdbcType=DECIMAL},
			</if>
			<if test="record.anomes != null">
				ANOMES = #{record.anomes,jdbcType=DECIMAL},
			</if>
			<if test="record.operationpk != null">
				OPERATIONPK = #{record.operationpk,jdbcType=DECIMAL},
			</if>
			<if test="record.motivoanulacion != null">
				MOTIVOANULACION = #{record.motivoanulacion,jdbcType=VARCHAR},
			</if>
			<if test="record.fecMovimiento != null">
				FEC_MOVIMIENTO = #{record.fecMovimiento,jdbcType=DATE},
			</if>
			<if test="record.fecAnulacionoriginal != null">
				FEC_ANULACIONORIGINAL = #{record.fecAnulacionoriginal,jdbcType=DATE},
			</if>
		</set>
		<if test="_parameter != null">
			<include refid="Update_By_Example_Where_Clause" />
		</if>
	</update>
	<update id="updateByExample" parameterType="map">
		<!-- WARNING - @mbggenerated This element is automatically generated by MyBatis Generator, do not modify. This element was generated on Tue Feb 04 14:23:56 
			COT 2014. -->
		update USER_DM_ODS.ODS_POLIZA_HM
		set NUM_POLIZA = #{record.numPoliza,jdbcType=VARCHAR},
		FEC_ANULACION = #{record.fecAnulacion,jdbcType=DATE},
		IMPORTEPRIMAEMITIDA = #{record.importeprimaemitida,jdbcType=FLOAT},
		FEC_INIVIGENCIA = #{record.fecInivigencia,jdbcType=DATE},
		FEC_EMISION =
		#{record.fecEmision,jdbcType=DATE},
		FEC_FINVIGENCIA = #{record.fecFinvigencia,jdbcType=DATE},
		COD_ESTADO = #{record.codEstado,jdbcType=DECIMAL},
		COD_TIPOPOLIZA = #{record.codTipopoliza,jdbcType=CHAR},
		COD_MONEDA = #{record.codMoneda,jdbcType=CHAR},
		COD_PRODUCTO =
		#{record.codProducto,jdbcType=CHAR},
		COD_PLAN = #{record.codPlan,jdbcType=CHAR},
		COD_CANALVENTA = #{record.codCanalventa,jdbcType=CHAR},
		NBR_VENDEDOR =
		#{record.nbrVendedor,jdbcType=VARCHAR},
		COD_POLIZA = #{record.codPoliza,jdbcType=DECIMAL},
		COD_MOVIMIENTO = #{record.codMovimiento,jdbcType=CHAR},
		COD_FORMAPAGO = #{record.codFormapago,jdbcType=DECIMAL},
		FEC_DEVOLUCION = #{record.fecDevolucion,jdbcType=DATE},
		IMPORTEPRIMADEVUELTA =
		#{record.importeprimadevuelta,jdbcType=FLOAT},
		IMPORTESUMAASEGURADA = #{record.importesumaasegurada,jdbcType=FLOAT},
		IMPORTEPRIMANETA =
		#{record.importeprimaneta,jdbcType=FLOAT},
		IMPORTEIGVPRIMAEMITIDA = #{record.importeigvprimaemitida,jdbcType=FLOAT},
		IMPORTECOMPRIMANETA =
		#{record.importecomprimaneta,jdbcType=FLOAT},
		PORCENTAJEPARTICIPACIONCOMISIO = #{record.porcentajeparticipacioncomisio,jdbcType=CHAR},
		COD_CONTRATANTE = #{record.codContratante,jdbcType=DECIMAL},
		COD_INTERMEDIARIO = #{record.codIntermediario,jdbcType=DECIMAL},
		COD_ASEGURADO =
		#{record.codAsegurado,jdbcType=DECIMAL},
		COD_PAGADOR = #{record.codPagador,jdbcType=DECIMAL},
		COD_SOCIO = #{record.codSocio,jdbcType=DECIMAL},
		AGREGATEDOBJECTID = #{record.agregatedobjectid,jdbcType=DECIMAL},
		FLG_VENTANUEVA = #{record.flgVentanueva,jdbcType=DECIMAL},
		ANOMES =
		#{record.anomes,jdbcType=DECIMAL},
		OPERATIONPK = #{record.operationpk,jdbcType=DECIMAL},
		MOTIVOANULACION = #{record.motivoanulacion,jdbcType=VARCHAR},
		FEC_MOVIMIENTO = #{record.fecMovimiento,jdbcType=DATE},
		FEC_ANULACIONORIGINAL = #{record.fecAnulacionoriginal,jdbcType=DATE}
		<if test="_parameter != null">
			<include refid="Update_By_Example_Where_Clause" />
		</if>
	</update>
</mapper>