<?xml version="1.0" encoding="UTF-8" ?>
<!DOCTYPE mapper PUBLIC "-//mybatis.org//DTD Mapper 3.0//EN" "http://mybatis.org/dtd/mybatis-3-mapper.dtd" >
<mapper namespace="com.cardif.satelite.telemarketing.dao.OdsProductoDeMapper">
	<resultMap id="BaseResultMap" type="com.cardif.satelite.model.datamart.OdsProductoDe">
		<!-- WARNING - @mbggenerated This element is automatically generated by MyBatis Generator, do not modify. This element was generated on Tue Feb 04 14:23:56 
			COT 2014. -->
		<result column="DES_PRODUCTO" property="desProducto" jdbcType="VARCHAR" />
		<result column="COD_PRODUCTO" property="codProducto" jdbcType="DECIMAL" />
		<result column="COD_RIESGOSBS" property="codRiesgosbs" jdbcType="FLOAT" />
		<result column="DES_RIESGOSBS" property="desRiesgosbs" jdbcType="VARCHAR" />
		<result column="COD_SBS" property="codSbs" jdbcType="VARCHAR" />
		<result column="FEC_LANZAMIENTO" property="fecLanzamiento" jdbcType="DATE" />
	</resultMap>

	<resultMap id="ReporteTLMKResultMap" type="com.cardif.satelite.telemarketing.bean.ReporteTLMK">
		<result column="COD_PRODUCTO" property="codProducto" jdbcType="NUMERIC" />
		<result column="COD_SOCIO" property="codSocio" jdbcType="DECIMAL" />
		<result column="PRODUCTO" property="producto" jdbcType="VARCHAR" />
		<result column="NUM_POLIZA" property="numPoliza" jdbcType="VARCHAR" />
		<result column="COD_PERSONA" property="codPersona" jdbcType="VARCHAR" />
		<result column="DOC_IDENTIDAD" property="docIdentidad" jdbcType="VARCHAR" />
		<result column="NOMBRE_CLIENTE" property="nombreCliente" jdbcType="VARCHAR" />
		<result column="APELLIDO_PATERNO" property="apellidoPaterno" jdbcType="VARCHAR" />
		<result column="APELLIDO_MATERNO" property="apellidoMaterno" jdbcType="VARCHAR" />
		<result column="FEC_INIVIGENCIA" property="fecIniVigencia" jdbcType="TIMESTAMP" />
		<result column="FEC_FINVIGENCIA" property="fecFinVigencia" jdbcType="TIMESTAMP" />
		<result column="PERMANENCIA" property="permanencia" jdbcType="VARCHAR" />
		<result column="DIR_PERSONA" property="dirPersona" jdbcType="VARCHAR" />
		<result column="DESC_DISTRITO" property="descDistrito" jdbcType="VARCHAR" />
		<result column="DESC_PROVINCIA" property="descProvincia" jdbcType="VARCHAR" />
		<result column="DESC_DEPARTAMENTO" property="descDepartamento" jdbcType="VARCHAR" />
		<result column="IMPORTEPRIMAEMITIDA" property="importePrimaEmitida" jdbcType="FLOAT" />
		<result column="TELEFONO" property="telefono" jdbcType="VARCHAR" />
		<result column="OTROS_PRODUCTOS" property="otrosProductos" jdbcType="VARCHAR" />
		<result column="COD_POLIZA" property="codPoliza" jdbcType="DECIMAL" />
		<result column="CUOTAS_IMPAGAS" property="cuotasImpagas" jdbcType="NUMERIC" />
	</resultMap>



	<sql id="Example_Where_Clause">
		<!-- WARNING - @mbggenerated This element is automatically generated by MyBatis Generator, do not modify. This element was generated on Tue Feb 04 14:23:56 
			COT 2014. -->
		<where>
			<foreach collection="oredCriteria" item="criteria" separator="or">
				<if test="criteria.valid">
					<trim prefix="(" suffix=")" prefixOverrides="and">
						<foreach collection="criteria.criteria" item="criterion">
							<choose>
								<when test="criterion.noValue">
									and ${criterion.condition}
								</when>
								<when test="criterion.singleValue">
									and ${criterion.condition} #{criterion.value}
								</when>
								<when test="criterion.betweenValue">
									and ${criterion.condition} #{criterion.value} and #{criterion.secondValue}
								</when>
								<when test="criterion.listValue">
									and ${criterion.condition}
									<foreach collection="criterion.value" item="listItem" open="(" close=")" separator=",">
										#{listItem}
									</foreach>
								</when>
							</choose>
						</foreach>
					</trim>
				</if>
			</foreach>
		</where>
	</sql>
	<sql id="Update_By_Example_Where_Clause">
		<!-- WARNING - @mbggenerated This element is automatically generated by MyBatis Generator, do not modify. This element was generated on Tue Feb 04 14:23:56 
			COT 2014. -->
		<where>
			<foreach collection="example.oredCriteria" item="criteria" separator="or">
				<if test="criteria.valid">
					<trim prefix="(" suffix=")" prefixOverrides="and">
						<foreach collection="criteria.criteria" item="criterion">
							<choose>
								<when test="criterion.noValue">
									and ${criterion.condition}
								</when>
								<when test="criterion.singleValue">
									and ${criterion.condition} #{criterion.value}
								</when>
								<when test="criterion.betweenValue">
									and ${criterion.condition} #{criterion.value} and #{criterion.secondValue}
								</when>
								<when test="criterion.listValue">
									and ${criterion.condition}
									<foreach collection="criterion.value" item="listItem" open="(" close=")" separator=",">
										#{listItem}
									</foreach>
								</when>
							</choose>
						</foreach>
					</trim>
				</if>
			</foreach>
		</where>
	</sql>
	<sql id="Base_Column_List">
		<!-- WARNING - @mbggenerated This element is automatically generated by MyBatis Generator, do not modify. This element was generated on Tue Feb 04 14:23:56 
			COT 2014. -->
		DES_PRODUCTO, COD_PRODUCTO, COD_RIESGOSBS, DES_RIESGOSBS, COD_SBS, FEC_LANZAMIENTO
	</sql>
	<select id="selectByExample" resultMap="BaseResultMap" parameterType="com.cardif.satelite.model.datamart.OdsProductoDeExample">
		<!-- WARNING - @mbggenerated This element is automatically generated by MyBatis Generator, do not modify. This element was generated on Tue Feb 04 14:23:56 
			COT 2014. -->
		select
		<if test="distinct">
			distinct
		</if>
		<include refid="Base_Column_List" />
		from USER_DM_ODS.ODS_PRODUCTO_DE
		<if test="_parameter != null">
			<include refid="Example_Where_Clause" />
		</if>
		<if test="orderByClause != null">
			order by ${orderByClause}
		</if>
	</select>
	<delete id="deleteByExample" parameterType="com.cardif.satelite.model.datamart.OdsProductoDeExample">
		<!-- WARNING - @mbggenerated This element is automatically generated by MyBatis Generator, do not modify. This element was generated on Tue Feb 04 14:23:56 
			COT 2014. -->
		delete from USER_DM_ODS.ODS_PRODUCTO_DE
		<if test="_parameter != null">
			<include refid="Example_Where_Clause" />
		</if>
	</delete>
	<insert id="insert" parameterType="com.cardif.satelite.model.datamart.OdsProductoDe">
		<!-- WARNING - @mbggenerated This element is automatically generated by MyBatis Generator, do not modify. This element was generated on Tue Feb 04 14:23:56 
			COT 2014. -->
		insert into USER_DM_ODS.ODS_PRODUCTO_DE (DES_PRODUCTO, COD_PRODUCTO, COD_RIESGOSBS,
		DES_RIESGOSBS, COD_SBS, FEC_LANZAMIENTO
		)
		values
		(#{desProducto,jdbcType=VARCHAR}, #{codProducto,jdbcType=DECIMAL}, #{codRiesgosbs,jdbcType=FLOAT},
		#{desRiesgosbs,jdbcType=VARCHAR},
		#{codSbs,jdbcType=VARCHAR}, #{fecLanzamiento,jdbcType=DATE}
		)
	</insert>
	<insert id="insertSelective" parameterType="com.cardif.satelite.model.datamart.OdsProductoDe">
		<!-- WARNING - @mbggenerated This element is automatically generated by MyBatis Generator, do not modify. This element was generated on Tue Feb 04 14:23:56 
			COT 2014. -->
		insert into USER_DM_ODS.ODS_PRODUCTO_DE
		<trim prefix="(" suffix=")" suffixOverrides=",">
			<if test="desProducto != null">
				DES_PRODUCTO,
			</if>
			<if test="codProducto != null">
				COD_PRODUCTO,
			</if>
			<if test="codRiesgosbs != null">
				COD_RIESGOSBS,
			</if>
			<if test="desRiesgosbs != null">
				DES_RIESGOSBS,
			</if>
			<if test="codSbs != null">
				COD_SBS,
			</if>
			<if test="fecLanzamiento != null">
				FEC_LANZAMIENTO,
			</if>
		</trim>
		<trim prefix="values (" suffix=")" suffixOverrides=",">
			<if test="desProducto != null">
				#{desProducto,jdbcType=VARCHAR},
			</if>
			<if test="codProducto != null">
				#{codProducto,jdbcType=DECIMAL},
			</if>
			<if test="codRiesgosbs != null">
				#{codRiesgosbs,jdbcType=FLOAT},
			</if>
			<if test="desRiesgosbs != null">
				#{desRiesgosbs,jdbcType=VARCHAR},
			</if>
			<if test="codSbs != null">
				#{codSbs,jdbcType=VARCHAR},
			</if>
			<if test="fecLanzamiento != null">
				#{fecLanzamiento,jdbcType=DATE},
			</if>
		</trim>
	</insert>
	<select id="countByExample" parameterType="com.cardif.satelite.model.datamart.OdsProductoDeExample" resultType="java.lang.Integer">
		<!-- WARNING - @mbggenerated This element is automatically generated by MyBatis Generator, do not modify. This element was generated on Tue Feb 04 14:23:56 
			COT 2014. -->
		select count(*) from USER_DM_ODS.ODS_PRODUCTO_DE
		<if test="_parameter != null">
			<include refid="Example_Where_Clause" />
		</if>
	</select>
	<update id="updateByExampleSelective" parameterType="map">
		<!-- WARNING - @mbggenerated This element is automatically generated by MyBatis Generator, do not modify. This element was generated on Tue Feb 04 14:23:56 
			COT 2014. -->
		update USER_DM_ODS.ODS_PRODUCTO_DE
		<set>
			<if test="record.desProducto != null">
				DES_PRODUCTO = #{record.desProducto,jdbcType=VARCHAR},
			</if>
			<if test="record.codProducto != null">
				COD_PRODUCTO = #{record.codProducto,jdbcType=DECIMAL},
			</if>
			<if test="record.codRiesgosbs != null">
				COD_RIESGOSBS = #{record.codRiesgosbs,jdbcType=FLOAT},
			</if>
			<if test="record.desRiesgosbs != null">
				DES_RIESGOSBS = #{record.desRiesgosbs,jdbcType=VARCHAR},
			</if>
			<if test="record.codSbs != null">
				COD_SBS = #{record.codSbs,jdbcType=VARCHAR},
			</if>
			<if test="record.fecLanzamiento != null">
				FEC_LANZAMIENTO = #{record.fecLanzamiento,jdbcType=DATE},
			</if>
		</set>
		<if test="_parameter != null">
			<include refid="Update_By_Example_Where_Clause" />
		</if>
	</update>
	<update id="updateByExample" parameterType="map">
		<!-- WARNING - @mbggenerated This element is automatically generated by MyBatis Generator, do not modify. This element was generated on Tue Feb 04 14:23:56 
			COT 2014. -->
		update USER_DM_ODS.ODS_PRODUCTO_DE
		set DES_PRODUCTO = #{record.desProducto,jdbcType=VARCHAR},
		COD_PRODUCTO = #{record.codProducto,jdbcType=DECIMAL},
		COD_RIESGOSBS = #{record.codRiesgosbs,jdbcType=FLOAT},
		DES_RIESGOSBS = #{record.desRiesgosbs,jdbcType=VARCHAR},
		COD_SBS =
		#{record.codSbs,jdbcType=VARCHAR},
		FEC_LANZAMIENTO = #{record.fecLanzamiento,jdbcType=DATE}
		<if test="_parameter != null">
			<include refid="Update_By_Example_Where_Clause" />
		</if>
	</update>
</mapper>