<?xml version="1.0" encoding="UTF-8" ?>
<!DOCTYPE mapper PUBLIC "-//mybatis.org//DTD Mapper 3.0//EN" "http://mybatis.org/dtd/mybatis-3-mapper.dtd" >
<mapper namespace="com.cardif.satelite.telemarketing.dao.OdsSocioMmMapper">
	<resultMap id="BaseResultMap" type="com.cardif.satelite.model.datamart.OdsSocioMm">
		<!-- WARNING - @mbggenerated This element is automatically generated by MyBatis Generator, do not modify. This element was generated on Tue Feb 04 14:23:56 
			COT 2014. -->
		<result column="COD_SOCIO" property="codSocio" jdbcType="VARCHAR" />
		<result column="NBR_SOCIO" property="nbrSocio" jdbcType="VARCHAR" />
		<result column="RUC" property="ruc" jdbcType="VARCHAR" />
		<result column="INDUSTRIA" property="industria" jdbcType="VARCHAR" />
		<result column="DIR_SOCIO" property="dirSocio" jdbcType="VARCHAR" />
	</resultMap>
	<sql id="Example_Where_Clause">
		<!-- WARNING - @mbggenerated This element is automatically generated by MyBatis Generator, do not modify. This element was generated on Tue Feb 04 14:23:56 
			COT 2014. -->
		<where>
			<foreach collection="oredCriteria" item="criteria" separator="or">
				<if test="criteria.valid">
					<trim prefix="(" suffix=")" prefixOverrides="and">
						<foreach collection="criteria.criteria" item="criterion">
							<choose>
								<when test="criterion.noValue">
									and ${criterion.condition}
								</when>
								<when test="criterion.singleValue">
									and ${criterion.condition} #{criterion.value}
								</when>
								<when test="criterion.betweenValue">
									and ${criterion.condition} #{criterion.value} and #{criterion.secondValue}
								</when>
								<when test="criterion.listValue">
									and ${criterion.condition}
									<foreach collection="criterion.value" item="listItem" open="(" close=")" separator=",">
										#{listItem}
									</foreach>
								</when>
							</choose>
						</foreach>
					</trim>
				</if>
			</foreach>
		</where>
	</sql>
	<sql id="Update_By_Example_Where_Clause">
		<!-- WARNING - @mbggenerated This element is automatically generated by MyBatis Generator, do not modify. This element was generated on Tue Feb 04 14:23:56 
			COT 2014. -->
		<where>
			<foreach collection="example.oredCriteria" item="criteria" separator="or">
				<if test="criteria.valid">
					<trim prefix="(" suffix=")" prefixOverrides="and">
						<foreach collection="criteria.criteria" item="criterion">
							<choose>
								<when test="criterion.noValue">
									and ${criterion.condition}
								</when>
								<when test="criterion.singleValue">
									and ${criterion.condition} #{criterion.value}
								</when>
								<when test="criterion.betweenValue">
									and ${criterion.condition} #{criterion.value} and #{criterion.secondValue}
								</when>
								<when test="criterion.listValue">
									and ${criterion.condition}
									<foreach collection="criterion.value" item="listItem" open="(" close=")" separator=",">
										#{listItem}
									</foreach>
								</when>
							</choose>
						</foreach>
					</trim>
				</if>
			</foreach>
		</where>
	</sql>
	<sql id="Base_Column_List">
		<!-- WARNING - @mbggenerated This element is automatically generated by MyBatis Generator, do not modify. This element was generated on Tue Feb 04 14:23:56 
			COT 2014. -->
		COD_SOCIO, NBR_SOCIO, RUC, INDUSTRIA, DIR_SOCIO
	</sql>
	<select id="selectByExample" resultMap="BaseResultMap" parameterType="com.cardif.satelite.model.datamart.OdsSocioMmExample">
		<!-- WARNING - @mbggenerated This element is automatically generated by MyBatis Generator, do not modify. This element was generated on Tue Feb 04 14:23:56 
			COT 2014. -->
		select
		<if test="distinct">
			distinct
		</if>
		<include refid="Base_Column_List" />
		from USER_DM_ODS.ODS_SOCIO_MM
		<if test="_parameter != null">
			<include refid="Example_Where_Clause" />
		</if>
		<if test="orderByClause != null">
			order by ${orderByClause}
		</if>
	</select>
	<delete id="deleteByExample" parameterType="com.cardif.satelite.model.datamart.OdsSocioMmExample">
		<!-- WARNING - @mbggenerated This element is automatically generated by MyBatis Generator, do not modify. This element was generated on Tue Feb 04 14:23:56 
			COT 2014. -->
		delete from USER_DM_ODS.ODS_SOCIO_MM
		<if test="_parameter != null">
			<include refid="Example_Where_Clause" />
		</if>
	</delete>
	<insert id="insert" parameterType="com.cardif.satelite.model.datamart.OdsSocioMm">
		<!-- WARNING - @mbggenerated This element is automatically generated by MyBatis Generator, do not modify. This element was generated on Tue Feb 04 14:23:56 
			COT 2014. -->
		insert into USER_DM_ODS.ODS_SOCIO_MM (COD_SOCIO, NBR_SOCIO, RUC,
		INDUSTRIA, DIR_SOCIO)
		values (#{codSocio,jdbcType=VARCHAR},
		#{nbrSocio,jdbcType=VARCHAR}, #{ruc,jdbcType=VARCHAR},
		#{industria,jdbcType=VARCHAR}, #{dirSocio,jdbcType=VARCHAR})
	</insert>
	<insert id="insertSelective" parameterType="com.cardif.satelite.model.datamart.OdsSocioMm">
		<!-- WARNING - @mbggenerated This element is automatically generated by MyBatis Generator, do not modify. This element was generated on Tue Feb 04 14:23:56 
			COT 2014. -->
		insert into USER_DM_ODS.ODS_SOCIO_MM
		<trim prefix="(" suffix=")" suffixOverrides=",">
			<if test="codSocio != null">
				COD_SOCIO,
			</if>
			<if test="nbrSocio != null">
				NBR_SOCIO,
			</if>
			<if test="ruc != null">
				RUC,
			</if>
			<if test="industria != null">
				INDUSTRIA,
			</if>
			<if test="dirSocio != null">
				DIR_SOCIO,
			</if>
		</trim>
		<trim prefix="values (" suffix=")" suffixOverrides=",">
			<if test="codSocio != null">
				#{codSocio,jdbcType=VARCHAR},
			</if>
			<if test="nbrSocio != null">
				#{nbrSocio,jdbcType=VARCHAR},
			</if>
			<if test="ruc != null">
				#{ruc,jdbcType=VARCHAR},
			</if>
			<if test="industria != null">
				#{industria,jdbcType=VARCHAR},
			</if>
			<if test="dirSocio != null">
				#{dirSocio,jdbcType=VARCHAR},
			</if>
		</trim>
	</insert>
	<select id="countByExample" parameterType="com.cardif.satelite.model.datamart.OdsSocioMmExample" resultType="java.lang.Integer">
		<!-- WARNING - @mbggenerated This element is automatically generated by MyBatis Generator, do not modify. This element was generated on Tue Feb 04 14:23:56 
			COT 2014. -->
		select count(*) from USER_DM_ODS.ODS_SOCIO_MM
		<if test="_parameter != null">
			<include refid="Example_Where_Clause" />
		</if>
	</select>
	<update id="updateByExampleSelective" parameterType="map">
		<!-- WARNING - @mbggenerated This element is automatically generated by MyBatis Generator, do not modify. This element was generated on Tue Feb 04 14:23:56 
			COT 2014. -->
		update USER_DM_ODS.ODS_SOCIO_MM
		<set>
			<if test="record.codSocio != null">
				COD_SOCIO = #{record.codSocio,jdbcType=VARCHAR},
			</if>
			<if test="record.nbrSocio != null">
				NBR_SOCIO = #{record.nbrSocio,jdbcType=VARCHAR},
			</if>
			<if test="record.ruc != null">
				RUC = #{record.ruc,jdbcType=VARCHAR},
			</if>
			<if test="record.industria != null">
				INDUSTRIA = #{record.industria,jdbcType=VARCHAR},
			</if>
			<if test="record.dirSocio != null">
				DIR_SOCIO = #{record.dirSocio,jdbcType=VARCHAR},
			</if>
		</set>
		<if test="_parameter != null">
			<include refid="Update_By_Example_Where_Clause" />
		</if>
	</update>
	<update id="updateByExample" parameterType="map">
		<!-- WARNING - @mbggenerated This element is automatically generated by MyBatis Generator, do not modify. This element was generated on Tue Feb 04 14:23:56 
			COT 2014. -->
		update USER_DM_ODS.ODS_SOCIO_MM
		set COD_SOCIO = #{record.codSocio,jdbcType=VARCHAR},
		NBR_SOCIO = #{record.nbrSocio,jdbcType=VARCHAR},
		RUC =
		#{record.ruc,jdbcType=VARCHAR},
		INDUSTRIA = #{record.industria,jdbcType=VARCHAR},
		DIR_SOCIO = #{record.dirSocio,jdbcType=VARCHAR}
		<if test="_parameter != null">
			<include refid="Update_By_Example_Where_Clause" />
		</if>
	</update>
</mapper>